43.3972,65.4466,0.694052,-3.81381,0.0035618,0.00560913,2.14577e-06,
43.3754,65.4684,-5.32021,0.489445,0.0035618,0.00539938,0.00892901,
43.3972,65.4466,-0.933632,-10.3711,0.0035618,0.00529448,0.0178592,
43.3754,65.4466,-6.14451,-3.61163,0.0035618,0.00560913,0.027003,
43.419,65.4684,9.03617,-4.35387,0.0035618,0.00539938,0.0358772,
43.3972,65.4902,1.44254,8.26381,0.0035618,0.00560913,0.044728,
43.3972,65.4466,1.19884,-8.58986,0.0035618,0.00539938,0.053647,
43.3972,65.4466,2.34281,-2.99447,0.0035618,0.00560913,0.0625391,
43.3972,65.4466,2.02479,-9.00766,0.00361015,0.00520374,0.071413,
43.3972,65.4466,1.21033,-6.7973,0.0035618,0.00550424,0.080302,
43.3972,65.4902,5.39347,10.5051,0.00361015,0.00541349,0.0892022,
43.3972,65.4466,3.23656,-10.0422,0.00361015,0.00530863,0.0980921,
43.3754,65.4684,-6.02452,0.070815,0.0035618,0.00550424,0.106949,
43.3972,65.4466,0.57658,-6.87949,0.0035618,0.00550424,0.115869,
43.3754,65.4466,-4.63007,-1.36434,0.0035618,0.00560913,0.124753,
43.3754,65.4684,-7.01712,3.38803,0.0035618,0.00560913,0.133644,
43.3754,65.4684,-4.43886,6.62772,0.0035618,0.00560913,0.142495,
43.3754,65.4902,-3.93674,15.8038,0.0035618,0.00581889,0.151453,
43.3972,65.4684,0.641393,3.53583,0.0035618,0.00550424,0.160334,
43.3972,65.4902,0.0200435,7.76682,0.0035618,0.00550424,0.169225,
43.3972,65.4466,0.767622,-4.33679,0.0035618,0.00560913,0.178135,
43.3754,65.4466,-8.36394,-5.4777,0.00351333,0.00559521,0.187039,
43.3754,65.4684,-3.71184,-2.87074,0.0035618,0.00539938,0.195942,
43.3972,65.4684,-1.27769,1.84196,0.0035618,0.00550424,0.204832,
43.3754,65.4249,-4.27884,2.32948,0.0035618,0.00581889,0.21368,
43.3972,65.4684,4.07747,1.22515,0.00361015,0.00551838,0.222624,
43.3754,65.4466,-2.94753,-0.728526,0.00361015,0.00562328,0.231531,
43.3972,65.4684,3.34218,8.38445,0.00361015,0.00562328,0.240451,
43.3754,65.4249,-4.4967,-8.563,0.0035618,0.00550424,0.249332,
43.3754,65.4684,-8.88586,8.86365,0.00351333,0.005805,0.258262,
43.3972,65.4684,-1.04852,6.40777,0.0035618,0.00560913,0.267152,
43.3972,65.4466,2.25962,-7.45391,0.0035618,0.00550424,0.276056,
43.419,65.4466,6.20476,-1.01478,0.0035618,0.00571403,0.284917,
43.3972,65.4684,-0.18841,4.56999,0.0035618,0.00550424,0.293857,
43.3972,65.4466,3.45578,-3.6767,0.00361015,0.00551838,0.302751,
43.3754,65.4466,-6.00047,-6.60789,0.0035618,0.00550424,0.311625,
43.3972,65.4466,2.48709,-3.64419,0.0035618,0.00560913,0.320527,
43.3972,65.4466,2.36968,-7.76379,0.0035618,0.00560913,0.329417,
43.419,65.4902,10.4157,11.993,0.00361015,0.00551838,0.338307,
43.3972,65.4466,4.52496,-8.82025,0.00361015,0.00541349,0.347212,
43.3972,65.4902,1.29603,5.17183,0.0035618,0.00550424,0.356066,
43.3754,65.4684,-0.341707,6.28088,0.00361015,0.00551838,0.364937,
43.3972,65.4466,1.51763,-1.34032,0.0035618,0.00550424,0.373862,
43.3754,65.4031,-2.64056,-15.7207,0.00361015,0.00551838,0.382747,
43.3754,65.4466,-0.855137,1.05652,0.00361015,0.00562328,0.391637,
43.3754,65.4684,-7.29445,9.22671,0.00351333,0.005805,0.400541,
43.3972,65.512,2.70549,11.6568,0.00361015,0.00530863,0.409454,
43.3972,65.4466,3.51583,-7.28756,0.00361015,0.00541349,0.418383,
43.3972,65.4902,-1.0554,2.06307,0.00351333,0.00549035,0.427272,
43.3972,65.4902,1.46277,7.30561,0.00361015,0.00541349,0.436193,
43.3972,65.4684,-1.47575,-0.932865,0.0035618,0.00539938,0.445011,
43.3972,65.4902,2.23237,6.75658,0.0035618,0.00550424,0.453915,
43.3972,65.4466,0.0697616,-3.60825,0.0035618,0.00560913,0.462807,
43.3754,65.4902,-6.46365,2.18419,0.0035618,0.00539938,0.471713,
43.419,65.4466,5.93069,-2.98058,0.0035618,0.00560913,0.480603,
43.3754,65.4249,-4.37767,-8.50961,0.0035618,0.00560913,0.489448,
43.3972,65.4466,2.54035,-7.52887,0.00361015,0.00541349,0.498414,
43.3754,65.4684,-4.89726,3.98041,0.0035618,0.00571403,0.507317,
43.3972,65.4466,4.05916,-1.77412,0.00361015,0.00551838,0.516236,
43.3972,65.4466,7.3651,-2.33857,0.00365862,0.00532251,0.525125,
43.3972,65.4466,2.51045,-8.87268,0.0035618,0.00539938,0.534012,
43.3972,65.4466,2.38205,-10.5829,0.0035618,0.00539938,0.542933,
43.3972,65.4902,-0.663976,5.42246,0.0035618,0.00550424,0.551807,
43.3754,65.4684,-5.38671,-0.99392,0.0035618,0.00550424,0.560712,
43.3754,65.4902,-3.54533,9.86323,0.0035618,0.00560913,0.569502,
43.3754,65.4684,-7.37601,9.0777,0.0035618,0.00571403,0.578474,
43.3754,65.4466,-0.611418,-3.49277,0.00361015,0.00551838,0.587361,
43.3754,65.4249,-1.16594,-14.2361,0.00361015,0.00530863,0.596297,
43.3972,65.4249,4.95797,-5.45508,0.00361015,0.00551838,0.605039,
43.3972,65.4466,1.29877,4.7954,0.0035618,0.00571403,0.614054,
43.3754,65.4684,-5.70718,1.30137,0.0035618,0.00550424,0.622947,
43.3972,65.4902,0.964836,9.63184,0.0035618,0.00550424,0.631868,
43.3972,65.4684,0.407604,-3.14559,0.0035618,0.00529448,0.64074,
43.3972,65.4902,-1.89868,8.69456,0.00351333,0.00570011,0.649627,
43.3754,65.4902,-3.90034,7.58301,0.0035618,0.00560913,0.658549,
43.3754,65.4684,-1.26486,7.82058,0.00361015,0.00562328,0.667455,
43.3972,65.4684,1.11248,1.77774,0.0035618,0.00550424,0.676358,
43.3972,65.4684,-1.11528,2.3603,0.0035618,0.00550424,0.685247,
43.3972,65.4684,1.10893,-2.23657,0.0035618,0.00539938,0.694138,
43.419,65.4684,10.7415,0.682121,0.00361015,0.00530863,0.703038,
43.3972,65.4684,3.40357,1.16658,0.00361015,0.00541349,0.711943,
43.3972,65.4902,2.4078,17.5522,0.0035618,0.00581889,0.720847,
43.3972,65.4466,3.57529,-2.04539,0.00361015,0.00551838,0.729743,
43.3972,65.4249,4.68537,-13.0479,0.00361015,0.00541349,0.738689,
43.3972,65.4249,0.146418,-6.52689,0.0035618,0.00560913,0.747613,
43.3754,65.4249,-3.80365,-3.26461,0.0035618,0.00571403,0.756502,
43.3972,65.4902,1.40997,10.2641,0.0035618,0.00560913,0.765309,
43.3972,65.4466,1.95975,-12.6317,0.0035618,0.00529448,0.774279,
43.3972,65.512,1.95304,12.2538,0.0035618,0.00550424,0.783151,
43.3972,65.512,1.2053,17.596,0.0035618,0.00560913,0.792055,
43.3972,65.4684,3.47021,2.08894,0.00361015,0.00541349,0.800944,
43.3972,65.4684,2.39912,-2.10875,0.0035618,0.00539938,0.809901,
43.3754,65.512,-7.20422,9.90252,0.0035618,0.00539938,0.818798,
43.3972,65.4466,0.155153,-4.2969,0.0035618,0.00560913,0.827687,
43.3972,65.4684,5.36609,1.01661,0.00361015,0.00541349,0.836608,
43.3754,65.4684,-1.747,5.7448,0.00361015,0.00562328,0.845464,
43.3972,65.4684,0.3274,5.56353,0.0035618,0.00560913,0.854369,
43.3754,65.4466,-9.54397,-2.12099,0.00351333,0.00570011,0.863261,
43.3972,65.4902,-0.300368,5.65999,0.0035618,0.00539938,0.872166,
43.3754,65.4466,-6.12128,-4.75261,0.0035618,0.00550424,0.881053,
43.3972,65.4684,0.572268,2.53746,0.0035618,0.00560913,0.889992,
43.3754,65.4684,-4.94397,7.34692,0.0035618,0.00560913,0.898895,
43.419,65.4684,7.51365,-0.523277,0.0035618,0.00550424,0.907801,
43.3754,65.4684,0.618567,3.03828,0.00365862,0.00542741,0.916705,
43.3754,65.4902,-2.65355,12.3497,0.00361015,0.00541349,0.925544,
43.3754,65.4684,-4.28077,-0.0051923,0.0035618,0.00560913,0.934499,
43.3972,65.4684,-0.561956,6.41088,0.0035618,0.00560913,0.943356,
43.3972,65.4249,-0.0175611,-8.22343,0.0035618,0.00560913,0.952258,
43.3972,65.4684,2.67255,3.20825,0.0035618,0.00571403,0.961142,
43.3972,65.4249,0.0835171,-15.2132,0.0035618,0.00539938,0.97005,
43.3972,65.4466,0.771734,0.678229,0.0035618,0.00560913,0.978968,
43.3972,65.4466,1.56157,0.375888,0.0035618,0.00571403,0.987827,
43.3972,65.512,-0.333509,21.0654,0.0035618,0.00571403,0.996734,
43.3754,65.4684,-8.78997,-6.99993,0.00351333,0.00549035,1.00562,
43.3754,65.4466,-3.00794,-4.36088,0.00361015,0.00541349,1.01451,
43.3972,65.4684,0.28821,-0.522748,0.0035618,0.00550424,1.02342,
43.3972,65.4684,0.00900657,4.19684,0.0035618,0.00560913,1.03227,
43.3754,65.4466,-1.91183,-3.31671,0.00361015,0.00541349,1.04116,
43.3754,65.4684,-5.80212,-2.79763,0.0035618,0.00539938,1.05005,
43.3754,65.4249,2.08696,-7.32637,0.00365862,0.00542741,1.05897,
43.3754,65.4466,-6.81922,-1.38519,0.0035618,0.00560913,1.06786,
43.3972,65.4466,0.169108,-6.15656,0.0035618,0.00550424,1.07674,
43.3972,65.4902,-2.69857,10.9608,0.00351333,0.00570011,1.08554,
43.3972,65.4684,2.57133,-0.807989,0.00361015,0.00541349,1.09449,
43.3972,65.4684,3.55526,7.30812,0.00361015,0.00562328,1.10336,
43.3972,65.4684,0.111102,2.40469,0.0035618,0.00560913,1.1123,
43.3754,65.4684,-3.83756,2.36956,0.0035618,0.00550424,1.12113,
43.3101,64.9456,-10.8256,-62.3048,0.00370698,0.00722456,1.13011,
43.1576,64.7278,-17.5798,-23.0157,0.0040458,0.00795213,1.13898,
42.8308,64.5317,-49.5307,-15.6458,0.00457828,0.00800161,1.14785,
42.4605,64.0961,-44.1562,-74.4791,0.00544959,0.00772979,1.15674,
42.0684,63.4643,-29.6969,-78.5237,0.00641784,0.00926885,1.16561,
41.6981,62.9633,-48.5169,-54.3095,0.00714397,0.0104232,1.17449,
40.805,61.8959,-100.685,-118.828,0.00903176,0.0113902,1.18337,
40.3258,60.8721,-72.8659,-151.604,0.00995154,0.014069,1.19226,
39.2584,59.7829,-107.448,-135.225,0.0124204,0.0148894,1.2011,
38.5395,58.4106,-120.858,-151.614,0.0137274,0.0189392,1.21003,
37.7771,57.1907,-57.1986,-120.03,0.0158573,0.0211299,1.21894,
37.3414,56.0798,-59.6586,-86.8879,0.0167286,0.0254729,1.22787,
36.8622,55.0777,-40.9847,-117.044,0.0179872,0.0276208,1.23676,
36.5354,54.6203,-29.9839,-49.986,0.0187133,0.02888,1.2456,
36.383,53.8796,-16.9947,-82.7044,0.0190521,0.0316004,1.25456,
36.2087,53.3786,-18.5449,-43.617,0.0194879,0.0335095,1.26346,
35.7295,52.8122,-55.1905,-72.3956,0.0203592,0.0342865,1.27236,
28.6739,52.0063,-164.696,-75.8345,0.036135,0.00866387,1.28122,
28.5432,50.6557,-12.4304,-154.804,0.0365707,0.0138245,1.29013,
28.4778,49.1091,-7.28445,-177.873,0.0366675,0.0208798,1.29899,
28.4561,47.6713,-2.91598,-142.579,0.0367643,0.027935,1.30786,
28.3254,46.1901,-22.2665,-133.326,0.0369096,0.0347945,1.31683,
27.9333,44.7306,-61.1597,-136.631,0.0375873,0.0404449,1.32567,
27.1055,43.4454,-76.0617,-108.851,0.0395236,0.0433136,1.33457,
26.2995,42.1601,-122.994,-111.012,0.0409758,0.0467761,1.3435,
25.6242,40.8531,-48.478,-129.336,0.0429605,0.0493442,1.35233,
24.6222,39.4372,-142.338,-160.567,0.0446548,0.0525622,1.36124,
23.9687,37.9342,-82.4897,-150.019,0.046349,0.0568291,1.37013,
22.9448,36.5836,-89.4619,-126.025,0.0487694,0.058999,1.37903,
22.2696,35.1677,-94.3898,-133.837,0.0500764,0.0632586,1.38786,
21.6161,33.9042,-58.4229,-125.165,0.0517707,0.066162,1.39682,
21.2675,33.0329,-39.0215,-110.868,0.0525936,0.0687079,1.40563,
20.1783,31.9873,-107.743,-125.431,0.0548204,0.0692485,1.41463,
19.3941,30.6367,-120.289,-140.35,0.0562726,0.0730257,1.42354,
18.5664,29.1554,-75.3847,-161.408,0.0584994,0.0756639,1.43244,
17.3683,27.6742,-131.166,-155.714,0.0609197,0.0784631,1.44135,
16.1702,26.0404,-151.092,-197.794,0.0634853,0.0808849,1.45022,
14.8632,24.4938,-184.204,-192.973,0.0661478,0.0834396,1.45908,
13.5998,22.9254,-172.278,-191.792,0.0689554,0.0860365,1.46795,
12.5106,21.4005,-125.948,-183.98,0.0716662,0.0883954,1.47692,
11.16,20.0935,-153.415,-177.078,0.0744739,0.0892092,1.48574,
9.9837,18.8301,-130.56,-152.738,0.0772815,0.0904426,1.49468,
8.80739,17.9805,-108.941,-88.9971,0.0800408,0.0899838,1.50358,
8.95988,20.4638,100.73,564.595,0.0809121,0.085097,1.51249,
15.6256,31.1377,855.988,1326.03,0.0690522,0.060473,1.52135,
24.2954,44.7742,974.773,1571.27,0.0498344,0.0324576,1.53026,
37.6899,56.7986,1635.21,1230.97,0.0188101,0.028069,1.53915,
42.6783,63.595,563.878,761.16,0.00699867,0.0146815,1.54794,
47.7757,71.546,593.449,895.981,-0.00360254,-0.00234093,1.55691,
52.0017,78.6474,445.64,691.772,-0.0139134,-0.0200132,1.56572,
53.8097,80.695,157.266,156.609,-0.019093,-0.0244512,1.57466,
54.3761,80.6079,45.8701,11.519,-0.0207389,-0.0213622,1.58355,
53.7443,80.2812,-106.195,-59.7191,-0.0199643,-0.0222916,1.5924,
52.3066,78.5385,-189.298,-244.219,-0.0172051,-0.0207576,1.60122,
50.7382,75.0096,-208.324,-421.132,-0.0137198,-0.0116713,1.61017,
48.952,71.1757,-214.765,-398.252,-0.00965358,0.000100645,1.6191,
47.4925,68.322,-147.258,-279.472,-0.00587775,0.0075929,1.62796,
46.2944,66.819,-118.723,-139.725,-0.00326371,0.010658,1.63692,
46.0112,66.4269,-32.8087,-6.28097,-0.00239241,0.0122741,1.64575,
45.837,66.4051,-26.3262,-0.962088,-0.00200511,0.0114423,1.65465,
45.9459,66.3833,7.97968,-14.5651,-0.00205358,0.0113235,1.66352,
45.9894,66.4487,4.453,8.03658,-0.00219876,0.0118058,1.6724,
46.0548,66.4487,5.87551,-0.51006,-0.00229558,0.0116728,1.68134,
46.0548,66.4487,-2.98726,-5.57861,-0.00239241,0.0117497,1.69029,
46.033,66.4922,-8.8833,10.5546,-0.00239241,0.0118546,1.6992,
46.033,66.4487,-4.48554,-0.0456672,-0.00234394,0.0119733,1.70808,
46.0766,66.4269,11.2823,-10.3292,-0.00229558,0.0116728,1.71702,
46.033,66.4269,0.348337,-8.37234,-0.00229558,0.0117777,1.72588,
46.0766,66.4487,9.17991,0.90783,-0.00229558,0.0116728,1.7348,
46.0548,66.4705,8.05409,6.16326,-0.00224711,0.0116867,1.74365,
46.0548,66.4051,14.0479,-21.6639,-0.00219876,0.0114911,1.75254,
46.0548,66.4922,2.29032,12.0246,-0.00229558,0.0116728,1.76141,
46.0548,66.4487,-1.85148,-0.00335319,-0.00234394,0.0118685,1.77032,
46.0548,66.4705,0.700192,1.53479,-0.00234394,0.0117636,1.77924,
46.0766,66.4487,10.3299,-7.19706,-0.00229558,0.0116728,1.78811,
46.033,66.4705,-11.9439,0.159884,-0.00239241,0.0118546,1.79698,
46.0548,66.4487,2.30608,-3.06072,-0.00234394,0.0118685,1.80586,
46.0112,66.4922,-11.3248,17.6343,-0.00229558,0.0118826,1.81482,
46.0766,66.4487,6.92409,0.17237,-0.00234394,0.0118685,1.82373,
46.0548,66.4705,-0.167438,5.53569,-0.00234394,0.0118685,1.83257,
46.0766,66.4487,3.82951,-4.03603,-0.00239241,0.0118546,1.84149,
46.0548,66.4705,-0.264576,1.38397,-0.00234394,0.0116587,1.85036,
46.0766,66.4922,7.99272,11.9245,-0.00229558,0.0116728,1.8592,
46.0983,66.4269,11.7308,-10.3341,-0.00234394,0.0118685,1.86805,
46.0766,66.4487,11.4451,1.55513,-0.00229558,0.0118826,1.87701,
46.0548,66.4922,4.56507,8.08239,-0.00229558,0.0116728,1.88589,
46.0548,66.4705,0.516677,4.07253,-0.00234394,0.0118685,1.8948,
46.0766,66.4705,10.7529,-1.42639,-0.00234394,0.0116587,1.90368,
46.0548,66.4487,4.15361,-5.37669,-0.00229558,0.0116728,1.91258,
46.033,66.4705,-6.40337,13.629,-0.00239241,0.0122741,1.92143,
46.0112,66.4922,-13.2264,11.1463,-0.00234394,0.0118685,1.93036,
46.0548,66.4922,0.734907,14.4436,-0.00234394,0.0119733,1.9392,
46.0548,66.4051,3.82968,-11.3967,-0.00229558,0.0117777,1.9481,
46.0548,66.4487,1.64334,-0.351718,-0.00234394,0.0118685,1.95697,
46.033,66.4705,-5.32549,6.48872,-0.00229558,0.0117777,1.96591,
46.0548,66.4705,-0.174886,6.7196,-0.00234394,0.0118685,1.97477,
46.0548,66.4922,0.374807,10.5116,-0.00234394,0.0117636,1.98365,
46.0548,66.4705,-0.758939,2.25368,-0.00234394,0.0118685,1.99254,
46.0766,66.4269,8.77715,-19.8623,-0.00229558,0.0115679,2.00146,
46.0548,66.4705,-0.882796,3.37121,-0.00234394,0.0119733,2.01041,
46.0548,66.4922,0.357208,11.1468,-0.00234394,0.0118685,2.01934,
46.033,66.4269,-8.05041,-6.92996,-0.00239241,0.0120643,2.0282,
46.0548,66.4269,6.24406,-9.79214,-0.00224711,0.0115819,2.0371,
46.0548,66.4487,-0.586087,-1.84912,-0.00239241,0.0120643,2.04596,
46.0766,66.4705,6.51524,3.39442,-0.00234394,0.0117636,2.05484,
46.0766,66.4705,6.71885,-2.597,-0.00234394,0.0116587,2.06372,
46.033,66.4487,-12.0086,-4.32016,-0.00239241,0.0119594,2.07262,
46.0548,66.4487,3.09149,-7.82375,-0.00229558,0.0115679,2.08153,
46.033,66.4487,-4.48387,-7.51056,-0.00234394,0.0116587,2.09044,
46.0766,66.4705,5.6227,-0.622147,-0.00239241,0.0116448,2.09931,
46.0548,66.4705,-2.42768,4.17294,-0.00244076,0.0120502,2.10822,
46.0766,66.4922,6.07905,10.8631,-0.00234394,0.0117636,2.11709,
46.0548,66.4705,-3.22513,0.725697,-0.00239241,0.0118546,2.126,
46.0548,66.4487,-8.1806,1.19118,-0.00244076,0.0121551,2.13488,
46.0548,66.4705,2.42617,3.49755,-0.00229558,0.0116728,2.14377,
45.9677,66.3833,-13.386,-7.55061,-0.00219876,0.0118058,2.15266,
45.7498,66.4269,-11.9506,8.56531,-0.00161793,0.0107157,2.16157,
45.3359,66.4051,-39.8226,9.47411,-0.000891799,0.00945771,2.17047,
44.9003,66.3833,-41.7725,4.12608,2.798e-05,0.00773146,2.17937,
44.5953,66.1001,-41.9083,-30.1454,0.000705757,0.00761314,2.18824,
43.7239,65.9477,-107.747,-16.6344,0.00240002,0.00527238,2.19715,
43.2883,65.5991,-40.1501,-40.7625,0.00365862,0.00427371,2.20605,
42.308,64.706,-127.155,-120.278,0.00540124,0.00456919,2.21496,
41.502,63.3772,-115.948,-200.437,0.00714397,0.0068572,2.22383,
40.0862,61.3949,-153.849,-219.472,0.0100968,0.0111742,2.23274,
38.4742,58.1056,-178.876,-405.4,0.0136305,0.0182819,2.24159,
37.2979,53.3786,-133.664,-542.737,0.0164382,0.0347232,2.25053,
28.761,51.1785,-2070.77,-266.291,0.0205044,0.0398875,2.25941,
27.1926,49.1962,-270.133,-217.546,0.0387006,0.01612,2.26834,
26.0599,47.3882,-176.084,-198.188,0.0413146,0.0201291,2.27722,
25.4282,45.1227,-61.8404,-257.689,0.0432509,0.0265638,2.28615,
24.644,43.8157,-79.3209,-156.308,0.0449936,0.0308447,2.29498,
24.339,43.1404,-24.6928,-103.443,0.045865,0.0325657,2.30389,
24.0558,41.9641,-33.6353,-110.746,0.0464459,0.0373489,2.3128,
23.0538,40.6135,-109.015,-114.858,0.0483822,0.0402176,2.3217,
22.6181,39.5026,-59.9431,-96.9076,0.0494471,0.0439874,2.33053,
21.921,38.4352,-83.8197,-149.301,0.0509478,0.0452615,2.33943,
21.4418,37.6945,-44.1127,-88.015,0.052158,0.0471855,2.3483,
21.0715,36.6925,-50.8965,-86.1063,0.0529809,0.0507803,2.35717,
20.5269,35.9083,-59.4095,-103.004,0.0541427,0.0518512,2.36608,
20.1783,35.233,-35.5705,-60.6675,0.0550624,0.0540057,2.37497,
19.8952,34.6231,-44.7644,-89.9774,0.0555465,0.0555095,2.38387,
19.2634,33.926,-81.0524,-66.0295,0.0569019,0.0568463,2.39276,
18.5664,32.7497,-58.4792,-160.359,0.0585478,0.0582673,2.40157,
17.6079,31.508,-109.308,-156.614,0.0604841,0.0608213,2.41054,
16.9326,30.2882,-83.8565,-155.613,0.0619847,0.0635637,2.41946,
15.9306,29.0029,-87.1872,-160.122,0.0643567,0.0653001,2.42836,
15.0157,27.6959,-124.013,-147.671,0.0660994,0.0685322,2.43725,
14.2097,26.3454,-81.2775,-158.658,0.0680841,0.0711003,2.44621,
13.2512,25.0166,-86.304,-130.438,0.0703592,0.0738574,2.45509,
12.8155,23.7749,-55.8823,-124.923,0.071279,0.0780046,2.464,
12.2056,22.555,-70.7502,-121.908,0.0725376,0.0816208,2.47286,
11.8135,21.3352,-42.7941,-131.327,0.0735541,0.0856913,2.4818,
11.5085,19.9628,-40.0517,-160.122,0.0742318,0.0906074,2.49067,
10.8333,18.8954,-89.9421,-133.754,0.0754904,0.0935943,2.49954,
10.1144,18.2201,-76.7872,-93.5703,0.0772331,0.0936799,2.50839,
9.33019,17.2399,-98.4837,-104.327,0.0788306,0.0955065,2.51735,
8.82918,16.5428,-60.8764,-92.8119,0.0800892,0.0966054,2.52625,
8.32816,15.715,-68.63,-77.264,0.0812025,0.0987112,2.53514,
7.63109,14.8437,-72.2248,-103.848,0.0827516,0.0997895,2.54404,
7.17364,13.9506,-60.9027,-93.696,0.0838166,0.102196,2.55293,
6.60727,12.8396,-55.7506,-112.519,0.0851236,0.104987,2.5618,
6.19338,11.4019,-40.7514,-157.232,0.0860917,0.109568,2.57073,
5.71414,10.0078,-64.87,-148.906,0.0869631,0.114855,2.57961,
5.06064,8.43938,-63.5467,-186.283,0.0885605,0.118779,2.58852,
4.55962,7.00167,-52.9486,-163.626,0.0896255,0.124122,2.5974,
4.1893,5.36791,-47.3659,-175.626,0.0904968,0.130143,2.60627,
3.84077,3.82129,-35.2034,-172.991,0.0913682,0.136059,2.61514,
3.5358,2.25288,-32.0164,-169.899,0.0919974,0.142535,2.6241,
3.16548,0.68447,-47.747,-180.316,0.0927236,0.148514,2.63299,
2.70803,-0.600749,-58.1848,-142.794,0.0937401,0.153214,2.64188,
2.22879,-1.92954,-63.2231,-142.761,0.0947083,0.15769,2.65076,
1.83669,-3.21476,-44.065,-149.849,0.0957732,0.161669,2.65967,
1.37924,-4.39107,-63.1745,-97.0066,0.0966446,0.166851,2.66857,
0.943571,-5.06636,-47.4388,-72.5599,0.097758,0.167698,2.67747,
0.398984,-5.43667,-62.3947,-24.0992,0.0988229,0.168007,2.68635,
-0.232733,-5.54559,-71.9936,-11.5366,0.100227,0.165897,2.69524,
-0.755538,-5.65451,-63.9488,-3.04264,0.101389,0.164346,2.70412,
-1.23477,-5.71986,-48.7001,-9.66606,0.102599,0.162179,2.71302,
-1.67044,-5.74164,-44.8095,11.5505,0.103518,0.161082,2.72188,
-2.19324,-5.82877,-60.7086,-6.90777,0.104583,0.159188,2.73077,
-2.80318,-5.78521,-72.0032,18.5817,0.105939,0.156749,2.73968,
-3.47847,-5.80699,-84.9035,13.5623,0.107343,0.15422,2.74861,
-4.26267,-5.9377,-91.2013,-10.6836,0.109037,0.151354,2.75746,
-5.04687,-5.91591,-95.0213,4.63507,0.110828,0.147993,2.76637,
-5.91821,-5.95947,-93.5759,-7.12002,0.112764,0.144359,2.77527,
-6.74598,-5.89412,-94.0117,5.13072,0.114604,0.140802,2.78419,
-7.3777,-5.87234,-60.0666,-0.616122,0.116201,0.137489,2.79308,
-8.00942,-5.87234,-64.3597,-7.69238,0.117557,0.134945,2.8019,
-8.53223,-5.87234,-46.0672,-12.5027,0.118815,0.132478,2.81082,
-8.88076,-5.78521,-30.8162,8.05797,0.119638,0.130829,2.81973,
-9.33821,-5.82877,-48.3278,-11.5939,0.120558,0.128893,2.82865,
-9.59962,-5.85056,-22.9616,0.0124082,0.121284,0.128054,2.83754,
-9.7521,-5.85056,-14.4979,0.383939,0.121623,0.127418,2.84644,
-9.96993,-5.89412,-25.4455,-19.1913,0.122059,0.126391,2.85527,
-10.2749,-5.82877,-38.7284,-0.201391,0.122639,0.125301,2.86417,
-10.667,-5.71986,-24.5681,22.1912,0.123704,0.123092,2.87305,
-7.55197,-0.949285,517.69,802.101,0.119396,0.116914,2.88197,
0.224719,10.3563,917.527,1261.6,0.103276,0.094726,2.89085,
8.17567,23.0778,868.528,1378.35,0.085172,0.0678724,2.89974,
14.7543,33.4468,712.9,1111.79,0.0699236,0.0444687,2.90868,
21.3329,43.6414,771.241,1213.49,0.0558369,0.0236043,2.91754,
36.1434,56.4065,2824.31,1515.68,0.0384102,-0.00273824,2.92648,
45.3142,70.1736,1066.83,1509.44,0.0031745,-0.00373275,2.93536,
52.7641,81.1525,746.697,1130.2,-0.0146879,-0.0269503,2.94427,
57.0337,93.2618,423.569,982.576,-0.0252407,-0.0705879,2.95313,
59.4516,95.7451,239.048,259.144,-0.0313401,-0.0728802,2.96204,
59.713,96.2462,-23.5578,-21.7828,-0.032986,-0.0748255,2.97091,
58.6892,82.0892,-164.586,-1911.54,-0.0312918,-0.0183378,2.97984,
55.9227,71.3935,-306.768,-1281.97,-0.0254829,0.0204746,2.98872,
53.7008,61.8088,-229.512,-1050.06,-0.0202548,0.0591186,2.99761,
51.8927,56.9947,-205.31,-446.325,-0.0160433,0.0801622,3.00649,
50.0194,54.0539,-204.031,-293.261,-0.0117835,0.0866412,3.0154,
47.7103,51.8756,-255.242,-179.004,-0.00708789,0.0902047,3.02434,
46.1637,50.3943,-164.754,-123.091,-0.00302171,0.0897053,3.0333,
45.0092,49.7408,-156.197,22.3086,-0.000601324,0.0899873,3.04216,
44.2468,52.0716,-88.3326,287.748,0.00133494,0.0769138,3.05109,
43.6586,55.5134,-65.544,393.935,0.00269037,0.058113,3.05998,
43.4408,58.9552,-31.8943,394.12,0.00331968,0.0409897,3.06888,
43.3319,62.1573,-9.02971,361.978,0.00370698,0.0237961,3.07773,
43.3319,65.207,0.871095,322.607,0.00370698,0.0089027,3.08667,
43.2665,67.4943,-11.458,247.892,0.00375533,-0.0028301,3.09558,
43.3319,68.7577,2.70834,119.778,0.00370698,-0.0098714,3.10447,
43.3319,68.8231,-1.83652,4.89618,0.00370698,-0.0109202,3.11332,
43.3319,68.8013,2.1189,-5.09097,0.00375533,-0.011011,3.12225,
43.3101,68.8013,-8.73067,-2.82676,0.00370698,-0.0108153,3.13113,
43.3536,68.7795,-0.291356,-9.64115,0.00365862,-0.0108295,3.14002,
43.3536,68.8013,-2.31372,-0.298819,0.00365862,-0.0107246,3.14888,
43.3754,68.8013,4.12835,-2.67151,0.00365862,-0.0108295,3.15782,
43.3754,68.7795,1.65737,-7.74828,0.00361015,-0.0106336,3.1667,
43.3754,68.7577,-2.22537,-17.0511,0.0035618,-0.0106478,3.17561,
43.3754,68.7795,-0.0695428,-3.57088,0.00361015,-0.0105288,3.1845,
43.3754,68.8013,-0.00217321,-1.62958,0.00361015,-0.0107385,3.1934,
43.3536,68.8231,-7.67254,9.14988,0.00361015,-0.0105288,3.20229,
43.3536,68.8013,-7.88705,1.04006,0.00361015,-0.0105288,3.21121,
43.3754,68.8013,-2.94056,0.410566,0.0035618,-0.0105429,3.2201,
43.3754,68.8231,-0.0918924,4.28403,0.00361015,-0.0107385,3.22903,
43.3754,68.8013,-0.38692,0.895331,0.00361015,-0.0106336,3.23798,
43.3754,68.8013,3.79251,-2.24048,0.00365862,-0.0108295,3.24687,
43.3536,68.7795,-4.86289,-9.61767,0.00361015,-0.0107385,3.25574,
43.3754,68.8013,0.616532,-2.96811,0.00361015,-0.0107385,3.26463,
43.3754,68.8013,-2.68322,-1.25585,0.0035618,-0.0106478,3.2735,
43.3536,68.8013,-3.15784,1.10889,0.00365862,-0.0107246,3.28245,
43.3754,68.8013,2.19079,-3.42551,0.00361015,-0.0107385,3.29133,
43.3754,68.8231,-0.313102,4.48904,0.00361015,-0.0107385,3.30023,
43.3536,68.8013,-4.61384,4.35662,0.00361015,-0.0105288,3.30907,
43.3972,68.8013,7.10568,-1.76505,0.00361015,-0.0107385,3.31803,
43.3754,68.8013,-0.162099,0.321614,0.00361015,-0.0106336,3.32695,
43.3754,68.8231,-1.92449,7.66851,0.00361015,-0.0106336,3.33587,
43.3972,68.8013,9.14986,5.22541,0.00365862,-0.0106197,3.34469,
43.3536,68.8231,-7.00954,3.61925,0.00361015,-0.0107385,3.35361,
43.3754,68.7577,0.54772,-13.246,0.00361015,-0.0106336,3.36253,
43.3972,68.8013,3.07306,3.41617,0.0035618,-0.010438,3.37144,
43.3972,68.7795,11.9739,-8.71504,0.00365862,-0.0108295,3.38034,
43.3754,68.8013,1.13542,-2.55923,0.00361015,-0.0107385,3.38916,
43.3754,68.7577,0.807429,-13.4729,0.00361015,-0.0106336,3.39811,
43.3972,68.8013,6.52163,7.20216,0.00361015,-0.0104239,3.40698,
43.3754,68.8231,-0.559757,6.35843,0.00361015,-0.0106336,3.41591,
43.3754,68.7795,-3.50813,-5.15565,0.0035618,-0.0105429,3.42483,
43.3536,68.8013,-5.48955,0.222316,0.00361015,-0.0106336,3.43368,
43.3972,68.8231,9.38348,3.83464,0.00365862,-0.0108295,3.44261,
43.3972,68.8013,1.84471,-5.29564,0.0035618,-0.0107527,3.45153,
43.3536,68.8013,-6.83661,-5.90379,0.00361015,-0.0107385,3.46045,
43.3972,68.8013,2.45524,-0.938035,0.0035618,-0.0105429,3.46934,
43.3754,68.8013,0.846276,-1.18947,0.00361015,-0.0106336,3.47826,
43.3754,68.8231,0.791915,6.09964,0.00361015,-0.0106336,3.48714,
43.3536,68.7795,-6.1094,-12.4379,0.00361015,-0.0107385,3.49604,
43.3536,68.8013,-8.23924,-3.45591,0.00361015,-0.0107385,3.50494,
43.3754,68.8013,-4.85378,-0.518749,0.0035618,-0.0105429,3.51384,
43.3754,68.8231,-0.533031,3.81733,0.00361015,-0.0107385,3.52274,
43.3972,68.8013,8.38626,-2.18072,0.00365862,-0.0107246,3.53163,
43.3754,68.8013,1.02037,-1.21578,0.00361015,-0.0106336,3.5405,
43.3972,68.7795,10.3495,-2.31571,0.00365862,-0.0107246,3.54939,
43.3972,68.8013,5.2822,0.692341,0.00361015,-0.0106336,3.55831,
43.3972,68.8013,5.89626,-1.52032,0.00361015,-0.0106336,3.56721,
43.3972,68.8231,5.54249,0.326559,0.00361015,-0.0108434,3.57615,
43.3754,68.8231,-1.71635,6.57623,0.00361015,-0.0105288,3.58499,
43.3754,68.8013,-2.34774,-5.55726,0.00361015,-0.0107385,3.59387,
43.3754,68.8013,-5.42987,0.616829,0.0035618,-0.0105429,3.60274,
43.3972,68.8013,3.67435,0.425967,0.00361015,-0.0105288,3.6116,
43.3754,68.8231,-3.32849,4.98901,0.0035618,-0.0105429,3.62052,
43.3754,68.8013,-1.25366,-0.586681,0.00361015,-0.0106336,3.62941,
43.3754,68.7795,-0.798865,-11.1122,0.00361015,-0.0107385,3.63832,
43.3754,68.8231,1.96695,5.86239,0.00365862,-0.0107246,3.64719,
43.3972,68.7795,7.70522,-11.6322,0.00361015,-0.0108434,3.6561,
43.3972,68.8013,5.98791,0.786137,0.00361015,-0.0106336,3.66498,
43.2665,68.7577,-23.0322,-5.72467,0.00370698,-0.0106056,3.67388,
43.0051,68.6052,0.473458,11.7093,0.00457828,-0.0112969,3.68278,
42.9398,68.8231,-17.5688,33.6882,0.00438463,-0.0117725,3.69168,
42.8526,68.9756,-0.15968,11.7742,0.00482041,-0.0137441,3.70056,
42.9615,68.9973,15.2754,-0.388273,0.00462676,-0.0135904,3.7094,
43.0705,68.9973,8.93279,-1.91742,0.00433628,-0.0129404,3.71835,
43.114,69.0409,-0.781164,8.74013,0.00409428,-0.0125911,3.72727,
43.0922,68.932,2.67061,-5.08042,0.00428781,-0.0125348,3.73616,
43.0051,68.8231,-6.04633,-13.1521,0.00443311,-0.0124928,3.74501,
42.8526,68.7142,-12.0685,-11.9573,0.00472358,-0.0123038,3.75389,
42.5694,68.4745,-45.5315,-42.4513,0.00511076,-0.012506,3.76276,
42.1555,68.0824,-46.4592,-46.3997,0.00612737,-0.0122115,3.77167,
41.8942,67.5596,-35.4713,-52.7299,0.0067082,-0.0108893,3.78062,
41.0446,67.015,-121.148,-69.173,0.00825728,-0.0114892,3.78942,
40.304,66.2962,-87.9791,-79.503,0.01,-0.0111939,3.79837,
39.1059,65.3813,-100.114,-134.968,0.0128076,-0.0130021,3.80725,
37.7988,63.7911,-128.664,-191.313,0.0157121,-0.0112163,3.81615,
36.4483,61.9395,-168.988,-236.717,0.0183745,-0.00761274,3.8251,
28.7392,59.7612,-1098.89,-264.464,0.0354089,-0.0290948,3.834,
28.3471,54.7074,-68.4266,-648.755,0.0368127,-0.0112773,3.84288,
26.9748,52.028,-106.764,-372.443,0.0398624,-0.00200265,3.85177,
25.7767,49.0001,-132.863,-327.772,0.0422828,0.00960678,3.86066,
25.2321,46.0158,-82.5488,-303.982,0.0435414,0.0220331,3.86952,
24.339,43.2057,-86.1663,-272.492,0.0456229,0.032076,3.87847,
23.6637,40.8096,-102.974,-258.288,0.0468815,0.0410412,3.88736,
22.8577,39.0015,-66.1093,-182.972,0.0490115,0.0462734,3.89625,
21.8992,37.346,-126.453,-175.108,0.0508025,0.0505684,3.9051,
21.0933,35.8647,-94.1423,-170.578,0.0526904,0.0541572,3.91402,
19.9823,34.4488,-99.4059,-176.454,0.055256,0.0560546,3.92293,
18.7842,32.9893,-137.456,-178.567,0.0578217,0.0583715,3.93185,
17.7168,31.2466,-152.749,-209.9,0.0599516,0.0625549,3.94073,
16.6494,29.5257,-138.943,-179.799,0.0623236,0.0670182,3.94958,
15.582,27.8484,-103.413,-175.799,0.064986,0.0698876,3.95851,
14.3622,26.1275,-113.064,-183.057,0.0676968,0.0729808,3.96738,
13.1205,24.5156,-126.415,-173.78,0.0704076,0.0759691,3.97631,
12.0096,22.6857,-122.659,-206.084,0.0729248,0.0796354,3.98519,
10.964,20.6599,-129.087,-230.114,0.0751032,0.0848817,3.99412,
9.9837,18.8301,-107.241,-209.36,0.0773783,0.0896316,4.00297,
8.85096,17.3052,-107.781,-182.24,0.0799923,0.0923821,4.0118,
7.63109,15.9111,-134.684,-154.233,0.082558,0.094699,4.02069,
6.34586,14.7348,-156.259,-139.675,0.0852688,0.095275,4.02958,
5.10421,13.6021,-154.177,-132.276,0.0879796,0.095746,4.03853,
3.88434,12.3168,-140.969,-155.242,0.0907873,0.0962452,4.04743,
2.81695,10.9227,-126.871,-172.989,0.0931592,0.0982962,4.05632,
1.68421,9.55033,-117.113,-146.32,0.0958216,0.100431,4.06513,
0.529686,8.30868,-120.381,-135.471,0.0984357,0.101609,4.0741,
-0.71197,7.08881,-135.422,-144.662,0.101098,0.102171,4.083,
-1.91006,5.93428,-144.8,-142.8,0.103664,0.103019,4.0919,
-2.9121,4.64906,-114.303,-151.597,0.106084,0.104665,4.10089,
-3.89235,3.45097,-94.9397,-131.989,0.108311,0.106464,4.10992,
-4.91617,2.16575,-105.794,-140.307,0.110538,0.108263,4.11876,
-5.89643,0.967657,-121.148,-136.717,0.112571,0.110216,4.12766,
-6.83312,-0.143297,-102.468,-128.679,0.114797,0.111595,4.13654,
-7.81337,-1.25425,-103.861,-123.077,0.116976,0.113066,4.14538,
-8.83719,-2.34343,-121.499,-138.62,0.119154,0.113697,4.15427,
-9.68675,-3.36725,-96.7925,-110.004,0.121139,0.115321,4.16314,
-10.6888,-4.30393,-112.371,-75.2428,0.123317,0.116477,4.17201,
-11.7344,-4.95744,-116.437,-88.38,0.125689,0.114543,4.18087,
-12.7364,-5.45846,-121.273,-44.7058,0.127771,0.113678,4.18971,
-13.8038,-5.58916,-118.343,-14.0035,0.130191,0.109869,4.19868,
-14.8494,-5.74164,-110.113,-3.92064,0.132611,0.10627,4.20756,
-15.8297,-5.80699,-111.116,-2.80424,0.134741,0.102483,4.21647,
-16.6139,-5.74164,-81.6016,9.82775,0.136629,0.0988346,4.22529,
-13.6513,-0.86215,473.84,879.671,0.13266,0.0927546,4.23425,
-6.0707,10.9009,884.646,1372.55,0.117024,0.06798,4.24318,
2.01096,23.6224,878.225,1405.43,0.0988229,0.0399446,4.25206,
8.98166,33.926,772.886,1133.6,0.0829452,0.0177221,4.26091,
16.5623,44.6435,882.377,1283.3,0.0667771,-0.00143826,4.26973,
25.9074,57.3432,1070.25,1475.57,0.0466879,-0.0234132,4.27874,
42.308,70.0212,1321.27,1412.43,0.0101935,-0.0168013,4.28757,
50.7165,81.1525,892.393,1170.66,-0.0093631,-0.0364195,4.29652,
56.3801,95.0045,569.211,958.189,-0.0232561,-0.0810251,4.30538,
59.7783,99.0998,337.328,439.318,-0.0317274,-0.0865224,4.31429,
60.9329,100.167,77.6217,-12.0127,-0.0352611,-0.0900638,4.32317,
60.4972,93.1529,-102.036,-899.089,-0.0350676,-0.0636818,4.33205,
58.2971,75.772,-261.228,-1475.67,-0.0306625,0.00932403,4.34099,
55.3127,65.1417,-342.984,-1159.78,-0.0242726,0.049878,4.34986,
51.6314,57.1471,-434.487,-825.504,-0.0166243,0.0770572,4.35873,
48.1896,51.9191,-375.107,-548.065,-0.00844332,0.0885532,4.36764,
45.1835,48.7387,-334.13,-315.848,-0.00185993,0.0943422,4.37653,
43.2447,46.0594,-167.303,-231.356,0.00365862,0.09741,4.38539,
41.8288,45.4059,-106.256,21.1275,0.00680502,0.0966441,4.39435,
40.5436,47.606,-77.5702,295.408,0.00975789,0.083131,4.40326,
39.9336,50.6557,-80.9996,385.328,0.0109197,0.0665815,4.41211,
39.5198,54.0539,-30.1826,387.598,0.0121783,0.0471234,4.42102,
39.7594,57.8224,38.1235,438.446,0.0118394,0.0305585,4.42989,
40.3911,61.6999,69.2937,469.759,0.0105325,0.0149715,4.43878,
40.6525,64.8149,22.0797,344.985,0.00970954,-5.55375e-05,4.44769,
40.9139,66.514,22.5035,166.126,0.00912858,-0.00850957,4.45659,
41.2189,67.1457,36.2891,47.656,0.00859611,-0.0116007,4.46549,
41.4149,67.1022,29.0735,-9.97774,0.0081121,-0.0112167,4.47441,
41.502,67.1022,10.7652,-10.2974,0.00782163,-0.0105666,4.48332,
41.502,67.1022,-8.06737,-2.59263,0.0077248,-0.0102801,4.49222,
41.502,67.1022,5.11105,-6.20564,0.00786998,-0.0105525,4.50115,
41.4803,67.0804,2.84355,-14.3512,0.00786998,-0.0105525,4.51005,
41.502,67.1457,5.81214,5.66842,0.00782163,-0.0104618,4.51894,
41.4803,67.124,-8.60079,8.98573,0.0077248,-0.0101752,4.52786,
41.502,67.124,3.17191,2.6056,0.00786998,-0.0104476,4.5367,
41.502,67.1022,12.3136,-1.44847,0.00791845,-0.0105386,4.5456,
41.502,67.1022,8.40712,-7.3483,0.00782163,-0.0105666,4.55449,
41.4803,67.0804,-5.07679,-15.5438,0.00777327,-0.0104759,4.5634,
41.4803,67.124,-10.4868,3.71737,0.0077248,-0.0101752,4.57226,
41.4803,67.0804,-4.17167,-11.3385,0.00782163,-0.0104618,4.5812,
41.4585,67.124,-14.3177,3.10981,0.0077248,-0.0101752,4.5901,
41.5238,67.1022,12.2093,-6.81502,0.00782163,-0.0104618,4.59898,
41.5238,67.124,12.6507,3.61055,0.00782163,-0.0104618,4.60787,
41.4803,67.124,-4.20551,-0.649727,0.00777327,-0.010371,4.61676,
41.502,67.124,2.64946,6.53784,0.00786998,-0.0103427,4.62565,
41.5238,67.1022,11.9537,-12.0373,0.00782163,-0.0106715,4.63455,
41.4585,67.124,-6.14049,-2.27812,0.00782163,-0.0104618,4.64339,
41.502,67.1022,2.48864,-4.65428,0.00777327,-0.010371,4.6523,
41.5456,67.1457,23.4438,9.83483,0.00786998,-0.0103427,4.66122,
41.4585,67.1022,-4.62014,-1.65439,0.00786998,-0.0103427,4.67012,
41.5238,67.0804,1.7688,-11.9485,0.0077248,-0.0102801,4.67903,
41.502,67.1022,-0.476477,-7.90996,0.00782163,-0.0104618,4.68798,
41.4803,67.124,-1.07801,2.35179,0.00777327,-0.0102661,4.69689,
41.5238,67.124,11.0303,-3.35848,0.00782163,-0.0105666,4.70571,
41.5238,67.124,6.86614,-6.62049,0.00777327,-0.0104759,4.71471,
41.5456,67.1022,14.0235,-5.9549,0.00782163,-0.0105666,4.72362,
41.4803,67.1022,-1.08941,-0.186091,0.00782163,-0.0103569,4.73252,
41.4803,67.1022,-1.55737,-5.3656,0.00777327,-0.010371,4.74139,
41.4803,67.1457,-5.94345,9.08985,0.0077248,-0.0102801,4.7503,
41.502,67.1022,3.2258,0.675042,0.00782163,-0.0103569,4.7592,
41.4803,67.1022,-0.295062,-4.17575,0.00777327,-0.0102661,4.76811,
41.502,67.124,2.29082,6.33375,0.00777327,-0.0102661,4.77701,
41.4803,67.124,-11.003,1.35473,0.00777327,-0.010371,4.78586,
41.5238,67.0804,14.1896,-5.3181,0.00786998,-0.0103427,4.79481,
41.4585,67.1022,-15.2834,-6.65449,0.0077248,-0.0102801,4.80364,
41.502,67.1022,-0.0168962,-10.8622,0.00777327,-0.0104759,4.81247,
41.5238,67.124,12.3041,0.0376816,0.00786998,-0.0105525,4.82137,
41.4803,67.1675,-5.23309,14.1568,0.00777327,-0.0102661,4.83036,
41.4803,67.124,-6.24938,-6.81565,0.00782163,-0.0105666,4.83925,
41.4803,67.1022,-4.02168,-5.57939,0.00777327,-0.0102661,4.84815,
41.4803,67.0804,-5.88892,-12.4327,0.00777327,-0.010371,4.85701,
41.4585,67.124,-12.7628,-5.35394,0.0077248,-0.0103849,4.86592,
41.502,67.124,-3.86537,-6.71019,0.0077248,-0.0104898,4.87481,
41.5238,67.124,6.76949,3.96692,0.00777327,-0.0102661,4.88372,
41.502,67.1675,4.05182,16.2355,0.00782163,-0.0103569,4.89261,
41.502,67.1457,-8.4178,6.59171,0.00767645,-0.0101893,4.90155,
41.502,67.124,-6.77773,-2.46975,0.00767645,-0.0101893,4.91047,
41.502,67.1022,3.6069,-0.459438,0.00782163,-0.0103569,4.91936,
41.5238,67.124,4.72463,5.73867,0.00777327,-0.0102661,4.92826,
41.502,67.124,-5.1741,0.55913,0.00767645,-0.0101893,4.93715,
41.4803,67.1022,-12.0125,-1.88648,0.0077248,-0.0101752,4.94606,
41.5238,67.0804,4.58915,-6.19739,0.00777327,-0.0101612,4.95498,
41.4585,67.124,-12.0918,1.72765,0.00777327,-0.010371,4.96387,
41.4803,67.124,-0.381732,5.78165,0.00782163,-0.0103569,4.97279,
41.4803,67.1022,-11.5319,-3.28164,0.00767645,-0.0101893,4.98167,
41.502,67.124,-1.89756,-3.51181,0.00777327,-0.0105808,4.9906,
41.502,67.0804,3.39433,-12.0167,0.00782163,-0.0104618,4.99947,
41.5456,67.1457,4.70254,3.45126,0.00767645,-0.0102942,5.00839,
41.5238,67.124,10.1155,-1.82125,0.00782163,-0.0105666,5.01727,
41.5238,67.124,6.4337,-2.33746,0.00777327,-0.0104759,5.0262,
41.4585,67.1022,-13.9885,-3.52887,0.00777327,-0.010371,5.03514,
41.5238,67.124,8.33832,-4.67062,0.00782163,-0.0106715,5.04401,
41.502,67.0804,-2.79416,-12.8168,0.00777327,-0.010371,5.05284,
41.5238,67.0804,4.89603,-6.53999,0.0077248,-0.0101752,5.06174,
41.5456,67.1022,8.19438,-4.03035,0.0077248,-0.0101752,5.07067,
41.4803,67.1022,-3.94842,-9.29994,0.00782163,-0.0105666,5.07961,
41.502,67.124,2.1842,0.0924961,0.00782163,-0.0104618,5.08848,
40.8921,66.2962,-152.118,-172.569,0.0081121,-0.00911902,5.09737,
39.193,64.5099,-173.031,-205.907,0.0124688,-0.00796105,5.10625,
38.2127,63.704,-132.03,-112.34,0.0146471,-0.00795903,5.11515,
37.4068,62.7891,-99.1386,-125.735,0.0163414,-0.0069435,5.12404,
36.383,61.1117,-62.8121,-187.25,0.0190521,-0.00447944,5.13293,
29.0442,59.478,-1941.47,-179.738,0.0205529,0.000675094,5.14182,
28.4561,57.9749,-107.79,-200.527,0.0366191,-0.0225559,5.15073,
27.6936,56.0362,-116.71,-230.02,0.0379261,-0.0152548,5.15961,
27.1055,53.139,-33.8787,-325.066,0.0397656,-0.00570164,5.16851,
26.7787,49.6101,-40.4883,-413.313,0.0402981,0.00913637,5.1774,
26.147,46.1465,-67.8554,-389.595,0.0417019,0.0238074,5.18627,
25.5589,42.6176,-65.0967,-401.486,0.0429121,0.0381076,5.1952,
24.4043,39.3936,-141.445,-372.126,0.0452357,0.0494792,5.20406,
23.3587,36.54,-167.494,-320.537,0.0472688,0.0600324,5.21291,
22.1389,34.6013,-165.145,-206.684,0.0499796,0.0651184,5.22181,
20.8319,33.0111,-158.988,-175.474,0.0528841,0.0676384,5.23076,
19.6773,31.4863,-119.499,-186.287,0.0557401,0.0695151,5.23965,
18.5664,30.0703,-91.9371,-175.125,0.0584509,0.0712448,5.24851,
17.5861,28.9594,-113.23,-145.674,0.0605325,0.0728969,5.25739,
16.9326,28.0009,-82.4529,-105.306,0.0619847,0.0752058,5.2663,
15.9959,26.8682,-86.0448,-129.976,0.0642115,0.0763756,5.27519,
15.1899,25.5176,-111.074,-150.74,0.0657605,0.080076,5.28409,
14.3622,24.1017,-79.6328,-157.824,0.0677936,0.0828678,5.29298,
13.2076,22.664,-131.238,-158.596,0.0701172,0.0854293,5.30186,
11.9224,21.1391,-159.561,-170.435,0.0729248,0.0873968,5.31077,
10.6808,19.4182,-164.415,-193.165,0.0755873,0.0902661,5.31966,
9.35198,17.6538,-167.742,-200.037,0.0784917,0.0933106,5.32857,
7.89249,15.9547,-177.659,-190.058,0.0816866,0.095705,5.33749,
6.52013,14.3427,-170.76,-192.96,0.0847847,0.0975469,5.34639,
5.23491,12.8396,-150.85,-166.991,0.087786,0.0994657,5.35522,
3.84077,11.3584,-160.08,-152.176,0.0908357,0.101084,5.36411,
2.40306,9.5939,-174.896,-191.28,0.0939338,0.10324,5.37295,
0.943571,8.04727,-169.512,-161.643,0.0971771,0.10502,5.38187,
0.355419,9.26715,-6.41211,370.512,0.0994522,0.102008,5.39075,
5.9102,18.6994,739.344,1208.88,0.0902064,0.0801346,5.39966,
14.1226,30.8981,923.627,1413.12,0.0721987,0.0557213,5.40856,
21.3982,42.8136,767.169,1253.75,0.0553045,0.0274355,5.41738,
27.0401,51.3745,642.183,954.798,0.0424764,0.00850917,5.42627,
39.7158,60.6543,976.113,1074.29,0.0148408,0.017269,5.43522,
47.1222,71.1321,837.095,1178.54,-0.0015211,-0.00215696,5.44409,
53.1562,79.7148,626.651,853.145,-0.0158013,-0.0203506,5.453,
55.8355,83.0041,250.365,258.604,-0.0233045,-0.0273501,5.46189,
56.7722,83.3308,99.7596,13.813,-0.02587,-0.0253669,5.47076,
56.2712,83.1348,-111.758,-46.1202,-0.0257249,-0.0252198,5.47973,
54.7028,81.0218,-193.438,-317.938,-0.0224332,-0.0236363,5.48867,
52.5463,75.9463,-258.64,-562.868,-0.0178344,-0.00971746,5.49757,
50.1719,71.0668,-237.257,-511.691,-0.0122191,0.00418154,5.50653,
47.645,66.8626,-291.515,-415.85,-0.00713636,0.0158285,5.51546,
45.8152,64.1832,-172.358,-235.232,-0.00234394,0.021308,5.52442,
44.7042,63.1376,-72.398,-55.3136,0.000512106,0.0223456,5.53335,
43.92,63.1376,-94.7253,-7.4282,0.00201272,0.0195292,5.54233,
43.5933,63.1594,-31.8892,-0.610669,0.00302932,0.0176213,5.55126,
43.5497,63.1812,-8.59755,4.92593,0.0031745,0.0173488,5.56022,
43.419,63.5079,-10.1587,59.9514,0.00351333,0.0157689,5.56912,
43.4408,64.4228,3.48857,103.435,0.00346497,0.0115594,5.57811,
43.4408,64.4882,-3.71405,4.37642,0.0034165,0.0104967,5.58704,
43.4408,64.4664,2.54784,0.899805,0.00346497,0.0105106,5.59598,
43.4626,64.4446,4.30933,-1.49362,0.00346497,0.0106155,5.60489,
43.4626,64.4664,-0.219728,-0.0447377,0.00336815,0.0106923,5.61384,
43.4843,64.4664,3.78023,1.94094,0.00336815,0.0107972,5.62278,
43.4626,64.4664,-2.90573,8.79667,0.00336815,0.0109021,5.63173,
43.4843,64.4446,9.44804,-6.20914,0.00346497,0.0105106,5.64067,
43.4626,64.4446,-4.64717,-4.37348,0.00336815,0.0106923,5.64963,
43.4626,64.4664,-1.93138,-0.142403,0.00336815,0.0106923,5.65862,
43.4408,64.4664,-8.01805,-1.89409,0.00336815,0.0105875,5.66758,
43.4626,64.4882,-0.647268,4.50984,0.00336815,0.0105875,5.6765,
43.4626,64.4664,0.363585,-0.240564,0.0034165,0.0106016,5.68543,
43.4408,64.4446,-4.59181,-4.60492,0.0034165,0.0106016,5.69434,
43.4626,64.401,-0.129517,-13.469,0.0034165,0.0106016,5.7033,
43.4843,64.4228,8.01275,-11.8896,0.0034165,0.0106016,5.71222,
43.4843,64.4446,10.9531,0.00900804,0.00346497,0.0107204,5.72114,
43.4626,64.4446,2.25136,1.16377,0.0034165,0.0108114,5.73009,
43.4843,64.4664,4.64657,6.13762,0.0034165,0.0107065,5.73901,
43.4626,64.4446,-1.00248,-5.78999,0.0034165,0.0106016,5.74797,
43.4626,64.4446,2.65042,-4.01666,0.0034165,0.0107065,5.75689,
43.4626,64.4228,3.52063,-10.0708,0.0034165,0.0107065,5.7658,
43.4626,64.4664,0.11002,0.832068,0.0034165,0.0106016,5.77472,
43.4843,64.4664,6.49851,8.06073,0.0034165,0.0107065,5.78362,
43.4843,64.4664,8.60654,-1.26245,0.00346497,0.0104057,5.79255,
43.4626,64.4664,-0.500938,-0.411134,0.0034165,0.0106016,5.80145,
43.4843,64.4446,4.46415,-7.2195,0.00336815,0.0106923,5.8104,
43.4626,64.4882,-0.242489,16.6013,0.0034165,0.0108114,5.81932,
43.4626,64.4664,-0.774372,-0.603592,0.0034165,0.0104967,5.82823,
43.4408,64.4664,-4.23874,3.81531,0.0034165,0.0107065,5.83716,
43.4626,64.4882,-0.902725,7.03185,0.0034165,0.0106016,5.84602,
43.4626,64.4446,-3.874,-2.0823,0.00336815,0.0107972,5.8549,
43.4626,64.4664,0.636614,-0.82323,0.0034165,0.0106016,5.86383,
43.4843,64.4446,3.06899,-4.61197,0.00336815,0.0106923,5.87273,
43.4626,64.4446,-0.286088,-7.04003,0.0034165,0.0106016,5.88166,
43.4626,64.4446,0.363919,-5.58064,0.0034165,0.0106016,5.89058,
43.4626,64.4228,3.45196,-9.34126,0.00346497,0.0106155,5.8995,
43.4408,64.4664,-6.39643,2.37575,0.0034165,0.0106016,5.9084,
43.4626,64.4882,-0.196254,3.51812,0.0034165,0.0104967,5.91734,
43.4408,64.4664,-6.51044,0.484407,0.0034165,0.0106016,5.92625,
43.4626,64.4664,1.71368,-2.27617,0.0034165,0.0104967,5.93515,
43.4626,64.4882,-1.07447,5.65168,0.0034165,0.0106016,5.94407,
43.4408,64.4664,-6.91237,2.09297,0.0034165,0.0106016,5.95301,
43.4843,64.4664,3.99246,8.87218,0.0034165,0.0108114,5.96191,
43.4626,64.4446,1.65764,-5.43806,0.0034165,0.0106016,5.97083,
43.4626,64.4446,0.0518012,-4.37285,0.0034165,0.0106016,5.97975,
43.4626,64.4664,1.15336,2.92142,0.0034165,0.0106016,5.98868,
43.4626,64.4228,-1.09665,-12.14,0.0034165,0.0104967,5.99758,
43.6368,64.9892,35.4637,103.872,0.00331968,0.00962959,6.00651,
44.4864,66.0784,82.9727,94.6693,0.00138341,0.00728525,6.0154,
44.8131,67.821,27.4422,183.003,0.000463633,0.00145989,6.02433,
45.7934,69.6726,131.903,206.095,-0.0011338,-0.00393266,6.03328,
46.5994,71.3064,98.343,202.967,-0.00307006,-0.00826978,6.04224,
47.7103,72.7441,87.1944,177.261,-0.00573258,-0.0106146,6.05114,
48.952,74.2036,125.693,188.076,-0.00839497,-0.0123303,6.06008,
50.1937,75.8591,151.061,196.955,-0.011009,-0.0156052,6.06898,
51.1739,77.4275,123.058,156.369,-0.0132357,-0.0196069,6.07792,
51.9581,78.4731,73.8142,88.6072,-0.015172,-0.0216365,6.08687,
52.5463,78.691,45.2735,16.9634,-0.0166726,-0.0200788,6.09577,
52.5245,78.7563,-15.0986,3.98461,-0.0168179,-0.0202256,6.10463,
52.1759,78.7345,-43.4484,-11.0056,-0.0161886,-0.0215116,6.11351,
51.9799,78.7563,-18.2518,4.66234,-0.0155593,-0.0224829,6.12238,
52.0453,78.8217,17.8458,14.7266,-0.0155108,-0.0228885,6.13127,
52.5898,79.7148,80.4863,114.084,-0.016479,-0.0244278,6.14015,
53.5483,81.305,120.808,224.137,-0.0184154,-0.0271915,6.14904,
55.1167,83.919,183.106,348.866,-0.0216586,-0.0324319,6.15798,
56.8594,93.741,202.267,496.997,-0.0254829,-0.0726507,6.16692,
58.1446,96.5075,156.129,297.104,-0.0285326,-0.0815058,6.17582,
59.4952,98.5552,154.146,217.757,-0.0315338,-0.0861517,6.18476,
59.4952,95.5055,-73.954,-698.733,-0.0327924,-0.0801186,6.19365,
54.986,77.6236,-572.878,-1356.57,-0.0246599,-0.00949323,6.20259,
51.6096,68.5181,-330.21,-842.107,-0.0157528,0.0211971,6.21152,
49.6709,65.0981,-208.511,-394.853,-0.0112994,0.0317177,6.22046,
47.34,61.6563,-247.435,-407.535,-0.00592611,0.0376803,6.22936,
44.9874,58.9116,-257.302,-263.579,-0.00103698,0.0439221,6.23834,
43.9418,57.8878,-139.538,-73.5737,0.00177071,0.0451554,6.24724,
43.3319,57.9531,-42.5897,-4.96168,0.00361015,0.0414933,6.25621,
42.9398,58.367,-63.2295,96.9532,0.0041911,0.0398786,6.26507,
42.4605,60.3493,-31.3566,271.534,0.00559489,0.0290631,6.27404,
42.3516,62.7455,-23.9346,278.013,0.00574006,0.0171485,6.28294,
42.1774,64.3792,-27.4544,199.17,0.00612737,0.00761147,6.29187,
42.2645,65.7952,6.03664,170.971,0.00612737,0.000479398,6.30077,
42.308,66.1001,6.15964,25.8734,0.00598219,-0.00187022,6.30966,
42.2863,66.0784,3.22859,6.53349,0.00598219,-0.00187022,6.31864,
42.2427,66.0566,-11.001,0.592046,0.00607889,-0.00205171,6.32758,
42.3298,66.0566,7.69378,2.30521,0.00598219,-0.00187022,6.33647,
42.3734,66.0348,12.8265,-4.11931,0.00598219,-0.00187022,6.34542,
42.3298,66.0348,1.57675,-0.897993,0.00598219,-0.00176533,6.35429,
42.3734,66.0566,11.4655,0.355057,0.00593371,-0.00177924,6.36321,
42.308,66.0566,-4.9932,4.22711,0.00598219,-0.00176533,6.37211,
42.3298,66.0348,-0.525349,-7.14698,0.00593371,-0.00177924,6.38101,
42.3298,66.0566,-4.57389,5.1497,0.00593371,-0.00167435,6.38992,
42.308,66.0566,-6.21563,4.74117,0.00588536,-0.0015836,6.39891,
42.3952,66.0566,17.7684,1.29282,0.00593371,-0.00177924,6.40785,
42.3298,66.0784,-4.0075,8.82744,0.00583689,-0.00159752,6.41674,
42.3516,66.0566,2.94405,5.25609,0.00593371,-0.00167435,6.42564,
42.308,66.0784,-13.2882,6.27504,0.00588536,-0.0016885,6.43456,
42.308,66.0348,-6.53168,2.49915,0.00593371,-0.00156946,6.44348,
42.3734,66.0348,15.8393,-7.17271,0.00593371,-0.00188411,6.4524,
42.3734,66.0348,10.8449,-0.224147,0.00593371,-0.00167435,6.46129,
42.3298,66.0566,-9.57777,2.27705,0.00583689,-0.00149263,6.47023,
42.3298,66.0348,-2.60872,-4.53395,0.00588536,-0.0016885,6.47915,
42.3516,66.0566,-0.0989968,6.73813,0.00588536,-0.0015836,6.48806,
42.3298,66.0348,-11.0742,1.35348,0.00578854,-0.00140188,6.49697,
42.3516,66.0566,6.13841,4.62108,0.00593371,-0.00167435,6.50591,
42.3516,66.0348,4.03409,0.898635,0.00593371,-0.00167435,6.5148,
42.3298,66.0348,3.17101,-2.6516,0.00598219,-0.00176533,6.52372,
42.3516,66.0348,-1.06563,-0.463621,0.00583689,-0.00149263,6.5326,
42.3516,66.0348,2.58089,-4.59301,0.00593371,-0.00177924,6.54158,
42.3516,66.0566,3.90851,1.38808,0.00588536,-0.0016885,6.55049,
42.3516,66.0566,6.98569,4.99152,0.00593371,-0.00167435,6.55942,
42.3298,66.0566,-10.8691,10.0973,0.00583689,-0.00138773,6.56829,
42.308,66.013,-6.45297,-6.93645,0.00593371,-0.00167435,6.57722,
42.308,66.0784,-18.2004,9.34489,0.00583689,-0.00159752,6.58619,
42.3734,66.0566,3.5943,4.14131,0.00588536,-0.0016885,6.59511,
42.3734,66.0348,8.19688,0.916423,0.00593371,-0.00156946,6.604,
42.3734,66.0348,9.42408,-7.22947,0.00588536,-0.00179336,6.61279,
42.3298,66.0566,-0.855987,7.05483,0.00593371,-0.00156946,6.62178,
42.3516,66.0348,4.54518,-4.36149,0.00593371,-0.00177924,6.63072,
42.308,66.0566,-12.8624,5.60876,0.00588536,-0.0015836,6.63962,
42.3734,66.0566,9.14351,0.941508,0.00588536,-0.0016885,6.64854,
42.308,66.0566,-13.484,4.99728,0.00588536,-0.0015836,6.65744,
42.308,66.0566,-8.82334,0.539498,0.00593371,-0.00177924,6.66637,
42.3516,66.0566,2.39618,5.38354,0.00588536,-0.0015836,6.67527,
42.308,66.0348,-9.12836,-3.28683,0.00588536,-0.0016885,6.68421,
42.3516,66.0348,-2.60244,-5.87816,0.00583689,-0.00170238,6.69308,
42.3298,66.0348,-4.26697,-4.01954,0.00588536,-0.0015836,6.70203,
42.3298,66.0348,-2.03945,-4.71873,0.00593371,-0.00177924,6.71094,
42.3298,66.0348,-1.1953,1.7527,0.00588536,-0.00147871,6.71986,
42.3516,66.0784,6.51365,4.63321,0.00598219,-0.00197508,6.72877,
42.4387,66.514,13.1789,45.9778,0.00574006,-0.00330369,6.7377,
42.6783,67.4071,22.9301,87.3838,0.00520759,-0.00628988,6.74661,
42.9615,68.0389,33.1946,72.6703,0.00462676,-0.00834626,6.75551,
42.9833,68.0389,1.43198,-3.83534,0.00452993,-0.00868898,6.76443,
42.9833,68.0389,0.809367,-8.49493,0.00448146,-0.00880776,6.7733,
42.8962,68.0606,-3.37862,1.2814,0.00472358,-0.00905242,6.78226,
42.7437,68.0171,-17.671,-1.50443,0.00491711,-0.00931075,6.79118,
42.7655,68.0171,4.43899,-1.1543,0.00501394,-0.00938758,6.80009,
42.8308,68.0824,19.9709,17.5133,0.00491711,-0.00931075,6.80902,
42.918,68.0824,22.3968,8.82251,0.00477193,-0.00924803,6.81796,
43.0922,68.4092,25.9199,37.7001,0.00433628,-0.00979388,6.82689,
43.3101,68.6706,22.2353,22.1991,0.00385215,-0.0103537,6.83579,
43.5061,69.0627,23.6149,51.8751,0.0034165,-0.0110044,6.84472,
44.0289,69.6073,65.5226,72.1644,0.00244837,-0.0115997,6.85361,
44.6607,70.0865,49.4302,41.2378,0.000850934,-0.0114335,6.86251,
45.0746,70.4133,51.2537,26.8972,2.798e-05,-0.011567,6.87143,
46.033,70.7182,98.9473,51.1943,-0.00190828,-0.00877212,6.88035,
46.5558,71.2846,77.315,57.8009,-0.00307006,-0.00963328,6.88925,
47.5143,71.7421,87.9723,48.7672,-0.00534528,-0.00756568,6.89818,
48.2767,72.4609,108.955,82.9162,-0.00679753,-0.00798655,6.90709,
49.1916,73.0055,88.1729,48.038,-0.0089758,-0.00693999,6.916,
50.3243,73.5283,112.886,68.4536,-0.0114447,-0.00440405,6.9249,
51.4571,74.1164,152.06,63.234,-0.0136714,-0.00326652,6.93383,
52.4374,74.4432,136.903,38.2194,-0.0158497,-0.000961326,6.94278,
53.4611,74.966,110.431,69.9325,-0.0183185,0.00157461,6.9517,
54.4632,75.5542,108.949,75.1859,-0.0205936,0.00301265,6.96061,
55.0949,75.9898,78.6522,48.949,-0.0220943,0.00341694,6.96953,
55.6831,76.5562,64.3674,78.758,-0.0234981,0.00384904,6.97845,
56.0751,77.1226,50.1023,66.6005,-0.0243694,0.00244268,6.98739,
56.4019,77.6454,32.1398,67.5358,-0.0252892,0.00175664,6.99627,
56.8376,78.3424,43.0347,79.2632,-0.0261605,-6.92263e-05,7.00521,
57.295,78.9306,51.4117,73.9602,-0.0271287,-0.000979211,7.0141,
57.905,79.8455,70.368,99.7266,-0.0283873,-0.00291724,7.02302,
58.6021,80.5208,70.9939,74.5699,-0.0299847,-0.00348519,7.03194,
59.3645,81.2832,82.7603,65.3487,-0.0316306,-0.00427682,7.04088,
59.9744,81.8714,67.9789,60.5316,-0.0330344,-0.00436912,7.0498,
60.3229,82.6338,32.3083,85.9423,-0.0339542,-0.00599915,7.05871,
60.5408,83.0694,23.1714,54.2463,-0.0344383,-0.00739794,7.06763,
60.519,83.4615,-7.65693,48.318,-0.0345835,-0.00911827,7.07655,
60.3883,83.7447,-12.86,24.4887,-0.0342446,-0.0112226,7.08546,
60.3011,84.0279,2.26106,41.2578,-0.0339542,-0.0130263,7.09438,
60.4319,90.8656,25.4027,254.234,-0.0341962,-0.0457044,7.1033,
60.9765,91.4102,60.0229,78.9672,-0.0353096,-0.0457123,7.11222,
61.6517,91.7806,81.7502,31.8744,-0.036665,-0.0455806,7.12114,
62.6973,91.5845,125.184,-44.0616,-0.0387949,-0.0413733,7.13006,
64.1133,90.9746,161.02,-65.1893,-0.0417962,-0.0326991,7.13899,
65.3985,83.8536,129.952,-995.028,-0.0448459,0.00699581,7.14797,
66.6401,83.113,110.982,-97.1545,-0.0477504,0.0164326,7.15684,
67.5768,82.7427,88.2987,-38.5762,-0.0498803,0.0223179,7.1658,
68.0343,82.2417,44.7948,-65.8149,-0.0510421,0.0264912,7.17469,
68.6225,81.7189,67.8522,-47.1383,-0.0522522,0.0318039,7.18364,
69.1017,81.3268,44.5531,-44.6905,-0.0534141,0.0356628,7.19254,
69.276,81.0436,21.5705,-39.0992,-0.0538498,0.0378439,7.2015,
69.3413,80.7604,8.71388,-39.0654,-0.0540433,0.0395706,7.21044,
69.276,80.5426,-13.8408,-26.0393,-0.0540433,0.0408292,7.21936,
69.276,80.3683,-1.57958,-21.8246,-0.0539466,0.0414868,7.22826,
69.2106,80.2594,-7.68753,-17.0856,-0.0538498,0.0417246,7.23717,
69.1234,80.2812,-6.32637,-2.80401,-0.0536076,0.0414799,7.24617,
68.971,80.2812,-18.7788,1.81092,-0.0534141,0.0412216,7.25514,
68.8621,80.2812,-8.5624,6.90345,-0.0530268,0.0404947,7.2641,
68.7313,80.3247,-13.9564,12.3839,-0.0527848,0.0399356,7.27305,
68.7749,80.5208,5.26378,30.4195,-0.0527848,0.0390966,7.28198,
68.9492,80.8911,17.6449,49.2029,-0.053172,0.0381451,7.29094,
69.2106,81.4357,32.1039,53.2556,-0.0536561,0.0365365,7.29991,
69.4502,81.7842,32.5381,36.6074,-0.0541886,0.0355431,7.30886,
69.7334,82.2199,39.8076,44.8713,-0.0547694,0.0346404,7.31784,
69.9294,82.6338,21.5477,43.5355,-0.0553019,0.0337519,7.32687,
70.0384,82.9387,10.1769,37.0678,-0.0555924,0.0329336,7.33579,
70.0601,83.2655,-5.3877,31.9301,-0.0556892,0.0312274,7.34479,
70.1037,83.5922,6.32821,31.1521,-0.0557377,0.0297451,7.35368,
70.0601,83.9626,2.84023,44.2782,-0.0556408,0.028095,7.36266,
69.9948,90.6914,-10.9506,930.612,-0.0556408,-0.00472238,7.37163,
69.973,90.8221,0.0186947,38.5771,-0.0554472,-0.00571519,7.38061,
70.1037,90.931,17.0836,9.17285,-0.0557377,-0.00579938,7.38958,
70.2998,91.0181,21.8017,5.21889,-0.0561733,-0.00540132,7.39855,
70.474,91.2359,26.9412,25.5886,-0.0564153,-0.00578602,7.40775,
70.6048,91.6281,22.9193,43.9042,-0.0567542,-0.0068284,7.41714,
70.5829,92.2815,-4.7411,91.7959,-0.0568995,-0.00896787,7.42654,
69.4284,95.1352,-202.016,430.907,-0.0554955,-0.0212519,7.43592,
65.7906,94.0025,-362.296,-830.224,-0.0476051,-0.0496958,7.44535,
59.0159,75.9898,-801.347,-1298.19,-0.0347287,0.0168506,7.45476,
53.0037,65.3813,-595.977,-994.002,-0.020158,0.0427848,7.46414,
48.5381,59.7612,-445.447,-538.752,-0.00950828,0.0533184,7.47358,
44.2468,55.3827,-403.233,-456.343,0.000415281,0.055985,7.48297,
41.001,51.4399,-330.928,-346.483,0.00728915,0.0637461,7.49238,
39.1494,49.9586,-187.21,-20.9126,0.0124688,0.0646181,7.50179,
37.8642,51.7013,-136.293,262.776,0.0154216,0.052993,7.5112,
37.7771,54.4678,-3.52813,354.83,0.0160993,0.0390302,7.5206,
38.3435,58.3234,96.5728,418.178,0.0153248,0.0214999,7.52999,
39.3673,62.288,75.2273,381.558,0.0127592,0.00649209,7.53938,
40.5654,65.1417,112.522,256.36,0.0101452,-0.00328551,7.54882,
41.6546,67.1457,150.759,198.031,0.0081121,-0.00943367,7.5582,
42.2209,67.7992,60.4845,61.6292,0.00646619,-0.0108546,7.56762,
42.5912,67.9299,52.3088,-2.78761,0.00564324,-0.0104638,7.57704,
42.8091,67.9299,22.3067,-4.07238,0.00496558,-0.00908707,7.5864,
42.8091,67.9299,-4.74217,7.87161,0.00486876,-0.0085907,7.59579,
42.7002,67.8864,-15.8008,-2.64304,0.00501394,-0.00896806,7.60515,
42.6566,67.8646,-12.0986,3.56036,0.00511076,-0.00883514,7.61452,
42.6783,67.8646,-18.8356,9.12263,0.00496558,-0.00835288,7.62393,
42.7219,67.8646,-1.66992,3.19665,0.00506241,-0.00874439,7.63332,
42.7219,67.821,3.82198,-8.86189,0.00511076,-0.00883514,7.64274,
42.7219,67.8428,7.03732,-5.00274,0.00515923,-0.00903097,7.65212,
42.7437,67.8428,7.82874,2.37236,0.00506241,-0.0086395,7.66152,
42.6783,67.821,-16.1148,-10.8307,0.00501394,-0.00875828,7.67091,
42.6783,67.8428,-8.8343,-3.59493,0.00506241,-0.00884925,7.6803,
42.7002,67.821,-2.45509,-6.31244,0.00506241,-0.00895415,7.6897,
42.6783,67.8428,-6.97702,0.890585,0.00515923,-0.00892611,7.6991,
42.7437,67.821,14.6621,-3.6137,0.00515923,-0.00892611,7.70848,
42.6566,67.8428,-11.4962,-1.90546,0.00511076,-0.00894,7.71785,
42.7002,67.8428,-1.43304,2.47922,0.00506241,-0.00874439,7.72727,
42.7002,67.8428,-5.48205,-3.54885,0.00506241,-0.00884925,7.73666,
42.6783,67.8428,-6.74115,-0.434309,0.00511076,-0.00873024,7.74613,
42.7002,67.821,-0.561894,-8.39055,0.00506241,-0.00874439,7.75551,
42.6783,67.8428,-8.03442,4.0974,0.00506241,-0.0086395,7.7649,
42.6783,67.8428,-5.3311,-0.95608,0.00511076,-0.00883514,7.7743,
42.6783,67.8428,-6.37746,1.41013,0.00506241,-0.00874439,7.7837,
42.7002,67.8646,0.887489,-2.13461,0.00511076,-0.00894,7.79309,
42.7002,67.8428,6.59259,-4.43357,0.00520759,-0.00912172,7.80249,
42.7219,67.8428,10.3579,-0.509873,0.00515923,-0.00892611,7.8118,
42.6566,67.7992,-9.84643,-9.46876,0.00511076,-0.00883514,7.82121,
42.7002,67.821,1.15204,-6.07284,0.00511076,-0.00894,7.83066,
42.7873,67.821,24.7167,-6.34784,0.00511076,-0.00883514,7.84005,
42.7219,67.8646,1.13452,8.5245,0.00506241,-0.0086395,7.84945,
42.7219,67.8428,4.70211,-7.6795,0.00515923,-0.00913587,7.85882,
42.7002,67.8428,-4.92033,3.73578,0.00506241,-0.0086395,7.86824,
42.7219,67.8646,4.93882,1.56275,0.00515923,-0.00903097,7.87757,
42.6783,67.8428,0.497352,5.80371,0.00520759,-0.00880707,7.88702,
42.7219,67.8428,8.36734,1.62988,0.00515923,-0.00892611,7.89642,
42.7002,67.8646,1.35127,6.92313,0.00515923,-0.00882122,7.90584,
42.6783,67.821,-8.31615,-9.94495,0.00506241,-0.00884925,7.91522,
42.7219,67.8428,1.92283,3.68952,0.00506241,-0.0086395,7.92453,
42.0466,66.6883,-89.9777,-169.654,0.00622419,-0.00725391,7.93406,
40.8486,64.5971,-159.941,-223.651,0.00849928,-0.00135015,7.9435,
39.5198,62.5494,-186.772,-232.289,0.0112586,0.00280571,7.95288,
38.191,60.2186,-177.172,-221.035,0.0143082,0.00924866,7.96229,
37.2979,58.062,-105.363,-242.473,0.0165834,0.0141034,7.97173,
36.3612,56.3194,-70.697,-207.551,0.0190038,0.0184758,7.98113,
28.761,54.8599,-998.039,-172.984,0.0355541,-0.00492956,7.99052,
28.3254,53.444,-60.8983,-161.88,0.036958,-0.000641977,7.99993,
28.0857,52.137,-22.2133,-155.626,0.0374904,0.00465164,8.00931,
28.1075,50.6992,1.12299,-185.429,0.0375873,0.0110776,8.01873,
28.2164,49.0655,18.5185,-164.205,0.0373936,0.0199365,8.02813,
28.3254,47.4317,6.37523,-146.439,0.0370548,0.0281241,8.03752,
28.26,46.1465,-2.59595,-110.086,0.0372484,0.0345781,8.04697,
27.8026,44.9266,-50.116,-93.3286,0.0380229,0.0391028,8.05637,
27.2362,44.0117,-50.4495,-102.1,0.0392815,0.0408311,8.06577,
26.9966,43.5978,-20.8697,-39.5937,0.0399592,0.0421812,8.07514,
26.4738,43.075,-48.7127,-76.6737,0.0410726,0.0419796,8.08449,
25.8856,42.378,-56.8327,-65.3438,0.0422344,0.0436798,8.09385,
25.5589,41.9423,-35.2834,-57.7766,0.0430573,0.0440232,8.10322,
24.8836,40.9621,-85.4142,-97.0062,0.0443159,0.046171,8.11258,
24.1429,39.6986,-66.6993,-177.238,0.0460586,0.0480396,8.12195,
23.0102,38.1956,-127.412,-187.695,0.0483338,0.0511114,8.13132,
21.8339,36.6054,-156.901,-171.056,0.0508025,0.0546588,8.14067,
20.7012,34.7102,-134.154,-187.654,0.0534166,0.0582484,8.15017,
19.4159,32.5319,-136.878,-251.992,0.0562242,0.0627331,8.15958,
18.2396,30.7238,-123.086,-188.254,0.0588866,0.0674904,8.16896,
17.1722,28.6762,-96.2828,-222.571,0.0614522,0.0715903,8.17836,
16.0831,27.1078,-100.51,-175.825,0.0639694,0.0753615,8.18774,
15.1682,25.9533,-99.2822,-141.196,0.0659057,0.0773911,8.19709,
14.2533,25.0384,-93.3816,-96.8933,0.0678904,0.0785957,8.20652,
13.1205,23.9492,-115.345,-96.5931,0.0703592,0.0792064,8.21594,
12.2492,22.7075,-105.502,-120.132,0.0723439,0.0812501,8.22533,
11.4432,21.4659,-78.7003,-130.263,0.0742803,0.0836992,8.23472,
10.6808,20.246,-80.8028,-150.222,0.0759745,0.0856586,8.24414,
9.91835,19.2004,-83.4938,-127.725,0.0776204,0.0878139,8.25357,
8.95988,18.3291,-98.3685,-79.0582,0.0797503,0.0888508,8.26299,
7.97962,17.2181,-103.951,-102.227,0.0818318,0.0901883,8.27238,
7.06472,16.1507,-92.8996,-123.986,0.0839618,0.0910154,8.2818,
6.10625,15.0615,-103.482,-132.721,0.0859465,0.0923249,8.2912,
5.19134,13.7545,-102.5,-136.07,0.0879796,0.0948021,8.30061,
4.21109,12.4911,-103.358,-129.093,0.0902064,0.0967061,8.30999,
3.23083,11.293,-112.392,-117.199,0.0922879,0.0987778,8.3194,
2.35949,9.986,-81.8912,-122.684,0.0944662,0.101087,8.3288,
1.27032,8.76613,-98.5467,-113.953,0.0968382,0.102614,8.3382,
0.181151,7.63339,-133.604,-116.682,0.0990166,0.103875,8.34759,
-0.690188,6.58778,-100.168,-116.718,0.101146,0.104807,8.35695,
-1.60509,5.45504,-80.6625,-118.155,0.103276,0.106158,8.36634,
-2.56356,4.40944,-102.203,-108.08,0.10531,0.107587,8.37576,
-3.4349,3.38562,-104.754,-114.728,0.107101,0.108945,8.38514,
-4.32802,2.40536,-82.3402,-109.848,0.109327,0.10959,8.39454,
-5.22114,1.46867,-107.039,-96.9511,0.111118,0.110948,8.40389,
-5.91821,0.423069,-72.2236,-103.448,0.112813,0.112803,8.41323,
-6.87668,-0.600749,-86.3312,-127.544,0.114991,0.113225,8.42271,
-7.72624,-1.49387,-105.578,-105.428,0.116637,0.114646,8.43212,
-8.66293,-2.53948,-96.0837,-110.938,0.118815,0.115592,8.44149,
-9.73032,-3.58508,-114.093,-114.94,0.121187,0.116174,8.45095,
-10.6234,-4.58712,-105.739,-103.224,0.123172,0.117484,8.46035,
-11.669,-5.32776,-108.288,-58.6202,0.125447,0.117095,8.46974,
-12.8236,-5.63272,-105.98,-23.5924,0.128158,0.11379,8.47914,
-14.0217,-5.78521,-119.656,-17.7821,0.130772,0.109723,8.48854,
-15.2197,-5.91591,-137.833,-4.67116,0.133241,0.105928,8.49798,
-16.2,-6.02482,-128.152,-10.2868,0.135371,0.102246,8.50736,
-17.202,-6.0684,-102.33,-13.3976,0.137791,0.0978079,8.51675,
-18.2476,-6.02482,-95.6512,-4.40378,0.140163,0.0932513,8.52622,
-19.2061,-5.98126,-102.318,13.3077,0.142293,0.0894635,8.5356,
-20.1646,-6.04661,-105.007,-8.98204,0.144375,0.0853472,8.54501,
-21.1666,-6.09017,-92.2065,-7.89857,0.146698,0.0814058,8.55441,
-22.1687,-6.09017,-108.399,-0.24683,0.148828,0.0774083,8.56381,
-23.0836,-6.15552,-110.809,0.733782,0.150764,0.0741937,8.57318,
-23.8896,-6.28623,-84.2623,-11.5701,0.152749,0.0708884,8.5826,
-24.7173,-6.26445,-93.9759,3.24673,0.154492,0.0676177,8.592,
-25.458,-6.26445,-73.4539,1.17745,0.156283,0.064361,8.60135,
-26.0679,-6.24266,-52.7205,6.22854,0.157783,0.0615446,8.61076,
-26.5689,-6.28623,-45.1021,-1.25751,0.158897,0.059455,8.62017,
-27.0046,-6.39515,-47.0691,-6.92798,0.159817,0.0582532,8.62952,
-27.3313,-6.39515,-43.8357,9.89908,0.160494,0.057296,8.63898,
-27.6363,-6.48228,-34.3482,-4.3957,0.161269,0.0559473,8.64836,
-27.9848,-6.54763,-40.9067,-6.66345,0.161995,0.0548991,8.65773,
-28.3334,-6.61298,-39.3498,-6.00951,0.162818,0.0535644,8.66715,
-28.6383,-6.65655,-33.5019,7.03089,0.163496,0.0529218,8.67653,
-28.9433,-6.74368,-26.0828,-11.38,0.164222,0.051559,8.68588,
-29.3354,-6.74368,-38.4329,6.8491,0.164996,0.0505249,8.69536,
-29.7057,-6.74368,-40.738,4.92969,0.165819,0.0487706,8.70473,
-29.9671,-6.78725,-24.8321,-8.17107,0.166545,0.0474078,8.71413,
-30.2721,-6.76546,-37.7472,0.107362,0.167078,0.0464085,8.72353,
-30.5771,-6.76546,-40.6767,2.18308,0.167755,0.0451365,8.73292,
-30.8603,-6.76546,-34.2747,-1.75839,0.168433,0.0437597,8.74232,
-31.0781,-6.76546,-23.2249,4.95567,0.169014,0.0428793,8.7516,
-31.2741,-6.78725,-23.4618,8.00476,0.169401,0.0423622,8.7607,
-31.4266,-6.80903,-15.3278,-0.496345,0.169789,0.0415305,8.76997,
-31.6009,-6.83081,-13.9923,-6.07132,0.170176,0.0408037,8.77905,
-31.7969,-6.83081,-13.9435,-1.20537,0.17066,0.0398952,8.78817,
-31.993,-6.83081,-12.3907,-3.73274,0.171096,0.0390775,8.79726,
-32.298,-6.80903,-30.594,-1.24338,0.171628,0.0379733,8.80642,
-32.5811,-6.80903,-29.1082,-6.16334,0.172306,0.0365965,8.81551,
-32.7554,-6.80903,-13.3353,1.70733,0.17279,0.0358977,8.82463,
-32.8643,-6.83081,-16.826,-2.55386,0.172935,0.03573,8.83372,
-32.9515,-6.87438,-13.5728,-10.1518,0.173177,0.0353807,8.84284,
-33.1475,-6.80903,-24.8916,8.42996,0.173564,0.0346538,8.85191,
-33.3436,-6.83081,-9.09167,5.41689,0.174145,0.0336685,8.86101,
-33.496,-6.83081,-11.5234,6.14656,0.174387,0.0331094,8.87011,
-33.605,-6.83081,-16.3928,8.74715,0.174581,0.0328508,8.87925,
-33.6703,-6.83081,-8.03574,6.68344,0.174775,0.0323825,8.88834,
-33.7792,-6.8526,-14.1833,-3.8328,0.175017,0.0318234,8.89743,
-33.7792,-6.83081,-13.501,1.77824,0.17492,0.0321099,8.90654,
-33.801,-6.8526,-4.53164,2.27325,0.175113,0.0318514,8.91562,
-33.8664,-6.76546,-6.95036,9.74723,0.17521,0.0311453,8.9247,
-33.9535,-6.74368,1.56196,7.00975,0.175549,0.0305094,8.93381,
-34.0188,-6.74368,-7.00814,-2.78001,0.175597,0.0302088,8.94296,
-34.0406,-6.7219,-4.73171,1.10414,0.175646,0.0301179,8.95211,
-34.0188,-6.70011,-2.05415,1.90637,0.175549,0.0301947,8.96119,
-33.9971,-6.74368,4.45514,-13.0075,0.175549,0.0301947,8.9703,
