48.0153,70.544,-8.49055,10.0055,-0.00674906,0.000627754,9.53674e-07,
48.1025,70.4786,11.9992,-12.3046,-0.00679753,0.000613868,0.00919414,
48.0371,70.5222,-4.8414,6.67334,-0.00679753,0.000718729,0.018327,
48.0371,70.5222,-2.77838,1.69427,-0.00674906,0.000522893,0.0274889,
48.0807,70.5222,8.52508,1.93461,-0.00674906,0.000627754,0.0366349,
48.0589,70.5222,0.264182,3.76533,-0.00679753,0.000613868,0.045723,
48.0371,70.4786,1.87256,-14.0408,-0.00670071,0.000327251,0.0549791,
48.0807,70.5004,2.66084,0.65221,-0.00684589,0.000914371,0.0641739,
48.0371,70.4786,-11.105,-9.30968,-0.00689436,0.000795591,0.0732601,
48.0371,70.5004,-4.08355,-2.89969,-0.00674906,0.000627754,0.0824761,
48.1025,70.5222,6.56439,4.39274,-0.00689436,0.000900453,0.0916131,
48.1025,70.5222,15.0784,3.10707,-0.00674906,0.000522893,0.100796,
48.0153,70.5004,-9.5754,-9.21955,-0.00674906,0.000417999,0.109947,
48.0589,70.5222,2.69901,8.60126,-0.00679753,0.000823623,0.119095,
48.0371,70.5222,-7.37559,0.268789,-0.00684589,0.000704616,0.128263,
48.0371,70.5222,-3.21019,1.12331,-0.00674906,0.000522893,0.137342,
48.0371,70.5222,-7.18635,4.07987,-0.00679753,0.000613868,0.146579,
48.0807,70.5222,3.46713,4.60096,-0.00684589,0.000809477,0.155745,
48.0589,70.5222,0.509577,5.72523,-0.00674906,0.000627754,0.164851,
48.0589,70.5222,-4.43141,12.04,-0.00684589,0.00101926,0.174063,
48.0589,70.5222,-2.7209,-6.68487,-0.00679753,0.000508974,0.183185,
48.0807,70.4786,1.78261,-10.2437,-0.00684589,0.000809477,0.19238,
48.0589,70.5222,-4.4184,1.91615,-0.00684589,0.000704616,0.201462,
48.0153,70.5222,-13.8862,5.25967,-0.00679753,0.000718729,0.210698,
48.1242,70.5222,16.2886,4.94766,-0.00684589,0.000704616,0.219837,
48.0371,70.5658,-10.2804,16.8969,-0.00684589,0.000914371,0.229048,
48.0589,70.5222,2.27683,3.51923,-0.00674906,0.000522893,0.238233,
48.0589,70.5222,1.56111,-4.70326,-0.00679753,0.000508974,0.247387,
48.0371,70.5004,-0.311069,-4.64567,-0.00670071,0.000327251,0.256549,
48.0589,70.5004,-1.49583,-5.36042,-0.00679753,0.000613868,0.265648,
48.0589,70.5222,2.94459,-0.165191,-0.00674906,0.000522893,0.27484,
48.0807,70.5222,4.18105,2.97218,-0.00684589,0.000704616,0.284049,
48.0589,70.4786,1.63087,-17.0372,-0.00674906,0.000417999,0.293155,
48.0807,70.5004,-3.3296,1.30105,-0.00689436,0.00100535,0.302367,
48.0807,70.5222,4.04257,6.42814,-0.00679753,0.000823623,0.311521,
48.0807,70.4786,5.30941,-9.06393,-0.00679753,0.000613868,0.3207,
48.0589,70.544,0.173471,12.968,-0.00679753,0.000718729,0.329811,
48.0371,70.5222,-2.59009,5.22431,-0.00674906,0.000627754,0.33905,
48.0371,70.5004,0.670801,-1.69242,-0.00670071,0.000537006,0.348202,
48.0371,70.5222,-8.93734,3.2908,-0.00679753,0.000718729,0.357341,
48.0371,70.5222,-6.99324,0.102838,-0.00679753,0.000613868,0.366536,
48.0807,70.5222,7.20578,7.3318,-0.00679753,0.000823623,0.375757,
48.0371,70.5222,-10.5639,-0.135739,-0.00684589,0.000704616,0.384933,
48.0807,70.4786,2.64286,-12.2336,-0.00684589,0.000704616,0.394102,
48.0153,70.4786,-14.45,-11.9197,-0.00684589,0.000809477,0.403251,
48.0371,70.5222,-4.13152,2.9777,-0.00679753,0.000718729,0.412419,
48.0371,70.5222,-8.69695,3.05828,-0.00679753,0.000613868,0.421501,
48.1242,70.544,19.4273,7.9087,-0.00679753,0.000613868,0.430736,
48.0589,70.5004,-0.509719,-3.82774,-0.00679753,0.000718729,0.439848,
48.0589,70.4786,2.57975,-11.6256,-0.00674906,0.000522893,0.449051,
48.0371,70.4786,-4.76868,-14.5074,-0.00679753,0.000613868,0.458225,
48.0807,70.544,0.966582,8.44948,-0.00684589,0.000704616,0.467388,
48.1025,70.5222,19.0529,4.37114,-0.00670071,0.000537006,0.476471,
48.0153,70.5222,-14.3407,-4.74327,-0.00684589,0.000494828,0.485678,
48.0371,70.5222,3.26746,-3.90343,-0.00670071,0.000222357,0.494873,
48.0807,70.5222,10.1462,6.56553,-0.00679753,0.000718729,0.504011,
48.0371,70.5222,-5.62881,4.68538,-0.00674906,0.000627754,0.513161,
48.0589,70.5222,-6.4858,-2.06204,-0.00684589,0.000599722,0.522356,
48.0807,70.5222,9.11977,-0.0644388,-0.00674906,0.000522893,0.531476,
48.0589,70.4786,-0.0859555,-13.0022,-0.00679753,0.000508974,0.540675,
48.0807,70.5004,4.82872,2.9548,-0.00684589,0.00101926,0.549819,
48.0371,70.5004,-8.0191,0.827322,-0.00684589,0.000914371,0.558972,
48.1025,70.5222,10.2039,1.88073,-0.00679753,0.000613868,0.568102,
48.0589,70.5222,-2.63687,3.04913,-0.00684589,0.000704616,0.577281,
48.0589,70.5222,0.298449,9.03266,-0.00679753,0.000928517,0.586473,
48.0371,70.5222,-8.44922,-1.38862,-0.00679753,0.000613868,0.595643,
48.0371,70.5004,-7.00035,-3.40138,-0.00684589,0.000704616,0.604791,
48.0807,70.5222,-3.90825,-6.03478,-0.00694271,0.000676551,0.614008,
48.0589,70.5004,-4.20238,-2.05731,-0.00684589,0.000809477,0.623177,
48.0589,70.5222,-7.55607,-0.419001,-0.00689436,0.000690697,0.632298,
48.0807,70.5222,-0.232014,3.71898,-0.00684589,0.000809477,0.641448,
48.0371,70.5222,0.334911,2.36862,-0.00665224,0.00034117,0.650646,
48.1025,70.4786,5.1926,-9.16502,-0.00689436,0.000900453,0.659783,
48.0589,70.544,5.36847,9.74873,-0.00674906,0.000627754,0.668976,
48.0589,70.4786,6.13388,-13.8614,-0.00674906,0.000417999,0.678129,
48.0807,70.5222,-3.90823,3.26288,-0.00689436,0.000900453,0.687268,
48.0589,70.5004,-3.09134,3.07862,-0.00679753,0.000823623,0.696381,
48.0589,70.544,5.593,13.0114,-0.00670071,0.000537006,0.705591,
48.0589,70.4786,-0.9407,-8.1511,-0.00679753,0.000718729,0.714813,
48.0371,70.5222,-11.1233,2.34496,-0.00689436,0.000795591,0.723978,
48.0371,70.5658,0.0310209,15.7042,-0.00670071,0.000537006,0.733104,
48.0589,70.4786,-1.49326,-12.5272,-0.00679753,0.000508974,0.742298,
48.0371,70.5222,-1.88542,8.17285,-0.00674906,0.000732648,0.751456,
48.0589,70.544,-1.564,3.2281,-0.00679753,0.000508974,0.760552,
48.0807,70.5004,12.2377,-3.6194,-0.00674906,0.000522893,0.769754,
48.0807,70.544,5.93635,7.27724,-0.00679753,0.000718729,0.778934,
48.0589,70.5004,0.962064,-6.50737,-0.00674906,0.000417999,0.7881,
48.0589,70.5004,3.75601,-4.28885,-0.00674906,0.000522893,0.797265,
48.0589,70.5004,-2.12857,-2.36465,-0.00684589,0.000809477,0.806417,
48.0807,70.5222,3.39029,1.92796,-0.00679753,0.000718729,0.815682,
48.0807,70.5222,5.01303,3.80154,-0.00679753,0.000613868,0.824849,
48.0807,70.5004,7.19474,-1.09972,-0.00679753,0.000823623,0.834029,
48.0589,70.5222,-4.93654,6.95458,-0.00684589,0.000914371,0.84317,
48.0807,70.5222,1.05112,6.19953,-0.00689436,0.000900453,0.852284,
48.0807,70.5222,1.90962,-1.71613,-0.00679753,0.000508974,0.861421,
48.0807,70.5222,-0.322521,9.94312,-0.00684589,0.00101926,0.870552,
48.0589,70.5004,0.369189,-7.9488,-0.00679753,0.000613868,0.879651,
48.0807,70.5222,4.0568,3.05971,-0.00679753,0.000718729,0.888719,
48.0807,70.4786,4.5797,-11.3783,-0.00679753,0.000613868,0.897854,
48.0371,70.5222,-10.2277,-4.48679,-0.00689436,0.000690697,0.907088,
48.0589,70.4786,-0.691203,-12.5839,-0.00679753,0.000613868,0.916191,
48.0589,70.544,-0.0792503,5.57618,-0.00674906,0.000417999,0.925296,
48.0589,70.544,-6.30651,5.05744,-0.00684589,0.000704616,0.934443,
48.0589,70.5222,-4.68115,-3.92621,-0.00684589,0.000494828,0.943548,
48.0371,70.5004,-7.6714,2.9166,-0.00679753,0.000823623,0.952675,
48.0371,70.5004,-11.5163,-5.09405,-0.00689436,0.000795591,0.962041,
48.1025,70.5222,9.35109,3.92913,-0.00684589,0.000809477,0.971224,
48.0371,70.5004,-9.0671,-2.82785,-0.00679753,0.000613868,0.980355,
48.0807,70.5222,6.10496,0.256878,-0.00674906,0.000417999,0.989394,
48.0153,70.5222,-16.2144,3.00675,-0.00684589,0.000704616,0.998594,
48.0153,70.5222,-18.1915,-2.93438,-0.00684589,0.000599722,1.00771,
48.0807,70.4786,6.05074,-14.3105,-0.00674906,0.000522893,1.0168,
48.0807,70.5004,1.65616,-9.28417,-0.00684589,0.000599722,1.02591,
48.0807,70.5004,6.76544,-3.36718,-0.00679753,0.000718729,1.03488,
48.0153,70.544,-10.6502,4.38559,-0.00679753,0.000508974,1.04399,
48.0589,70.5658,0.809767,7.63428,-0.00684589,0.000494828,1.0531,
48.0807,70.5004,9.78437,-3.12281,-0.00674906,0.000627754,1.06219,
48.0807,70.5222,-6.03161,1.4274,-0.00694271,0.000781445,1.07129,
48.0589,70.544,0.191517,2.30729,-0.00679753,0.000508974,1.08034,
48.0589,70.5004,-5.22056,-1.41848,-0.00689436,0.000900453,1.08948,
48.0807,70.5875,6.55257,18.6262,-0.00679753,0.000613868,1.09863,
48.0807,70.544,8.38602,15.4622,-0.00674906,0.000732648,1.10779,
48.0589,70.544,4.37395,3.85177,-0.00674906,0.000522893,1.11693,
48.0589,70.544,-3.21058,4.5882,-0.00684589,0.000704616,1.12606,
48.0807,70.5222,5.11041,5.36719,-0.00679753,0.000718729,1.13521,
48.0589,70.4786,0.912684,-12.095,-0.00679753,0.000613868,1.1443,
48.0807,70.544,7.51772,11.5684,-0.00674906,0.000627754,1.15343,
48.0589,70.4786,-0.510629,-5.94967,-0.00679753,0.000718729,1.16265,
48.0371,70.5004,-11.2037,-2.41766,-0.00684589,0.000809477,1.17176,
48.0807,70.5222,2.25669,-1.58453,-0.00684589,0.000704616,1.18091,
48.0589,70.5004,-1.42059,-1.51434,-0.00679753,0.000823623,1.19,
48.0589,70.5222,2.18217,-0.395839,-0.00674906,0.000417999,1.19915,
48.0589,70.5004,-0.308331,-2.60621,-0.00679753,0.000718729,1.20834,
48.0807,70.5004,11.4373,-6.76897,-0.00670071,0.000432145,1.21751,
48.1025,70.4786,9.64198,-7.63877,-0.00679753,0.000718729,1.22673,
48.0371,70.5222,-4.51429,-4.30986,-0.00679753,0.000508974,1.23591,
48.0153,70.5004,-13.8936,0.986291,-0.00684589,0.000914371,1.24507,
48.0589,70.5222,-4.50017,0.401513,-0.00684589,0.000704616,1.25426,
48.0589,70.5222,-2.36445,-0.354357,-0.00684589,0.000704616,1.26344,
48.0589,70.5222,-2.26983,3.69818,-0.00689436,0.000900453,1.2726,
48.0589,70.544,2.54248,1.58214,-0.00674906,0.000313105,1.28176,
48.0371,70.5222,-6.2225,4.14261,-0.00679753,0.000613868,1.29095,
48.0807,70.5222,-0.93805,5.3393,-0.00684589,0.000809477,1.30013,
48.0589,70.5004,-4.50733,-2.03945,-0.00684589,0.000809477,1.30939,
48.0371,70.5222,-9.80447,-4.52552,-0.00679753,0.00040408,1.31858,
48.0153,70.5004,-14.8182,-9.7147,-0.00684589,0.000494828,1.32793,
48.0589,70.5222,-0.817981,5.73027,-0.00679753,0.000718729,1.3375,
48.0807,70.5004,1.39232,-7.27355,-0.00684589,0.000704616,1.34715,
48.0807,70.5004,5.77214,-7.30223,-0.00674906,0.000522893,1.35675,
48.0589,70.544,-4.0625,8.62804,-0.00684589,0.000809477,1.36635,
48.0371,70.5004,-7.95059,-7.53402,-0.00684589,0.000704616,1.37595,
48.0371,70.544,-4.85282,8.99678,-0.00679753,0.000613868,1.38557,
48.0589,70.5222,0.910068,-0.433683,-0.00679753,0.000613868,1.39515,
48.0807,70.5658,5.87011,12.5507,-0.00674906,0.000522893,1.40482,
48.1025,70.5004,12.0749,-10.7839,-0.00679753,0.000508974,1.41443,
48.0589,70.5004,-3.52421,-3.53946,-0.00684589,0.000809477,1.42402,
48.0807,70.5004,-4.04374,-12.2226,-0.00694271,0.000676551,1.43357,
48.0371,70.5004,-7.23283,-2.87142,-0.00679753,0.000718729,1.44317,
48.0589,70.5004,1.20153,-7.52561,-0.00679753,0.000508974,1.45271,
48.0371,70.544,-10.6781,4.75732,-0.00679753,0.000508974,1.46229,
48.0371,70.5222,-7.46515,2.65556,-0.00679753,0.000718729,1.47192,
48.0807,70.5222,7.8904,-1.66547,-0.00674906,0.000417999,1.48154,
48.0153,70.5004,-15.8173,-4.9491,-0.00684589,0.000704616,1.49089,
48.0371,70.5004,-9.07838,-2.39091,-0.00679753,0.000718729,1.50003,
48.0807,70.544,2.6897,11.1251,-0.00684589,0.000809477,1.5092,
48.0807,70.5004,9.80337,-6.00777,-0.00674906,0.000522893,1.51833,
48.0807,70.5222,8.90087,7.9695,-0.00674906,0.000732648,1.52754,
48.0807,70.544,9.98459,4.75064,-0.00670071,0.000327251,1.53669,
48.0589,70.5004,-1.16496,-4.69407,-0.00679753,0.000718729,1.54576,
48.0371,70.5222,-5.32403,4.01799,-0.00674906,0.000522893,1.55488,
48.0807,70.544,3.56002,9.14661,-0.00684589,0.000809477,1.56398,
48.0807,70.5222,0.465294,3.27343,-0.00684589,0.000704616,1.5731,
48.0371,70.4786,-7.5339,-13.4685,-0.00679753,0.000613868,1.58217,
48.0371,70.5004,-7.64383,-2.73354,-0.00684589,0.000809477,1.59128,
48.0807,70.5004,10.1538,-1.1849,-0.00674906,0.000627754,1.60038,
48.0371,70.5004,-5.97542,-3.46204,-0.00679753,0.000718729,1.60953,
48.0589,70.5222,-2.10389,0.636438,-0.00684589,0.000704616,1.61863,
48.1025,70.4786,12.561,-18.1834,-0.00674906,0.000313105,1.62774,
48.0589,70.5222,-5.97264,0.194033,-0.00689436,0.000795591,1.63683,
48.0371,70.5222,-0.217585,-0.713914,-0.00670071,0.000537006,1.64595,
48.0371,70.544,-6.84769,4.14768,-0.00684589,0.000704616,1.65502,
48.0371,70.5004,-8.24614,-4.29649,-0.00689436,0.000795591,1.66416,
48.0153,70.5004,-9.55188,-5.36423,-0.00674906,0.000522893,1.67326,
48.0589,70.5004,1.57869,-3.52183,-0.00674906,0.000627754,1.6824,
48.0807,70.544,1.47048,10.0868,-0.00689436,0.000900453,1.69145,
48.0371,70.544,-10.292,8.17696,-0.00689436,0.000795591,1.70057,
48.0589,70.5222,2.28823,-2.65856,-0.00674906,0.000522893,1.70965,
48.0589,70.5222,3.77993,2.50392,-0.00670071,0.000432145,1.71877,
48.0371,70.5004,-12.356,-4.12064,-0.00684589,0.000704616,1.72785,
48.0371,70.5004,0.0226647,-4.18048,-0.00674906,0.000522893,1.73697,
48.1025,70.5222,8.57362,-0.129938,-0.00684589,0.000704616,1.74607,
48.0371,70.544,-11.3528,12.3426,-0.00689436,0.000900453,1.75519,
48.0807,70.5004,9.50882,-8.6513,-0.00674906,0.000522893,1.76427,
48.0807,70.544,10.0972,6.1895,-0.00679753,0.000508974,1.77336,
48.0371,70.544,-6.38275,8.42027,-0.00679753,0.000613868,1.78246,
48.0153,70.544,-15.8391,3.9625,-0.00684589,0.000704616,1.7916,
48.0807,70.4786,2.8773,-11.9443,-0.00684589,0.000704616,1.80061,
48.0807,70.5222,9.42195,0.747069,-0.00674906,0.000522893,1.80972,
48.0589,70.5222,1.78624,-0.719038,-0.00674906,0.000417999,1.81892,
48.0153,70.5004,-10.7659,-7.85769,-0.00679753,0.000508974,1.82804,
48.0807,70.544,6.05862,8.77173,-0.00679753,0.000613868,1.83706,
48.0153,70.4786,-9.49097,-10.1182,-0.00674906,0.000522893,1.84624,
48.0371,70.5222,-7.0231,2.3694,-0.00679753,0.000718729,1.85534,
47.2529,66.013,-223.774,-1229.34,-0.00684589,0.000809477,1.86438,
26.5391,35.2548,-2317.06,-3214.54,0.0355057,0.0631256,1.8735,
15.081,19.2222,-1139.18,-1557.92,0.0624688,0.10765,1.8826,
14.6454,23.2085,314.624,626.441,0.069972,0.092729,1.89175,
22.4656,36.235,935.72,1327.41,0.0541911,0.0629829,1.90087,
36.6879,50.1764,2574.21,1559.85,0.0357478,0.032465,1.90984,
39.694,61.1553,327.27,878.645,0.0126139,0.0132676,1.91905,
42.2427,62.0702,217.724,98.4875,0.00661149,0.0167716,1.9281,
44.6389,66.3398,307.024,442.701,0.00249672,0.00666413,1.93726,
46.7519,71.3717,220.036,510.295,-0.00302171,-0.00668242,1.94634,
47.7975,73.3322,64.4414,136.852,-0.00602293,-0.0139503,1.95546,
48.146,73.3322,35.9602,-11.0142,-0.00689436,-0.0129441,1.96456,
48.5817,73.3976,40.3445,0.774183,-0.00781402,-0.011323,1.97365,
48.4292,73.3105,-20.1514,-13.5555,-0.00771719,-0.011295,1.98276,
48.3421,73.2015,-13.886,-11.7043,-0.00742684,-0.0112106,1.99182,
48.2114,73.0491,-14.2429,-13.4509,-0.00723319,-0.010735,2.00095,
48.2331,73.0708,3.6873,-0.531204,-0.00713636,-0.0111264,2.01017,
48.2114,73.0708,-1.38163,-0.0166001,-0.00713636,-0.0110216,2.01928,
48.2549,73.0708,8.21323,1.13043,-0.00718471,-0.0109308,2.02837,
48.1896,73.0273,-11.3209,-11.1859,-0.00718471,-0.0109308,2.03752,
48.1896,73.0708,-2.99604,4.17979,-0.00708789,-0.0111125,2.04668,
48.2985,73.0708,11.1914,2.7555,-0.00728154,-0.0107491,2.05573,
48.2331,73.1144,2.19969,8.65734,-0.00713636,-0.0111264,2.0649,
48.2549,73.0926,9.06868,6.64074,-0.00718471,-0.0109308,2.07397,
48.2549,73.0491,2.48578,-3.93602,-0.00718471,-0.0108259,2.08309,
48.2767,73.0708,14.619,-0.814955,-0.00718471,-0.0109308,2.09214,
48.1896,73.0708,-8.13258,-0.0254673,-0.00713636,-0.0110216,2.10127,
48.2331,73.0708,-0.247485,-3.41899,-0.00718471,-0.0110357,2.11038,
48.2331,73.0491,2.38162,-9.73743,-0.00723319,-0.0109447,2.11947,
48.2767,73.0708,14.7137,-3.24681,-0.00713636,-0.0110216,2.12858,
48.2331,73.0708,4.93253,2.53031,-0.00713636,-0.0110216,2.13763,
48.2331,73.0491,2.85528,-4.01191,-0.00713636,-0.0109167,2.14679,
48.2114,73.0926,-4.04738,5.47191,-0.00713636,-0.0110216,2.15588,
48.2549,73.0926,7.37951,9.18731,-0.00718471,-0.0108259,2.16497,
48.2331,73.0708,4.71701,-3.80781,-0.00713636,-0.0111264,2.17409,
48.2331,73.0926,3.58323,6.68719,-0.00713636,-0.0110216,2.18313,
48.2114,73.0708,-1.06333,-1.69022,-0.00708789,-0.0111125,2.19226,
48.2114,73.0708,-4.50811,1.41876,-0.00718471,-0.0109308,2.20129,
48.2331,73.0708,1.72997,-1.45474,-0.00718471,-0.0109308,2.21051,
48.2767,73.0708,5.27326,1.44425,-0.00728154,-0.0107491,2.21953,
48.2331,73.0708,1.61205,-4.02015,-0.00713636,-0.0111264,2.22866,
48.2767,73.0926,13.1484,2.51327,-0.00713636,-0.0110216,2.23775,
48.2331,73.0708,-1.06896,1.20823,-0.00718471,-0.0109308,2.24688,
48.2114,73.0708,-9.11331,-0.329802,-0.00723319,-0.0108398,2.25592,
48.2549,73.0708,3.48193,-4.49442,-0.00723319,-0.0109447,2.265,
48.2114,73.0491,-7.74291,-7.9849,-0.00713636,-0.0110216,2.27415,
48.2331,73.0273,-9.2169,-12.1824,-0.00728154,-0.0107491,2.28325,
48.2331,73.0708,-2.15143,1.92836,-0.00718471,-0.0108259,2.29233,
48.2767,73.0926,16.8014,5.57375,-0.00718471,-0.0108259,2.30135,
48.2549,73.0926,9.82235,0.933662,-0.00713636,-0.0111264,2.31054,
48.2331,73.0491,-4.5075,-7.74144,-0.00723319,-0.0109447,2.31969,
48.2767,73.0926,7.59349,7.89174,-0.00718471,-0.0109308,2.32884,
48.2767,73.0708,11.3911,-0.125493,-0.00718471,-0.0109308,2.33806,
48.2114,73.0926,-6.3509,8.20147,-0.00718471,-0.0109308,2.34723,
48.2114,73.0708,-5.77193,-4.21091,-0.00718471,-0.0110357,2.35635,
48.2114,73.0708,-4.60031,0.599665,-0.00718471,-0.0109308,2.3655,
48.1896,73.0491,-18.7207,-6.66932,-0.00723319,-0.0108398,2.37473,
48.2549,73.0708,7.21391,-0.206672,-0.00718471,-0.0109308,2.38388,
48.2331,73.0708,-3.87071,-3.71637,-0.00723319,-0.0109447,2.39301,
48.2331,73.0708,-6.02689,2.08425,-0.00723319,-0.010735,2.40255,
48.2549,73.0708,3.58169,3.08517,-0.00718471,-0.0108259,2.41148,
48.2549,73.0926,2.69895,4.58842,-0.00723319,-0.0108398,2.42064,
48.2331,73.0926,-6.6012,7.94865,-0.00723319,-0.0108398,2.42982,
48.2549,73.0708,2.41001,0.238838,-0.00723319,-0.0108398,2.43899,
48.2331,73.0491,-4.24218,-3.30673,-0.00723319,-0.010735,2.44826,
48.2331,73.0708,-6.02349,-2.33546,-0.00728154,-0.0107491,2.45736,
48.2331,73.0708,-6.82281,-7.07709,-0.00728154,-0.0109589,2.46674,
48.2549,73.0926,3.41038,5.18321,-0.00718471,-0.0109308,2.47628,
48.2549,73.0708,4.0256,-1.25432,-0.00718471,-0.0109308,2.48585,
48.2331,73.0491,-3.78899,-9.29958,-0.00718471,-0.0110357,2.49542,
48.2114,73.0708,-5.09657,0.771055,-0.00718471,-0.0109308,2.50494,
48.2114,73.0273,-9.08996,-15.6475,-0.00723319,-0.0109447,2.51454,
48.2114,73.0926,-7.76822,9.42367,-0.00718471,-0.0108259,2.52409,
48.2549,73.0708,4.80177,0.643452,-0.00718471,-0.0109308,2.5336,
48.2767,73.0708,6.90474,4.28178,-0.00723319,-0.010735,2.54321,
48.2331,73.0708,-5.14444,-5.57431,-0.00723319,-0.0110496,2.55272,
48.2331,73.0926,-4.43448,2.69458,-0.00723319,-0.0109447,2.56233,
48.2331,73.0491,-5.12811,-4.21129,-0.00723319,-0.0108398,2.57189,
48.2549,73.0926,-1.04255,7.32231,-0.00728154,-0.0107491,2.58152,
48.2767,73.0708,6.72487,3.7886,-0.00723319,-0.010735,2.5911,
48.2767,73.0708,10.8628,-3.41314,-0.00718471,-0.0111406,2.6006,
48.2767,73.1144,3.80581,12.0788,-0.00723319,-0.010735,2.61025,
48.2767,72.9837,17.4755,-25.2067,-0.00703954,-0.0112033,2.61982,
23.2062,28.698,-2923.34,-5334.64,0.0394752,0.0610248,2.62936,
10.0273,9.65925,-828.094,-2746.75,0.0758777,0.111432,2.63897,
11.0511,19.941,604.898,580.195,0.0796051,0.0890184,2.64848,
20.8536,34.5142,1034.51,1406.63,0.0579185,0.0662658,2.65811,
36.2523,49.719,2573.88,1444.4,0.0372968,0.0306066,2.66768,
40.1079,61.1117,407.946,999.014,0.0124688,0.0167914,2.67728,
44.2468,63.2465,446.866,160.253,0.00346497,0.0172231,2.68687,
47.841,69.9776,382.306,669.821,-0.00471597,0.00499294,2.69638,
50.7165,76.273,234.022,592.171,-0.0121223,-0.0125717,2.70601,
51.8492,77.8632,58.0305,85.2331,-0.0150752,-0.0193011,2.7156,
51.9799,77.8414,11.086,1.59704,-0.0154625,-0.0183644,2.72513,
51.6749,77.4275,-39.1882,-65.1338,-0.0150268,-0.0179235,2.73469,
50.6511,76.0987,-127.06,-147.452,-0.0131389,-0.0155933,2.74422,
49.453,74.7482,-148.878,-155.925,-0.0106217,-0.0141295,2.75391,
48.6253,72.4609,-80.4772,-270.045,-0.00839497,-0.00813496,2.76344,
47.5797,70.5875,-78.8954,-178.551,-0.00597458,-0.00292345,2.77298,
47.4054,70.3043,-19.5829,-24.7916,-0.0054421,-0.00109097,2.78254,
47.34,70.2826,-10.1521,-6.84018,-0.0052968,-0.00115391,2.79205,
47.3618,70.3261,-12.2539,3.76773,-0.00539363,-0.00097219,2.80163,
47.4054,70.3261,1.03889,0.117742,-0.00534528,-0.0011678,2.81125,
47.4707,70.3261,15.6925,-1.7683,-0.00534528,-0.0011678,2.82079,
47.3836,70.3261,-1.65695,-5.02495,-0.00524845,-0.00145441,2.83037,
47.4054,70.3043,-7.16376,-6.56672,-0.0054421,-0.000986076,2.83989,
47.4054,70.3479,1.60914,-0.879064,-0.0052968,-0.00136367,2.84952,
47.4271,70.3479,4.68752,-0.756017,-0.00534528,-0.00137759,2.85917,
47.4271,70.3479,6.55311,2.46941,-0.00534528,-0.00127269,2.86874,
47.4054,70.3479,-1.57164,1.85641,-0.00534528,-0.00127269,2.8783,
47.4271,70.3697,1.02581,7.87778,-0.00539363,-0.00118195,2.88783,
47.4271,70.3261,5.01485,-0.153402,-0.00534528,-0.00106294,2.89734,
47.4489,70.3479,6.59328,0.350531,-0.00539363,-0.00118195,2.90696,
47.4271,70.3479,-0.150662,2.50176,-0.00539363,-0.00118195,2.91656,
47.4271,70.3479,7.45375,4.33665,-0.0052968,-0.00125877,2.92606,
47.4054,70.3043,-3.73807,-7.68986,-0.00539363,-0.00107705,2.93569,
47.4271,70.3261,3.81326,-0.874183,-0.00534528,-0.0011678,2.9453,
47.4054,70.3697,-6.73821,6.35881,-0.0054421,-0.00119586,2.95487,
47.4054,70.3043,-4.84218,-10.4544,-0.00534528,-0.00127269,2.96444,
47.4489,70.3261,6.61478,0.0316923,-0.00539363,-0.00107705,2.97401,
47.4054,70.3479,-4.06409,1.08322,-0.00534528,-0.00137759,2.98356,
47.4054,70.3479,-8.31046,-2.44814,-0.0054421,-0.00119586,2.99314,
47.4271,70.3479,2.16833,0.99077,-0.00534528,-0.00127269,3.00272,
47.4489,70.3261,5.44402,-0.525407,-0.00539363,-0.00107705,3.01253,
47.4271,70.3261,0.876559,-0.728549,-0.00534528,-0.0011678,3.02207,
47.4271,70.3261,-1.39716,-4.67878,-0.00539363,-0.00118195,3.03163,
47.4489,70.3479,10.2909,1.64481,-0.00534528,-0.00127269,3.04115,
47.4271,70.3479,-1.84803,-3.17322,-0.0054421,-0.00119586,3.05069,
47.4271,70.3697,-3.96654,8.1163,-0.0054421,-0.00109097,3.06023,
47.3836,70.3261,-15.0275,-1.52857,-0.0054421,-0.000986076,3.06983,
47.4489,70.3261,5.94118,-9.64953,-0.00539363,-0.0013917,3.07941,
47.4054,70.3261,-6.23562,-3.52095,-0.00539363,-0.00118195,3.08893,
47.4489,70.3697,6.22706,7.03761,-0.00539363,-0.00118195,3.09852,
47.4271,70.3043,-2.64509,-10.4601,-0.0054421,-0.00109097,3.10806,
47.4271,70.3261,1.32119,-0.482587,-0.00534528,-0.00106294,3.11767,
47.4489,70.3261,10.1137,-4.69359,-0.00534528,-0.00127269,3.12721,
47.4271,70.3479,-4.31714,4.49543,-0.0054421,-0.00109097,3.1368,
47.4271,70.3479,0.948326,0.853361,-0.00534528,-0.00127269,3.14637,
47.4054,70.3043,-7.45783,-8.52097,-0.0054421,-0.00109097,3.15593,
47.4489,70.3261,3.32176,-3.84236,-0.0054421,-0.00109097,3.1655,
47.4271,70.3479,-1.67918,2.39211,-0.00539363,-0.00118195,3.17505,
47.4271,70.3479,2.16135,3.2463,-0.00534528,-0.00127269,3.18459,
47.4054,70.3043,-7.75447,-4.89717,-0.00539363,-0.00097219,3.19419,
47.4271,70.3043,-0.94351,-6.80771,-0.00539363,-0.00107705,3.20378,
47.4271,70.3043,-2.78625,-11.7579,-0.0054421,-0.00109097,3.21342,
47.4271,70.3479,-1.43131,3.30819,-0.00539363,-0.00107705,3.22304,
47.4489,70.3261,3.52005,-3.46457,-0.00539363,-0.00118195,3.23264,
47.4271,70.3479,-2.38098,5.93165,-0.00539363,-0.00107705,3.24219,
47.4054,70.3043,-7.18225,-7.28192,-0.00539363,-0.00107705,3.25176,
47.4271,70.3479,-1.62892,0.130071,-0.00539363,-0.00118195,3.26131,
47.4271,70.3479,-2.57436,5.7054,-0.00539363,-0.00107705,3.27084,
47.4489,70.3697,-1.53631,10.2247,-0.00549045,-0.000895328,3.2804,
47.4489,70.3479,-0.411886,-0.0354321,-0.0054421,-0.00109097,3.29119,
47.4489,70.3479,11.5129,-5.80972,-0.00534528,-0.00148245,3.30082,
47.4271,70.3261,-4.20437,-4.74473,-0.0054421,-0.00109097,3.30989,
47.4271,70.3697,-7.3833,11.2826,-0.0054421,-0.000986076,3.31886,
47.4925,70.3043,10.066,-10.687,-0.00549045,-0.00100022,3.32781,
47.4489,70.3261,2.99734,-2.24258,-0.00539363,-0.00107705,3.33675,
47.4271,70.3043,-7.92202,-11.5154,-0.00549045,-0.00100022,3.34562,
40.9357,54.1192,-1332.09,-3065.12,0.00172224,0.0307725,3.35459,
19.4595,25.5394,-1851.52,-2686.9,0.0503669,0.0940735,3.36354,
10.659,14.7784,-827.631,-481.519,0.0736994,0.119401,3.37247,
14.4711,22.9689,664.389,1080.52,0.071279,0.0936322,3.3814,
23.6637,37.1499,1037.5,1622.69,0.0515771,0.066001,3.39031,
38.9316,52.333,1332.55,1692.1,0.0164866,0.0591751,3.39926,
42.2863,64.706,350.272,1020.48,0.00704714,0.00756332,3.40818,
44.9003,65.7734,237.744,179.681,0.000754109,0.0108786,3.41717,
46.534,69.1934,172.324,408.97,-0.00277971,0.00251265,3.42609,
48.5599,73.354,222.573,504.725,-0.00689436,-0.00832927,3.43503,
49.6491,75.0531,104.689,139.111,-0.0099924,-0.0141568,3.44395,
49.8015,74.77,37.9066,-58.1479,-0.0103797,-0.0139544,3.45289,
49.8669,74.9878,-3.05614,33.726,-0.0109605,-0.0126545,3.4618,
49.6055,74.5521,-25.2581,-54.2257,-0.0102829,-0.0127726,3.47073,
49.4094,74.5085,-16.8468,7.47395,-0.00989558,-0.0125556,3.47965,
49.2352,74.465,-26.0625,4.79362,-0.00955675,-0.0129817,3.48862,
49.1916,74.4214,-5.77251,0.145052,-0.00931463,-0.0134361,3.4976,
49.1481,74.3996,-12.628,-8.21276,-0.00931463,-0.013541,3.50703,
49.1481,74.4214,-9.66899,-0.613423,-0.00926627,-0.0135269,3.51652,
49.1698,74.4432,-8.5269,2.4813,-0.0093631,-0.0135549,3.52605,
49.2134,74.3996,7.81819,-5.64546,-0.00931463,-0.0134361,3.53569,
49.1698,74.4214,-2.94558,3.36202,-0.00931463,-0.0133313,3.54519,
49.2134,74.4214,3.84294,0.81525,-0.00931463,-0.0134361,3.55479,
49.1698,74.4432,-1.30515,9.29778,-0.00926627,-0.013422,3.56433,
49.1916,74.4214,-2.90032,-4.00404,-0.00931463,-0.013541,3.57388,
49.2134,74.4432,7.04505,7.00476,-0.00931463,-0.0134361,3.5834,
49.2134,74.4432,5.94709,1.2914,-0.00931463,-0.013541,3.59293,
49.2134,74.3996,7.34599,-9.25791,-0.00931463,-0.013541,3.60246,
49.1698,74.3996,-5.84166,-8.51029,-0.00931463,-0.013541,3.612,
49.2134,74.4214,12.6535,-0.983051,-0.00921792,-0.0136176,3.62153,
49.2134,74.4214,9.34866,1.3901,-0.00926627,-0.0135269,3.63104,
49.1916,74.4432,-2.9278,3.98078,-0.00931463,-0.0134361,3.6406,
49.2134,74.4214,8.14183,2.27226,-0.00926627,-0.013422,3.65013,
49.1916,74.4214,-0.103393,4.35069,-0.00931463,-0.0133313,3.65965,
49.1916,74.4214,-4.31129,-2.38157,-0.0093631,-0.01345,3.66918,
49.1698,74.3996,-4.78319,-2.93104,-0.00931463,-0.0133313,3.67871,
49.1916,74.4214,-0.506882,2.05601,-0.00931463,-0.0134361,3.68824,
49.1916,74.3996,-1.80817,-7.7218,-0.00931463,-0.013541,3.69778,
49.1916,74.4432,1.01785,10.0817,-0.00931463,-0.0133313,3.70731,
49.1916,74.4214,2.53357,-0.751646,-0.00926627,-0.0135269,3.71683,
49.2134,74.4214,-0.997453,-4.35909,-0.00941145,-0.0134642,3.7264,
49.1916,74.3996,-1.44432,-5.85846,-0.00926627,-0.0135269,3.73593,
49.1916,74.4432,-8.29762,3.40486,-0.00941145,-0.0132544,3.74544,
49.2352,74.4432,11.5482,8.33681,-0.00926627,-0.013422,3.75496,
49.2352,74.4214,11.9116,-0.802668,-0.00931463,-0.0134361,3.76454,
49.2352,74.4214,11.0691,2.09782,-0.00931463,-0.0133313,3.77406,
49.1916,74.4214,-2.17379,0.0655569,-0.00931463,-0.0134361,3.78361,
49.1698,74.3996,-18.9456,-8.55217,-0.00950828,-0.0131776,3.79313,
49.1698,74.4214,-4.16151,-2.05575,-0.00926627,-0.0135269,3.80267,
49.2134,74.4432,10.23,4.57941,-0.00926627,-0.0135269,3.81219,
49.1916,74.4432,-1.84661,1.21287,-0.00931463,-0.013541,3.82169,
49.1916,74.4214,-4.36379,-3.18996,-0.0093631,-0.0133451,3.83126,
49.2134,74.3996,10.8919,-8.645,-0.00921792,-0.0137225,3.84079,
49.1916,74.3996,-4.30345,-6.70463,-0.00941145,-0.0132544,3.85032,
49.1698,74.4214,-5.85434,-2.38206,-0.00931463,-0.013541,3.85988,
49.1698,74.4214,-10.1912,-1.50996,-0.0093631,-0.0133451,3.86938,
49.1916,74.4214,-5.32742,-3.97908,-0.0093631,-0.01345,3.87892,
49.2134,74.4432,0.907933,5.95752,-0.0093631,-0.0133451,3.88844,
49.2352,74.4214,12.8094,-0.887836,-0.00926627,-0.0135269,3.89798,
49.1698,74.4214,-7.49535,-1.7751,-0.00931463,-0.013541,3.90758,
49.1916,74.4432,-7.39044,7.08787,-0.0093631,-0.0133451,3.91712,
49.2134,74.4214,3.36249,-6.92993,-0.0093631,-0.01345,3.92663,
49.1916,74.4214,-3.82067,-1.28216,-0.00931463,-0.0134361,3.93616,
49.1916,74.4214,-3.18702,-0.393604,-0.00931463,-0.0134361,3.94576,
49.2134,74.4432,2.07459,1.78507,-0.00931463,-0.013541,3.95533,
49.2352,74.4432,6.11969,0.0518034,-0.0093631,-0.01345,3.96487,
49.1916,74.4214,-6.58933,1.80146,-0.00931463,-0.0133313,3.9744,
49.2134,74.4214,0.870123,2.91186,-0.00931463,-0.0134361,3.98395,
49.2134,74.4214,-3.17961,3.30162,-0.00941145,-0.0131495,3.99347,
49.1916,74.4214,-8.31415,-4.54452,-0.00941145,-0.0133593,4.00301,
49.2134,74.4214,-0.968876,-1.59051,-0.0093631,-0.01345,4.01255,
49.2352,74.4214,9.25656,-0.760699,-0.00931463,-0.0134361,4.02205,
49.2134,74.4432,0.655245,0.683923,-0.0093631,-0.01345,4.03162,
49.1916,74.4432,-4.99599,4.31842,-0.0093631,-0.0133451,4.04113,
49.2134,74.4432,0.20825,5.49485,-0.0093631,-0.0133451,4.05066,
49.1916,74.4214,-5.36256,6.97047,-0.0093631,-0.0131354,4.06021,
49.1916,74.4214,-0.52296,-1.5845,-0.00931463,-0.0134361,4.06975,
44.6607,70.74,-948.331,-635.415,-0.00539363,-0.00967747,4.07928,
26.5609,51.4399,-1973.47,-2606.43,0.0368127,-0.0172556,4.0888,
12.6631,20.3767,-1769.4,-2429.03,0.0633401,0.095946,4.09832,
3.86255,3.5381,-797.44,-1457.86,0.087786,0.141524,4.10785,
2.79516,9.986,346.173,793.451,0.0964025,0.10941,4.11738,
11.8789,23.1432,955.321,1480.89,0.077814,0.0845137,4.1269,
20.3308,38.1956,856.965,1512.68,0.0583057,0.0474991,4.13644,
25.5371,48.4338,526.102,978.951,0.0454777,0.0168258,4.14598,
36.7532,52.4419,1351.38,304.519,0.020456,0.0383001,4.15551,
41.9377,61.4821,638.167,890.548,0.00956424,0.0211938,4.16504,
47.9282,72.1995,629.748,1090.75,-0.00374784,-0.00374637,4.17458,
52.5463,80.5208,413.442,766.575,-0.0153172,-0.0255594,4.18412,
53.9839,82.5902,102.814,83.5753,-0.0197223,-0.0336536,4.19367,
54.0275,82.2417,-10.0168,-24.2177,-0.0201096,-0.0311437,4.20318,
52.9819,81.7624,-130.118,-90.8752,-0.0183669,-0.033051,4.21266,
51.3699,77.275,-163.93,-567.619,-0.0148815,-0.0222866,4.22227,
49.3659,72.1124,-212.45,-551.444,-0.0107185,-0.00471802,4.23178,
47.645,67.2329,-204.23,-489.951,-0.00674906,0.0119552,4.24134,
46.2726,64.3792,-131.926,-242.795,-0.00316689,0.0220134,4.25089,
45.837,63.5733,-45.9577,-29.7296,-0.00205358,0.025273,4.2604,
45.5538,63.5297,-26.0924,-13.7891,-0.00132745,0.0238053,4.26994,
45.5102,63.5733,3.51938,-1.53764,-0.0011338,0.0234419,4.27951,
45.5755,63.595,7.98117,15.6992,-0.00123063,0.0239382,4.28904,
45.4231,64.4882,-26.5307,148.396,-0.00108533,0.0207288,4.29857,
45.4231,66.1001,-0.117085,137.721,-0.000988625,0.011842,4.30809,
45.3577,67.2547,-4.93916,100.538,-0.000746501,0.00582877,4.31769,
45.4666,67.7557,19.8549,47.8131,-0.000891799,0.00326962,4.32722,
45.4013,67.6903,-7.26951,-13.5915,-0.000940151,0.00304572,4.33673,
45.5102,67.7339,4.08377,0.292541,-0.00118215,0.00349991,4.34626,
45.532,67.6903,8.2626,-5.41086,-0.0011338,0.00351403,4.3558,
45.5755,67.6685,10.979,1.61952,-0.00118215,0.00391942,4.36532,
45.4884,67.6468,-11.4715,-9.60264,-0.0011338,0.00372382,4.37486,
45.5755,67.6685,12.4931,-9.57962,-0.00118215,0.00360478,4.38438,
45.5755,67.6685,2.45223,-3.44034,-0.00123063,0.00380064,4.39393,
45.532,67.7121,5.41364,5.24573,-0.00108533,0.00352795,4.40345,
45.532,67.6903,-10.9397,2.30624,-0.00127898,0.00389139,4.41298,
45.5755,67.6685,5.73545,-5.2933,-0.00123063,0.00369575,4.42254,
45.5538,67.6685,2.34647,-9.85263,-0.00118215,0.00349991,4.43208,
45.5538,67.6468,-4.93456,-10.6893,-0.00127898,0.00389139,4.44159,
45.5538,67.6685,3.42509,-5.70551,-0.00118215,0.00370967,4.45114,
45.5974,67.6903,10.4712,2.67884,-0.00123063,0.00390554,4.46065,
45.5755,67.6685,1.05146,-8.15643,-0.00123063,0.00369575,4.47018,
45.5538,67.7121,4.34273,9.76305,-0.00118215,0.00381456,4.47972,
45.5755,67.6685,2.27773,-0.779319,-0.00123063,0.00390554,4.48924,
45.5538,67.7121,0.790122,11.7622,-0.00123063,0.0040104,4.49877,
45.532,67.6685,-11.4864,-7.09621,-0.00132745,0.00398237,4.50833,
45.5755,67.7121,6.41665,7.26493,-0.00118215,0.00381456,4.51788,
45.5538,67.6685,0.92428,-9.43774,-0.00118215,0.00360478,4.52741,
45.5538,67.6903,-5.33398,0.432193,-0.00132745,0.00398237,4.53692,
45.5538,67.6903,-4.81732,0.727769,-0.00127898,0.00389139,4.54644,
45.5538,67.6903,-7.29823,3.25452,-0.00127898,0.00399629,4.55597,
45.5538,67.6468,-6.65807,-1.33442,-0.00132745,0.00429702,4.5655,
45.5974,67.6903,9.41974,9.58262,-0.00123063,0.0040104,4.57503,
45.5755,67.6685,-3.2853,-3.64144,-0.00132745,0.00398237,4.58454,
45.5538,67.7121,-6.151,5.23937,-0.00132745,0.00398237,4.59408,
45.5755,67.6685,1.94765,-11.6288,-0.00123063,0.00359089,4.60361,
45.5538,67.6903,-5.27941,4.59395,-0.00127898,0.00410115,4.61313,
45.5974,67.6903,11.2691,1.93986,-0.00123063,0.00390554,4.6227,
45.5538,67.6685,-3.9421,-6.01796,-0.00127898,0.0037865,4.63222,
45.5102,67.6903,-21.7946,-2.30424,-0.0013758,0.00396822,4.64175,
45.6191,67.7121,13.2567,11.7233,-0.00123063,0.0040104,4.65129,
45.5755,67.6903,-4.25542,0.36673,-0.0013758,0.00407311,4.66082,
45.5755,67.7121,0.581625,4.65021,-0.00127898,0.00389139,4.67035,
45.5755,67.6903,2.52602,0.865332,-0.00127898,0.00399629,4.67988,
45.532,67.6468,-10.2462,-8.8835,-0.00127898,0.00389139,4.6895,
45.5974,67.6903,7.58546,1.51198,-0.00123063,0.00380064,4.69903,
45.532,67.7121,-14.3862,-0.672694,-0.00132745,0.00387747,4.70856,
45.5974,67.7121,7.48125,2.43535,-0.00123063,0.00369575,4.71811,
45.5974,67.7121,2.32165,5.8622,-0.00127898,0.00389139,4.72771,
45.5538,67.6685,-6.37162,-9.85949,-0.00127898,0.0037865,4.73719,
50.4115,94.8956,903.488,4838.21,-0.00679753,-0.0571768,4.74677,
56.097,100.625,88.6169,660.621,-0.0260153,-0.105529,4.75628,
56.1841,97.4225,76.3441,-597.636,-0.0245147,-0.102891,4.76581,
53.7226,83.2001,-281.038,-2780.42,-0.0206421,-0.0777502,4.77535,
51.0432,71.7856,-266.531,-1227.25,-0.0144944,-0.00203664,4.78488,
49.0827,62.0049,-206.194,-945.247,-0.00989558,0.0393616,4.79438,
47.4489,55.6877,-155.552,-576.307,-0.00587775,0.0656982,4.80393,
46.0548,53.1608,-106.769,-173.587,-0.00263441,0.0755533,4.81341,
45.227,52.638,-82.2482,-13.5216,-0.000843326,0.0757578,4.82303,
44.9438,52.6162,-31.1322,-10.7656,2.798e-05,0.0738079,4.83256,
44.8349,52.7033,-10.6155,14.3078,0.000318456,0.0733676,4.84209,
44.5518,55.1866,-31.1012,298.159,0.000899286,0.0626283,4.85163,
44.5953,58.9987,1.19622,430.006,0.000850934,0.0462523,4.86114,
44.5735,62.5059,8.9849,359.803,0.00109294,0.0274436,4.87067,
44.5735,66.0566,0.280778,368.055,0.000947759,0.0109347,4.8802,
44.6607,68.7142,9.66258,270.048,0.000802461,-0.00253227,4.88972,
44.6607,69.9122,6.02158,116.831,0.000802461,-0.0098741,4.89927,
44.5953,69.9558,-10.1872,1.51008,0.000850934,-0.0110139,4.90878,
44.6389,69.8905,2.48043,-10.8222,0.000802461,-0.010818,4.91839,
44.6824,69.934,4.71381,6.44234,0.000705757,-0.0105317,4.92791,
44.7042,69.8905,4.08528,1.99469,0.000705757,-0.0103219,4.93744,
44.6824,69.8687,-1.30364,-9.64988,0.000705757,-0.0106366,4.94697,
44.7042,69.934,6.78509,1.4631,0.000754109,-0.0108322,4.95651,
44.726,69.9122,13.4901,6.49256,0.000754109,-0.0105175,4.96602,
44.6824,69.9122,0.415879,5.20578,0.000705757,-0.0104268,4.97557,
44.6607,69.8905,-5.00828,-4.84736,0.000705757,-0.0105317,4.98509,
44.7042,69.9122,1.9952,5.55378,0.000657284,-0.0103358,4.99464,
44.6607,69.934,-6.00952,9.8155,0.000705757,-0.0105317,5.00415,
44.7042,69.8469,3.55588,-14.8145,0.000705757,-0.0105317,5.01379,
44.6824,69.9122,-5.59909,5.95374,0.000657284,-0.0103358,5.0233,
44.7042,69.8687,1.27866,-2.67596,0.000608932,-0.0101402,5.03285,
44.726,69.8905,8.97855,4.20827,0.000705757,-0.0103219,5.04237,
44.6607,69.8687,-6.87706,-4.88569,0.000705757,-0.0104268,5.05195,
44.726,69.9122,11.283,12.4472,0.000705757,-0.0101121,5.06143,
44.6824,69.8905,-1.08307,-2.12049,0.000705757,-0.0104268,5.07096,
44.7042,69.934,-0.383757,8.52402,0.000657284,-0.0104407,5.08049,
44.726,69.8687,9.89526,-2.59704,0.000705757,-0.0103219,5.09004,
44.7042,69.8905,3.90722,5.31083,0.000705757,-0.0103219,5.09958,
44.7042,69.9122,-1.63849,7.31468,0.000608932,-0.0102451,5.10912,
44.7042,69.8687,1.02472,-3.99518,0.000657284,-0.0103358,5.11867,
44.6824,69.8905,-5.3459,10.9717,0.000657284,-0.010126,5.12819,
44.6607,69.8469,-10.5512,-7.51375,0.000657284,-0.0103358,5.13766,
44.6607,69.8687,-9.98356,8.32212,0.000657284,-0.00991628,5.14727,
36.9275,56.9729,-1294.76,-1933.48,0.0110165,0.0121752,5.15676,
19.6991,34.0349,-1101.25,-1958.47,0.0524484,0.0515699,5.16631,
12.9462,19.8757,-664.447,-1398.25,0.0686166,0.0903433,5.17583,
10.9422,22.4461,120.255,436.59,0.0774752,0.0796957,5.18537,
18.1525,34.231,833.534,1219.5,0.0635822,0.0545873,5.19492,
27.1926,47.7367,942.966,1434.51,0.0435898,0.0291792,5.20448,
41.4149,60.8939,973.702,1296.19,0.0109197,0.0247331,5.21399,
46.6211,69.4766,496.891,812.302,-0.00171463,0.00282114,5.22355,
50.4986,76.1859,394.865,688.459,-0.0105249,-0.013577,5.23306,
53.0909,80.2594,237.943,351.828,-0.0171567,-0.0243095,5.24264,
53.9404,81.0436,65.2636,33.1283,-0.0197223,-0.026102,5.25217,
53.3305,80.3683,-86.4604,-101.073,-0.0189478,-0.0252482,5.26172,
51.8927,78.7781,-173.324,-193.802,-0.0160918,-0.0235812,5.27126,
50.3679,76.0987,-160.83,-353.823,-0.0125096,-0.0195013,5.2808,
48.7559,71.3935,-148.263,-506.515,-0.00883062,-0.00459038,5.29033,
47.34,67.9517,-103.466,-320.423,-0.00553893,0.00800583,5.29989,
46.2726,66.1001,-72.0685,-186.053,-0.00297324,0.0132593,5.30949,
46.1202,65.9694,-0.609847,-4.09755,-0.00239241,0.0143718,5.31905,
46.0548,65.9912,-6.83008,-0.126101,-0.00239241,0.014162,5.32858,
46.033,65.9912,-3.4228,3.20656,-0.00234394,0.0141759,5.33813,
46.0766,65.9912,-2.19153,-4.25613,-0.00239241,0.0139522,5.3477,
46.0766,66.013,-2.57168,6.6523,-0.00239241,0.014162,5.35726,
46.0983,65.9912,2.05634,-8.73033,-0.00244076,0.014043,5.36678,
46.0983,66.013,3.64103,4.73188,-0.00239241,0.014162,5.37632,
46.0983,66.013,0.113782,3.34942,-0.00244076,0.0142527,5.38585,
46.0766,66.0348,-3.21495,8.65235,-0.00239241,0.014162,5.39539,
46.033,66.0348,-5.82695,8.12964,-0.00234394,0.0139661,5.40486,
46.0112,66.0566,-3.0462,8.11334,-0.00224711,0.0136795,5.41445,
46.033,66.0784,-2.59297,1.65435,-0.00234394,0.0137563,5.42406,
46.0112,66.0784,-5.43308,-0.305709,-0.00229558,0.0135607,5.43356,
46.0112,66.0784,-4.09327,1.77039,-0.00224711,0.0134698,5.44309,
46.0112,66.0784,-8.70074,5.41448,-0.00234394,0.0137563,5.45266,
46.0548,66.0784,7.22713,4.45562,-0.00229558,0.0136656,5.46218,
46.0112,66.0566,-2.27413,-7.02801,-0.00224711,0.0133649,5.47171,
46.0548,66.0784,9.25717,3.34736,-0.00224711,0.0134698,5.48122,
46.0112,66.0566,0.264373,-2.40045,-0.00219876,0.0134839,5.49079,
46.033,66.0784,1.82015,-1.16911,-0.00224711,0.0133649,5.50031,
46.0766,66.0566,14.3652,-1.81052,-0.00229558,0.0136656,5.50981,
47.645,79.4534,365.521,2989.53,-0.00326371,-0.00276706,5.51942,
61.4121,106.288,1118.19,1430.73,-0.0331312,-0.114094,5.52896,
58.7327,105.221,-249.387,-250.776,-0.0314854,-0.122742,5.53849,
61.0854,105.395,163.038,-537.945,-0.0356969,-0.122599,5.54803,
56.7941,95.7669,-508.457,-1144.83,-0.0284841,-0.0923997,5.55756,
52.5245,75.467,-411.078,-1574.67,-0.0183669,-0.0140671,5.56733,
49.9322,63.9,-273.147,-1170.43,-0.0121223,0.0321085,5.57686,
47.2093,54.9035,-298.276,-878.721,-0.00616823,0.0669776,5.5864,
44.5299,49.0437,-264.469,-526.447,7.64534e-05,0.0867225,5.59592,
42.7219,46.5604,-154.866,-225.629,0.00448146,0.0930339,5.60542,
42.1991,46.4297,-27.361,-10.2679,0.00617572,0.0921615,5.61504,
41.7417,46.5386,-54.7076,19.3519,0.00695032,0.0906028,5.62459,
40.9139,49.0001,-51.4078,312.684,0.00908023,0.0780049,5.63414,
40.8703,53.0083,-5.18942,451.068,0.00912858,0.0591401,5.64367,
41.1971,57.4085,38.4035,474.394,0.00864458,0.0391767,5.65316,
41.4803,61.4385,18.728,445.12,0.00782163,0.0210032,5.66274,
41.7852,64.8149,21.3059,360.518,0.00724067,0.00499756,5.67223,
41.8942,67.2764,6.75456,240.227,0.00690185,-0.00747693,5.68175,
41.8288,67.8428,-12.6827,36.6793,0.00699867,-0.0124833,5.69141,
41.7417,67.7992,-8.61757,6.50144,0.00719232,-0.0123223,5.70093,
41.7199,67.6903,-9.19617,-15.8714,0.00724067,-0.0123081,5.71047,
41.7635,67.6468,15.4188,8.42207,0.00728915,-0.0117698,5.72003,
41.7852,67.6468,-4.15234,-1.15317,0.0070955,-0.0116162,5.72959,
41.807,67.6032,1.6527,-8.61461,0.0070955,-0.0115113,5.73916,
41.8288,67.6685,2.90408,7.24886,0.00704714,-0.0114205,5.74866,
41.7852,67.625,-3.83577,-3.0171,0.0070955,-0.0115113,5.75821,
41.8288,67.625,5.24968,-1.88897,0.00704714,-0.0114205,5.76774,
41.7852,67.625,-1.62103,-1.83467,0.00714397,-0.0117071,5.7773,
41.807,67.6468,3.16429,4.58632,0.00714397,-0.0116022,5.78684,
41.807,67.6032,6.18501,-8.45174,0.00714397,-0.0117071,5.79634,
41.807,67.6468,8.07592,-2.76945,0.00719232,-0.0119027,5.80589,
41.8288,67.625,4.18432,-0.0693424,0.00704714,-0.0115254,5.81542,
41.7852,67.625,-7.73991,-7.14804,0.00704714,-0.0116303,5.82495,
41.807,67.6468,0.467689,1.92889,0.0070955,-0.0116162,5.8345,
41.8288,67.6685,10.3738,8.27815,0.00714397,-0.0117071,5.844,
41.7852,67.625,-7.53824,-1.53097,0.0070955,-0.0115113,5.85351,
41.7635,67.6468,-10.5893,2.81213,0.0070955,-0.0115113,5.8631,
41.6763,66.9061,-30.1438,-193.61,0.00714397,-0.011812,5.87266,
22.5092,39.764,-1797.33,-2969.53,0.0440255,0.0202856,5.8822,
11.5303,21.6619,-905.185,-1627.74,0.0716662,0.0746557,5.89174,
8.13211,16.4121,-369.216,-160.396,0.0805248,0.0979903,5.90124,
12.3145,24.6245,663.714,1016.24,0.0764102,0.0762405,5.91101,
22.0735,39.7422,1012.58,1547,0.0553529,0.0469578,5.92077,
38.4959,55.0995,1792.73,1618.46,0.0183261,0.0433464,5.93052,
45.1835,68.1478,616.181,1206.52,0.00177071,0.00603392,5.94024,
49.1916,74.4868,408.212,522.505,-0.00752354,-0.0131267,5.95004,
52.2413,79.9544,300.533,518.741,-0.0148332,-0.025419,5.95979,
54.0058,82.1981,127.796,157.8,-0.019674,-0.030493,5.96961,
53.8533,81.8496,-36.2316,-37.3865,-0.019916,-0.0297241,5.97935,
52.6334,80.8257,-145.809,-142.712,-0.0176892,-0.0303373,5.9891,
51.0432,77.2533,-151.703,-449.743,-0.0140586,-0.0230969,5.99882,
49.1916,71.9599,-190.793,-562.795,-0.0101861,-0.00529787,6.00863,
47.4925,67.3636,-169.37,-437.651,-0.00621658,0.0105363,6.01844,
46.2944,64.8149,-95.7401,-239.207,-0.00311854,0.0189859,6.02825,
45.9023,64.4664,-34.0908,-13.3979,-0.00215041,0.0211545,6.03803,
45.7498,64.4882,-10.3729,1.09302,-0.00166628,0.0200361,6.04792,
45.8152,64.5099,12.8598,2.47538,-0.00171463,0.020022,6.05768,
45.8587,64.4882,8.07091,-7.91655,-0.00185993,0.0201898,6.06749,
45.9023,64.706,5.14281,24.9183,-0.00195676,0.0197422,6.07723,
45.6191,66.0348,-25,126.521,-0.00142428,0.0129743,6.08697,
45.6409,67.1022,-7.72442,133.769,-0.00147263,0.00845017,6.09676,
45.7063,67.2764,8.1397,12.2362,-0.00156945,0.00632446,6.10648,
45.7063,67.2982,1.30223,3.55552,-0.00156945,0.00642935,6.11622,
45.7498,67.2764,0.365723,0.821746,-0.00166628,0.00661107,6.12598,
45.7498,67.2764,-2.01726,0.370421,-0.00166628,0.00661107,6.13578,
45.7934,67.2982,5.53239,9.4478,-0.00171463,0.00680668,6.14552,
45.7498,67.2764,-6.11212,1.68181,-0.00171463,0.00670182,6.15528,
45.7934,67.2764,3.3083,4.24223,-0.00176311,0.00689766,6.16502,
45.7716,67.2764,-1.7014,4.37358,-0.00176311,0.00689766,6.17475,
45.7934,67.2547,8.26931,-9.16574,-0.00166628,0.00640128,6.1845,
45.7716,67.2764,-4.63845,-1.33087,-0.00176311,0.0067928,6.19423,
45.7934,67.2764,6.49634,4.13094,-0.00166628,0.00671593,6.20402,
45.7934,67.2329,1.10443,-3.91003,-0.00171463,0.00680668,6.21381,
45.7716,67.2764,-4.85121,1.27649,-0.00176311,0.0067928,6.22358,
45.7934,67.2764,1.25315,0.0398904,-0.00176311,0.0067928,6.23332,
45.7716,67.2547,-9.72249,-3.47355,-0.00181146,0.00688354,6.24308,
45.7934,67.2764,2.50341,1.29172,-0.00171463,0.00670182,6.2528,
45.7716,67.2547,-2.35901,-4.50209,-0.00176311,0.0067928,6.26256,
45.7716,67.2329,-3.58364,-8.19361,-0.00176311,0.00689766,6.27229,
45.7934,67.2764,8.54623,0.792378,-0.00166628,0.00661107,6.28207,
48.3856,77.9939,515.127,2330.2,-0.00432867,-0.00391486,6.29183,
58.5803,102.084,820.265,1327.95,-0.027516,-0.10502,6.30163,
59.4081,104.546,279.025,214.157,-0.03013,-0.120146,6.31137,
60.0398,99.4483,-148.64,-783.325,-0.0348739,-0.096664,6.32113,
55.5742,78.7345,-467.604,-2255.7,-0.0254829,-0.0171785,6.33085,
52.2631,65.9041,-293.622,-1209.73,-0.0171567,0.0322226,6.34061,
49.8451,58.5413,-253.91,-702.641,-0.0119287,0.0619515,6.35036,
47.2529,53.7489,-267.764,-451.44,-0.00621658,0.0765078,6.36014,
44.8785,50.7428,-226.744,-293.841,-0.000649675,0.0815825,6.36989,
43.7239,49.5883,-114.04,-91.9924,0.00244837,0.0837392,6.37972,
43.1576,49.6101,-56.0651,1.34499,0.00385215,0.0814192,6.38944,
42.2209,52.028,-71.308,281.77,0.00603054,0.0684157,6.3992,
42.1555,55.9055,-2.2187,440.364,0.00636937,0.0506838,6.40894,
42.112,59.5651,-7.39335,351.024,0.00636937,0.0313853,6.41869,
42.0684,63.1376,1.85207,362.241,0.00656302,0.0146601,6.4285,
42.112,65.8387,-1.68524,252.086,0.00636937,0.000444749,6.43826,
42.1555,67.4071,3.09451,125.37,0.00632102,-0.00837958,6.448,
42.1555,67.7557,-2.57418,14.8803,0.00627254,-0.010596,6.45783,
42.1774,67.7557,9.71947,-0.583994,0.00632102,-0.010687,6.46754,
42.1774,67.7339,-9.12888,-1.75979,0.00617572,-0.0103094,6.4773,
42.2427,67.7557,9.53216,7.64785,0.00622419,-0.0104004,6.48704,
42.2427,67.6903,0.308726,-7.44179,0.00607889,-0.0100228,6.49676,
42.2427,67.6903,-2.1622,-5.51641,0.00612737,-0.0100089,6.50657,
42.2645,67.7339,2.73328,0.521595,0.00607889,-0.0101277,6.51633,
42.2645,67.7339,0.803507,4.91887,0.00612737,-0.0101138,6.52607,
42.2863,67.7121,4.85103,-5.35954,0.00603054,-0.010037,6.53591,
42.2645,67.7121,1.20647,-1.92104,0.00612737,-0.0101138,6.54562,
42.2645,67.7121,4.23036,-1.80574,0.00612737,-0.0101138,6.55541,
42.2427,67.7339,-4.74791,0.293308,0.00612737,-0.0102187,6.56514,
42.2863,67.7339,9.26211,6.28506,0.00612737,-0.0101138,6.5749,
42.2645,67.7121,-3.20069,1.591,0.00603054,-0.00993209,6.58467,
42.2645,67.7121,-1.49191,-0.646879,0.00607889,-0.0100228,6.59442,
42.2863,67.7121,6.24193,-1.41486,0.00607889,-0.0100228,6.60418,
42.2645,67.7121,-0.483335,4.73467,0.00607889,-0.00991795,6.61393,
42.2645,67.7339,1.03265,2.93565,0.00612737,-0.0101138,6.62371,
42.2645,67.7121,1.42542,0.797762,0.00612737,-0.0101138,6.63346,
42.2645,67.6685,-1.35883,-10.1138,0.00607889,-0.0100228,6.64322,
39.0405,59.0423,-737.178,-1879.14,0.00762797,-2.95242e-05,6.65296,
18.4139,33.7953,-1461.71,-2335.16,0.0542879,0.0421391,6.66272,
13.578,26.7592,-318.36,-646.106,0.069149,0.0622841,6.67247,
10.4194,22.359,-367.753,-295.537,0.0752968,0.0752885,6.68223,
14.9939,31.312,674.814,1109.23,0.0703592,0.0566565,6.69204,
25.0361,46.6475,1051.92,1541.77,0.0489631,0.0253877,6.70176,
41.7635,62.9633,1450.71,1633.64,0.0116458,0.0170773,6.71153,
49.1916,76.0987,675.592,1240.34,-0.00684589,-0.0153425,6.72128,
53.0255,82.4377,369.647,473.991,-0.0163821,-0.0357271,6.73103,
55.4217,90.7785,197.848,1835.93,-0.02253,-0.0348869,6.74077,
55.9445,91.0181,23.2922,69.5986,-0.0243211,-0.0649722,6.75053,
55.0949,83.9408,-96.6275,-1772.46,-0.0229172,-0.0664533,6.76027,
53.5483,77.4711,-182.489,-815.924,-0.019916,-0.0158795,6.77004,
50.8689,69.3023,-255.557,-837.128,-0.0140586,0.0125633,6.77982,
48.3638,63.0505,-257.767,-621.41,-0.00858862,0.0343915,6.78957,
46.0766,59.3691,-216.594,-352.241,-0.00321536,0.0444445,6.79931,
44.6824,58.0185,-105.687,-136.494,0.000415281,0.046126,6.80905,
43.9418,58.0403,-70.013,2.0412,0.00210954,0.0440999,6.81881,
43.6586,58.0838,-8.4831,-6.91227,0.00307767,0.0416536,6.82857,
43.1576,59.979,-55.5987,264.647,0.00385215,0.0347461,6.83829,
43.0487,62.8544,-16.7719,337.063,0.0041911,0.0205801,6.84808,
43.0487,65.7298,-2.96589,281.784,0.00433628,0.00530928,6.85792,
42.9833,67.4289,-7.76885,165.3,0.00443311,-0.00452168,6.86763,
43.114,68.4528,11.2742,83.098,0.00423945,-0.00982192,6.87735,
43.0705,68.4092,-3.13889,-1.59517,0.00428781,-0.0100176,6.88711,
43.1794,68.3438,15.9213,-8.39618,0.0041911,-0.00973117,6.89687,
43.114,68.3438,-14.8697,6.70639,0.00409428,-0.00912994,6.90664,
43.1794,68.3438,-0.117649,4.75003,0.0040458,-0.00924871,6.91635,
43.1576,68.3656,-12.5501,20.0205,0.00399745,-0.00873842,6.92615,
43.2011,68.322,7.70398,1.97402,0.00409428,-0.0092348,6.93593,
43.223,68.322,8.94181,-0.646495,0.0040458,-0.00914382,6.94566,
43.1794,68.3438,-3.57535,8.02589,0.00399745,-0.00905307,6.95542,
43.1794,68.3003,-3.95505,-4.28663,0.00399745,-0.00905307,6.96518,
43.1794,68.322,-5.69916,-1.25963,0.00399745,-0.00905307,6.97433,
43.1794,68.3438,-5.00146,11.8624,0.00399745,-0.00894821,6.98348,
43.2011,68.3438,0.216075,-1.88358,0.00399745,-0.00926286,6.99268,
43.2011,68.3003,6.2943,-3.33427,0.0040458,-0.00914382,7.00179,
43.1794,68.3438,-4.26361,9.93794,0.00399745,-0.00894821,7.01101,
43.2011,68.3003,3.18019,-7.43783,0.00399745,-0.00894821,7.02018,
43.2011,68.3003,-2.4853,-6.96724,0.00394898,-0.0089621,7.02927,
43.2011,68.3438,-0.814794,1.26363,0.00399745,-0.00915797,7.03843,
43.2011,68.3438,6.01205,9.16014,0.0040458,-0.00903896,7.04745,
43.2447,68.3438,10.9576,4.64712,0.00399745,-0.00894821,7.05656,
43.1794,68.3003,-6.0418,-4.38183,0.00399745,-0.00905307,7.06567,
43.2011,68.322,-0.933931,1.73178,0.00399745,-0.00905307,7.07487,
43.1794,68.3438,-5.00232,5.31049,0.00394898,-0.0089621,7.08399,
43.1794,68.322,-9.41306,-0.984504,0.00394898,-0.0089621,7.09307,
43.1794,68.3003,-5.10577,-8.29998,0.0040458,-0.00924871,7.10222,
43.223,68.3438,5.4276,1.59336,0.00399745,-0.00915797,7.11138,
43.1576,68.322,-9.95415,-2.94696,0.0040458,-0.00914382,7.12045,
43.2011,68.3438,7.05869,6.19861,0.00409428,-0.0092348,7.12959,
43.223,68.2785,9.911,-20.002,0.0040458,-0.00935361,7.13877,
43.2011,68.3003,-2.28478,-5.11939,0.00399745,-0.00915797,7.14791,
43.2011,68.322,-3.86084,-0.512888,0.00394898,-0.0089621,7.157,
43.1794,68.322,-7.57945,-1.90177,0.00399745,-0.00905307,7.16611,
43.2447,68.322,4.58664,0.278127,0.00390063,-0.00887135,7.1752,
43.2011,68.3003,-0.973408,-3.33415,0.00399745,-0.00905307,7.18438,
43.223,68.3438,2.56499,6.28374,0.00394898,-0.0089621,7.19341,
43.2011,68.3438,-3.31313,5.40061,0.00399745,-0.00905307,7.20253,
43.2011,68.3438,-0.405397,5.28693,0.00399745,-0.00915797,7.21168,
43.2011,68.322,-3.74935,0.914068,0.00394898,-0.0089621,7.22085,
43.1794,68.3003,-8.74807,-6.36586,0.00399745,-0.00905307,7.22997,
43.223,68.3438,0.471891,4.60638,0.00394898,-0.0089621,7.23909,
43.223,68.3438,9.02627,2.35083,0.0040458,-0.00924871,7.24821,
43.223,68.322,3.61606,-0.680054,0.00399745,-0.00905307,7.25728,
43.223,68.3438,2.35529,5.52303,0.00394898,-0.00885724,7.26644,
43.1794,68.322,-5.72663,-1.84906,0.0040458,-0.00924871,7.27566,
43.1794,68.3003,-7.61335,-10.872,0.00399745,-0.00915797,7.28478,
43.2011,68.3003,-3.55054,-6.66802,0.00394898,-0.0089621,7.29392,
43.1794,68.3438,-6.12476,5.43612,0.00399745,-0.00905307,7.30301,
43.223,68.3003,3.20954,-5.78155,0.00394898,-0.0089621,7.31213,
43.223,68.3656,7.18856,9.1485,0.00399745,-0.00915797,7.32123,
43.223,68.3003,5.84182,-6.02537,0.0040458,-0.00914382,7.33036,
43.2011,68.322,3.97286,-0.238748,0.0040458,-0.00924871,7.33945,
43.223,68.3003,3.0788,-6.69631,0.00399745,-0.00905307,7.34858,
43.2011,68.3438,-4.76591,12.4993,0.00394898,-0.00875234,7.35769,
43.2011,68.3438,-2.03884,5.24939,0.00399745,-0.00905307,7.36683,
43.2011,68.322,-3.47138,3.13751,0.00394898,-0.0089621,7.37592,
43.223,68.3438,1.78737,8.22677,0.00394898,-0.00885724,7.38502,
43.2011,68.322,-2.16795,-3.50339,0.00399745,-0.00915797,7.39416,
43.1794,68.3438,-12.3481,5.08298,0.00394898,-0.0089621,7.40329,
43.223,68.322,1.54315,2.03455,0.00399745,-0.00905307,7.41239,
43.223,68.3003,-0.750771,-7.00855,0.00394898,-0.0089621,7.42148,
43.2011,68.3003,-4.52953,-7.73062,0.00394898,-0.0089621,7.43066,
43.2447,68.322,9.54008,2.34012,0.00399745,-0.00894821,7.43978,
43.223,68.3003,10.0765,-0.688175,0.0040458,-0.00903896,7.4489,
43.2011,68.322,-2.94892,2.11827,0.00394898,-0.00885724,7.45803,
43.223,68.3438,-0.0883558,6.43892,0.00394898,-0.0089621,7.46715,
43.2011,68.3003,-3.37393,-5.78481,0.00399745,-0.00905307,7.47627,
43.223,68.322,-3.13325,-4.69909,0.00390063,-0.00897624,7.48536,
43.2011,68.3003,-5.94826,-6.48718,0.00394898,-0.00906699,7.49454,
43.223,68.322,0.188037,1.32608,0.00394898,-0.00885724,7.50365,
43.223,68.322,3.39782,-7.0197,0.00394898,-0.00917189,7.51277,
43.2011,68.322,-4.73087,7.07242,0.00399745,-0.00884332,7.52199,
43.2011,68.3003,-0.187252,-6.03876,0.00399745,-0.00915797,7.5311,
43.2011,68.322,-8.25532,-4.0228,0.00390063,-0.00908114,7.5402,
43.223,68.322,-2.85893,-0.866467,0.00390063,-0.00887135,7.54932,
43.223,68.3656,0.664616,15.4412,0.00394898,-0.00885724,7.55842,
43.223,68.3656,0.0207692,6.80896,0.00394898,-0.00906699,7.56757,
43.2447,68.3003,11.9403,-13.9742,0.0040458,-0.00935361,7.57666,
43.2447,68.3003,4.10367,-9.75906,0.00394898,-0.00906699,7.58579,
43.223,68.322,3.54165,0.825526,0.00399745,-0.00905307,7.5949,
43.223,68.3003,-0.671149,-3.36088,0.00394898,-0.00885724,7.604,
43.2447,68.3438,8.96594,0.663418,0.00399745,-0.00915797,7.61309,
43.223,68.3656,1.77157,12.6698,0.00399745,-0.00894821,7.6223,
43.2447,68.322,11.7421,-4.89236,0.00399745,-0.00915797,7.63135,
43.2665,68.322,10.7436,-2.06909,0.00394898,-0.0089621,7.64045,
43.1794,68.3003,-7.12756,-7.14049,0.00399745,-0.00905307,7.64958,
43.2011,68.2785,-6.9199,-8.80291,0.00394898,-0.00885724,7.65872,
43.2011,68.3656,0.157675,14.022,0.00399745,-0.00905307,7.66782,
43.2447,68.3003,9.64758,-9.26008,0.00399745,-0.00905307,7.67695,
43.223,68.3003,2.57433,-9.29224,0.00399745,-0.00915797,7.68607,
43.2011,68.3003,-4.77661,-13.7035,0.00394898,-0.00917189,7.69522,
43.2011,68.322,-5.80314,1.12296,0.00394898,-0.00885724,7.70428,
43.2447,68.3656,-0.216371,12.7876,0.00390063,-0.00897624,7.71342,
43.223,68.2785,4.85575,-15.7039,0.00399745,-0.00915797,7.72259,
43.223,68.322,2.7743,3.98843,0.00399745,-0.00894821,7.73168,
43.223,68.322,-1.76369,-1.35853,0.00394898,-0.0089621,7.74078,
43.2447,68.322,7.39333,-5.98737,0.00394898,-0.00917189,7.7499,
43.223,68.322,1.3813,1.70129,0.00399745,-0.00894821,7.75913,
43.223,68.322,-2.62101,2.6893,0.00394898,-0.00885724,7.76823,
43.2447,68.322,-0.802202,-1.80308,0.00385215,-0.00878038,7.77729,
43.2011,68.322,-0.0620743,-1.56971,0.0040458,-0.00924871,7.7864,
43.2447,68.3438,3.74733,7.82891,0.00394898,-0.00885724,7.79549,
43.2447,68.3438,8.01047,7.01558,0.00399745,-0.00894821,7.80452,
43.2447,68.3003,9.96123,-8.78538,0.00399745,-0.00905307,7.81362,
43.223,68.3003,-1.91469,-12.544,0.00394898,-0.00917189,7.82279,
43.2447,68.322,5.93112,2.97695,0.00394898,-0.00885724,7.83199,
43.2447,68.3003,8.10047,-10.8536,0.00394898,-0.00906699,7.8411,
43.223,68.3438,-5.3261,4.9362,0.00390063,-0.00897624,7.85022,
43.223,68.3438,2.06494,6.12365,0.00399745,-0.00905307,7.85936,
43.2011,68.3656,-7.80257,12.5149,0.00394898,-0.0089621,7.86848,
43.2447,68.3438,9.16072,-0.0283242,0.00399745,-0.00926286,7.87761,
43.2447,68.322,2.54514,-7.42339,0.00390063,-0.00908114,7.88673,
43.2447,68.322,0.832502,-0.920568,0.00390063,-0.00887135,7.89586,
43.2447,68.3438,1.88525,5.20584,0.00390063,-0.00887135,7.90498,
43.2447,68.322,5.67131,2.05738,0.00394898,-0.00875234,7.91406,
43.2447,68.3656,7.65441,9.33057,0.00394898,-0.0089621,7.92323,
43.2447,68.3003,0.613819,-0.827843,0.00390063,-0.0086616,7.9323,
43.2665,68.3003,14.2689,-7.88456,0.00399745,-0.00915797,7.94138,
43.2447,68.3003,6.07489,-7.74866,0.00394898,-0.0089621,7.95053,
43.223,68.322,-0.931569,-3.22042,0.00394898,-0.00906699,7.95964,
43.223,68.3438,-4.85431,5.84609,0.00390063,-0.00897624,7.96875,
43.223,68.322,-3.45288,4.25387,0.00390063,-0.00876649,7.97784,
43.223,68.2785,4.42507,-12.6818,0.00399745,-0.00905307,7.98697,
43.2011,68.3438,-14.0236,4.46508,0.00385215,-0.00888527,7.99611,
43.223,68.322,-2.67193,1.62773,0.00394898,-0.0089621,8.00522,
43.2665,68.322,10.0042,-1.46219,0.00394898,-0.00906699,8.01434,
43.2447,68.322,8.58152,-0.794615,0.00399745,-0.00905307,8.02349,
43.2447,68.322,2.15535,-1.37185,0.00390063,-0.00908114,8.03261,
43.223,68.322,-6.56701,-1.12327,0.00390063,-0.00897624,8.04169,
43.2447,68.322,3.17309,1.86649,0.00394898,-0.00885724,8.05088,
43.223,68.322,-4.42211,-1.80648,0.00390063,-0.00887135,8.05998,
43.2665,68.3438,11.7926,3.3241,0.00394898,-0.00906699,8.06913,
43.223,68.3003,0.00511179,-5.4717,0.00394898,-0.0089621,8.07828,
43.2447,68.3003,2.22149,-9.52951,0.00394898,-0.00906699,8.0875,
43.223,68.322,-1.74753,1.23186,0.00390063,-0.00897624,8.09664,
43.2011,68.322,-7.54033,-8.76344,0.00394898,-0.00927675,8.10589,
43.223,68.3003,-3.98178,-5.52476,0.00394898,-0.0089621,8.11504,
43.223,68.3003,-3.50911,-2.79076,0.00394898,-0.00885724,8.12418,
43.2447,68.322,0.637126,1.40158,0.00390063,-0.00876649,8.1333,
43.2447,68.3003,6.01478,-6.67396,0.00399745,-0.00905307,8.1424,
43.2447,68.322,-0.556607,-5.46543,0.00390063,-0.00897624,8.15151,
43.2447,68.3003,5.94228,-9.09566,0.00394898,-0.00906699,8.16063,
43.2447,68.3438,2.04457,11.237,0.00390063,-0.00876649,8.16972,
43.223,68.3003,-1.05856,-4.85093,0.00394898,-0.00885724,8.17888,
43.223,68.3003,-1.91724,-2.02296,0.00390063,-0.00876649,8.188,
43.223,68.3656,-4.52183,12.9763,0.00390063,-0.00887135,8.19712,
43.2665,68.3438,6.56606,7.8328,0.00390063,-0.00876649,8.20625,
43.1794,68.322,-17.3835,1.31977,0.00385215,-0.00878038,8.2154,
43.223,68.2785,-2.7602,-11.7788,0.00394898,-0.0089621,8.22454,
43.223,68.322,1.36387,1.06844,0.00399745,-0.00894821,8.23361,
43.2011,68.3003,-9.65126,-8.18469,0.00390063,-0.00897624,8.24277,
43.2447,68.3438,5.6695,9.07385,0.00394898,-0.0089621,8.25196,
43.2447,68.322,2.05885,-1.26597,0.00390063,-0.00897624,8.26101,
43.2447,68.322,1.18431,2.13803,0.00390063,-0.0086616,8.27012,
43.223,68.3003,0.819607,-5.20423,0.00399745,-0.00905307,8.27927,
43.223,68.3003,3.40233,-1.28141,0.00399745,-0.00894821,8.28839,
43.223,68.322,-1.00345,-3.40727,0.00394898,-0.00906699,8.29747,
43.223,68.3438,1.47918,12.9354,0.00394898,-0.00875234,8.30663,
43.2447,68.3003,1.54391,-3.63868,0.00390063,-0.00876649,8.31576,
43.2447,68.3003,5.62204,-3.83883,0.00390063,-0.00876649,8.3249,
43.223,68.3003,-7.35419,-6.12818,0.00385215,-0.00878038,8.334,
43.2447,68.3438,2.79813,4.62253,0.00390063,-0.00887135,8.34312,
43.2447,68.322,3.44256,-10.2218,0.00390063,-0.00908114,8.35225,
43.2665,68.322,4.98511,-0.719779,0.00390063,-0.00887135,8.36134,
43.223,68.322,-6.22437,0.72091,0.00390063,-0.00887135,8.37047,
43.223,68.322,-0.575537,-1.45486,0.00394898,-0.00906699,8.37958,
43.2447,68.3003,1.46071,-1.54496,0.00390063,-0.0086616,8.38872,
43.2665,68.3003,1.91279,-7.49846,0.00385215,-0.00878038,8.39789,
43.2447,68.3003,5.35259,-0.96185,0.00399745,-0.00884332,8.40694,
43.2447,68.322,4.25057,-0.408337,0.00394898,-0.0089621,8.41603,
43.2447,68.3438,3.84712,3.37158,0.00390063,-0.00897624,8.42518,
43.2447,68.322,3.89734,-2.18237,0.00394898,-0.00906699,8.43437,
43.223,68.3438,-5.44425,9.1927,0.00390063,-0.00876649,8.44351,
43.2011,68.322,-12.0717,2.86928,0.00390063,-0.00876649,8.45265,
43.223,68.3438,-2.98862,4.53461,0.00390063,-0.00887135,8.46195,
43.2447,68.3438,0.65793,1.98926,0.00390063,-0.00897624,8.47099,
43.2447,68.3003,-0.348629,-4.04302,0.00390063,-0.00876649,8.48012,
43.2447,68.322,5.20069,4.56417,0.00394898,-0.00885724,8.48931,
43.2665,68.3438,11.3213,9.06082,0.00394898,-0.00885724,8.49844,
43.2665,68.3003,6.72999,-9.81334,0.00390063,-0.00897624,8.50762,
43.223,68.3003,-1.26495,-9.98281,0.00394898,-0.00906699,8.5167,
43.2011,68.3438,-8.37006,6.45805,0.00390063,-0.00887135,8.52584,
43.2447,68.322,5.02616,-3.84653,0.00390063,-0.00897624,8.53496,
43.223,68.322,-4.33605,8.08794,0.00390063,-0.0086616,8.54409,
43.2011,68.3438,-7.6142,5.87222,0.00394898,-0.0089621,8.55321,
43.2447,68.322,5.10527,-0.944884,0.00399745,-0.00905307,8.56234,
43.223,68.3438,-3.25221,11.8889,0.00394898,-0.00885724,8.57144,
43.223,68.322,-2.33765,6.73259,0.00390063,-0.00876649,8.58056,
43.2665,68.322,7.04709,-5.00971,0.00390063,-0.00897624,8.58971,
43.2447,68.322,0.594654,2.81914,0.00390063,-0.00887135,8.5988,
43.2011,68.3003,-13.3051,0.761726,0.00385215,-0.00857062,8.60793,
43.223,68.322,1.14288,-1.03237,0.00399745,-0.00894821,8.61699,
43.2447,68.3438,1.90471,7.80847,0.00390063,-0.00887135,8.62622,
43.223,68.3438,-2.22984,10.7794,0.00390063,-0.00876649,8.6353,
43.223,68.322,-6.3288,-0.04625,0.00385215,-0.00878038,8.64442,
43.223,68.322,-2.40682,-0.352059,0.00390063,-0.00887135,8.65358,
43.2447,68.3438,2.12516,5.96233,0.00394898,-0.0089621,8.66272,
43.2447,68.3003,7.6609,-3.97871,0.00399745,-0.00905307,8.6718,
43.223,68.3438,-3.81771,6.57837,0.00390063,-0.00887135,8.6809,
43.2447,68.2785,2.83793,-12.8076,0.00390063,-0.00887135,8.69005,
43.2447,68.3003,1.20519,-4.86016,0.00390063,-0.00887135,8.69919,
43.2447,68.3003,4.20686,-5.93623,0.00394898,-0.00906699,8.70827,
43.1794,68.3438,-10.1744,7.14471,0.00399745,-0.00905307,8.7175,
43.223,68.322,-6.25191,0.982216,0.00385215,-0.00878038,8.72667,
43.223,68.3438,-0.576185,6.3383,0.00394898,-0.0089621,8.73581,
43.2665,68.322,11.9325,3.96422,0.00394898,-0.00875234,8.74493,
43.2665,68.322,5.6391,-5.5332,0.00390063,-0.00908114,8.75404,
43.2447,68.322,5.00897,-6.84244,0.00394898,-0.00917189,8.76316,
43.2447,68.3003,-2.08126,-8.0396,0.00390063,-0.00897624,8.77231,
43.223,68.3438,-3.78526,2.00775,0.00394898,-0.0089621,8.78143,
43.223,68.2785,-0.118289,-12.7621,0.00394898,-0.0089621,8.79053,
43.223,68.322,1.85226,-2.61952,0.00399745,-0.00915797,8.79965,
43.2447,68.2785,5.26161,-16.5055,0.00394898,-0.00906699,8.80877,
43.2011,68.322,-11.7208,-7.18266,0.00390063,-0.00908114,8.81791,
43.223,68.2785,-5.60887,-14.1091,0.00390063,-0.00897624,8.82703,
43.2011,68.3003,-8.03477,-5.95564,0.00390063,-0.00876649,8.83615,
43.223,68.322,-1.37792,2.04398,0.00394898,-0.0089621,8.84532,
43.2447,68.3003,2.78474,-10.4322,0.00394898,-0.00906699,8.85452,
43.223,68.3003,-1.77895,-5.48432,0.00394898,-0.0089621,8.8637,
43.2665,68.322,1.78052,-3.53477,0.00385215,-0.00899016,8.87288,
43.2447,68.3438,3.39866,8.03323,0.00394898,-0.00885724,8.88206,
43.223,68.3438,-2.86787,4.36144,0.00394898,-0.0089621,8.89124,
43.2665,68.3003,9.83023,-5.35824,0.00394898,-0.0089621,8.90042,
43.223,68.322,-0.806791,-1.2695,0.00394898,-0.0089621,8.90958,
43.223,68.3003,-6.35443,-4.51677,0.00385215,-0.00867551,8.91877,
43.2011,68.3438,-6.92471,6.58577,0.00394898,-0.0089621,8.92799,
43.223,68.3003,-0.980527,-10.088,0.00394898,-0.00906699,8.93713,
43.223,68.3003,0.141743,-5.03675,0.00399745,-0.00905307,8.94637,
43.2447,68.3438,1.10678,3.96646,0.00390063,-0.00897624,8.95553,
43.2447,68.3438,2.63102,3.82579,0.00390063,-0.00897624,8.9647,
43.2011,68.2785,-7.67157,-15.6613,0.00394898,-0.00906699,8.97388,
43.2011,68.3656,-9.89702,14.3225,0.00390063,-0.00887135,8.98304,
43.2447,68.322,4.52774,-3.99322,0.00394898,-0.00906699,8.99222,
43.223,68.3438,5.75695,3.97197,0.0040458,-0.00914382,9.00136,
43.2665,68.322,9.40381,-4.87217,0.00390063,-0.00908114,9.01048,
43.223,68.2349,-1.19818,-21.3593,0.00394898,-0.00885724,9.01972,
43.223,68.2785,-7.84635,-14.7942,0.00385215,-0.00888527,9.0289,
43.2447,68.3438,1.97558,8.02996,0.00390063,-0.00887135,9.03811,
43.2011,68.322,-9.51992,-5.58544,0.00390063,-0.00908114,9.04727,
43.2011,68.322,-11.457,-3.54791,0.00390063,-0.00897624,9.05644,
43.2447,68.3438,4.86083,2.60204,0.00394898,-0.0089621,9.06559,
43.2447,68.322,3.11303,-5.00466,0.00394898,-0.00917189,9.07494,
43.2011,68.3003,-6.94422,-4.22705,0.00394898,-0.0089621,9.08412,
43.2447,68.3003,2.0088,-6.79078,0.00390063,-0.00887135,9.09328,
43.1794,68.3438,-10.6813,0.515626,0.00399745,-0.00905307,9.1025,
43.2447,68.322,0.404509,-4.43519,0.00390063,-0.00887135,9.11169,
43.223,68.322,-7.01095,-4.9693,0.00390063,-0.00887135,9.1209,
43.2447,68.3003,-0.225003,-5.98475,0.00390063,-0.00887135,9.13006,
43.223,68.3003,-0.730381,-5.37741,0.00394898,-0.0089621,9.13929,
43.2447,68.3656,0.349139,13.2636,0.00390063,-0.00887135,9.14843,
43.223,68.3003,-7.09121,-4.7731,0.00390063,-0.00887135,9.15763,
43.2447,68.3438,1.26231,-0.539414,0.00390063,-0.00908114,9.16679,
43.223,68.3003,-1.44908,-3.36393,0.00394898,-0.00885724,9.17597,
43.2665,68.3656,9.28668,6.21631,0.00394898,-0.00917189,9.18508,
43.223,68.3003,-6.3785,-11.3079,0.00385215,-0.00888527,9.19428,
43.2447,68.322,2.78396,-1.093,0.00394898,-0.00906699,9.20342,
43.223,68.3438,-5.45454,5.53503,0.00385215,-0.00878038,9.21259,
43.2447,68.3003,5.78433,-10.6352,0.00394898,-0.00906699,9.22174,
43.2447,68.322,5.64384,-1.45566,0.00394898,-0.0089621,9.23094,
43.2447,68.3438,1.28145,4.42287,0.00390063,-0.00887135,9.2401,
43.223,68.3438,-3.64942,5.71549,0.00390063,-0.00887135,9.24926,
43.223,68.3438,-5.70001,6.16262,0.00390063,-0.00876649,9.25846,
43.223,68.3438,0.576887,4.2712,0.00394898,-0.0089621,9.2676,
43.2665,68.2785,11.5775,-12.5399,0.00394898,-0.0089621,9.27677,
43.2447,68.3003,6.68004,-2.99206,0.00394898,-0.0089621,9.28593,
43.2447,68.3438,3.21873,6.9969,0.00394898,-0.0089621,9.29506,
43.223,68.322,-3.21842,-7.54572,0.00390063,-0.00908114,9.3042,
43.2665,68.3438,9.97325,4.6058,0.00394898,-0.0089621,9.31337,
43.223,68.322,-1.54852,-0.966247,0.00399745,-0.00905307,9.32252,
43.223,68.3438,-2.62332,1.84212,0.00394898,-0.00906699,9.33173,
43.2447,68.322,-0.828293,3.75419,0.00390063,-0.00876649,9.34087,
