-3377.37,5980,-127108,58790.4,430.335,-1650.3,9.53674e-07,
-2558.37,3776,151257,-416382,326.004,-1044.47,0.00668097,
-2558.37,3761,266587,-636134,444.221,-1651.41,0.0132959,
-3479.37,5980,-175862,83779.9,435.176,-1651.41,0.0198619,
-2637.37,3776,127056,-832733,326.896,-1651.41,0.026464,
-2565.37,5988,160599,392863,425.877,-1651.41,0.0331459,
-3358.37,5984,-123990,168672,440.144,-1652.51,0.0396399,
-2590.37,3776,152910,-831470,326.004,-1651.41,0.0463078,
-3329.37,5984,-122361,181872,424.221,-1652.51,0.052963,
-3358.37,5980,-100703,371210,425.877,-1651.41,0.0595319,
-3326.37,5984,19540.6,12157.5,427.915,-1651.41,0.0661759,
-3454.37,5984,-153662,216556,430.335,-1651.41,0.07283,
-3377.37,5984,-145164,321536,423.839,-1650.3,0.0795028,
-2558.37,3768,146740,-834010,326.896,-1651.41,0.086062,
-2558.37,5980,152144,183952,427.915,-1650.3,0.0928209,
-3479.37,5984,-181622,355491,427.915,-1651.41,0.0994539,
-2565.37,3785,335724,-823629,442.183,-1651.41,0.106128,
-3329.37,5984,-279764,221120,326.004,-1651.41,0.112776,
-3462.37,5984,-180090,8903.38,423.839,-1649.2,0.11937,
-2565.37,5984,145426,-574.741,326.896,-1652.51,0.126053,
-3391.37,5980,-161436,144302,424.221,-1651.41,0.132722,
-3398.37,5984,-148483,322294,425.877,-1650.3,0.139421,
-3329.37,3768,-123052,-831944,339.125,-1651.41,0.146009,
-3358.37,5984,-131625,184247,429.953,-1651.41,0.152674,
-3329.37,5984,-113917,197647,429.953,-1650.3,0.159339,
-2814.37,3768,55086.5,-836219,326.004,-1651.41,0.165926,
-3342.37,5980,-99011.2,340503,431.1,-1650.3,0.17253,
-3342.37,5980,-257968,378464,342.31,-1650.3,0.179134,
-2565.37,3768,143068,-830519,326.004,-1650.3,0.185792,
-3358.37,5976,-118568,375589,440.144,-1650.3,0.192438,
-3329.37,5976,-98760.8,324772,427.915,-1650.3,0.199043,
-2622.37,3768,137100,-830442,334.157,-1649.2,0.205742,
-3329.37,5976,-273679,117881,334.157,-1650.3,0.212387,
-3358.37,5980,-257042,110299,340.654,-1650.3,0.219079,
-2565.37,5976,288713,786.697,427.915,-1651.41,0.225658,
-3391.37,5984,-143137,157839,425.877,-1651.41,0.232303,
-3329.37,5984,-126961,373414,425.877,-1651.41,0.238908,
-2558.37,3776,306228,-823717,425.877,-1650.3,0.245523,
-3470.37,5980,-158319,287048,441.163,-1651.41,0.25212,
-3329.37,5980,-249747,111718,330.081,-1651.41,0.258743,
-2558.37,3768,290445,-832356,427.915,-1651.41,0.265349,
-3358.37,5976,-287868,339674,326.004,-1650.3,0.271981,
-2686.37,5980,-15311.8,640138,336.068,-1039.77,0.278571,
-2814.37,3776,178106,-816643,427.915,-1649.2,0.285206,
-3358.37,5984,-288851,395679,326.004,-1649.2,0.291774,
-3397.37,5980,-283829,427015,326.004,-1041.98,0.298393,
-2725.37,5980,258760,12867.7,444.221,-1650.3,0.305055,
-3502.37,5976,-245675,728714,342.31,-1041.98,0.311645,
-3486.37,5976,-223019,437984,336.068,-1041.98,0.318271,
-2686.37,3776,258325,-820879,431.992,-1650.3,0.324903,
-3390.37,5988,-266448,80927.7,342.31,-1650.3,0.33151,
-3397.37,5984,-244239,734195,342.31,-1037.84,0.338124,
-2686.37,5992,261710,26546.2,432.883,-1650.3,0.344735,
-2686.37,5988,9136.87,626220,342.31,-1039.77,0.351362,
-3390.37,5988,-175488,439329,344.221,-1041.98,0.357937,
-3397.37,5980,5581.5,12685,431.992,-1651.41,0.364588,
-3390.37,5980,-231037,516667,342.31,-1041.98,0.371151,
-3397.37,5988,-41812.7,438702,431.992,-1041.98,0.377828,
-2661.37,5984,273314,12954.7,430.335,-1651.41,0.384394,
-3479.37,5980,-166374,726954,428.807,-1039.77,0.391038,
-3390.37,5984,-244031,-225786,336.068,-2168.37,0.397694,
-3486.37,5984,-59139.7,-5350.57,423.839,-1649.2,0.404305,
-2565.37,5980,33313.3,155409,330.081,-1651.41,0.410965,
-2558.37,5980,29868.6,734452,330.081,-1044.47,0.417576,
-3358.37,5984,4954.02,24376,440.272,-1650.3,0.424134,
-2590.37,5988,19665.3,680003,326.004,-1041.98,0.430814,
-2565.37,3776,19996.8,-816312,326.004,-1652.51,0.437439,
-3358.37,5988,9828.02,28675.4,444.221,-1650.3,0.444044,
-2622.37,3785,77783.9,-48672.9,330.081,-1041.98,0.450644,
-2558.37,3768,79250.7,-575662,336.068,-1650.3,0.457236,
-3479.37,5984,-43768.1,34029.8,441.163,-1651.41,0.463851,
-2622.37,5984,27166.9,721182,334.157,-1044.47,0.470541,
-2590.37,5984,71655.8,650284,334.157,-1041.98,0.47715,
-3479.37,5980,-48593,19942.9,430.335,-1650.3,0.4837,
-2637.37,5988,15338.8,730875,334.157,-1039.77,0.490393,
-3365.37,3776,-219279,-394774,336.068,-1041.98,0.496937,
-3479.37,5980,-28441.1,38191.8,434.412,-1651.41,0.50359,
-2637.37,3768,65768.5,-212187,350.463,-1041.98,0.510243,
-2622.37,5988,50797.2,464632,330.081,-1044.47,0.51681,
-3342.37,5984,7075.92,12907.4,430.335,-1652.51,0.523435,
-2637.37,3776,3750.3,-468406,334.157,-1651.41,0.529992,
-2590.37,3785,46242.4,-379261,326.004,-1044.47,0.536683,
-3342.37,5980,-536.319,39277.8,430.335,-1650.3,0.543266,
-2565.37,5984,77845.1,-1310.58,343.202,-1654.72,0.549906,
-2590.37,3785,127070,-833532,330.081,-1651.41,0.556502,
-3358.37,5992,19597.1,27919.8,444.221,-1652.51,0.563069,
-2622.37,5984,7510.35,780980,330.081,-1044.47,0.569721,
-2558.37,3785,65976,-391946,336.068,-1044.47,0.576396,
-3454.37,5988,-60810.2,40446.9,431.992,-1652.51,0.582913,
-2622.37,5984,41691.2,728629,336.068,-1044.47,0.58959,
-2686.37,5988,113389,448557,344.221,-1044.47,0.596179,
-3390.37,5992,-23121.1,67311.5,436.45,-1653.62,0.602791,
-2686.37,5984,20805.8,625942,342.31,-1044.47,0.609417,
-2757.37,5988,41594.5,20601.1,354.539,-1651.41,0.615981,
-3510.37,5984,-46503.1,53733.5,446.386,-1649.2,0.622669,
-2817.37,3776,21292.4,-723315,358.998,-1652.51,0.629301,
-2757.37,5988,37437.5,498877,351.355,-1044.47,0.635876,
-3425.37,5988,-2478.53,67085.8,447.278,-1652.51,0.642538,
-2757.37,3776,18147.8,-709502,342.31,-1652.51,0.649146,
-2782.37,5992,87602,501682,351.355,-1041.98,0.655776,
-3438.37,5984,-29220,12957,436.45,-1653.62,0.662359,
-2817.37,5992,18846,2012.53,351.355,-1652.51,0.669011,
-2817.37,3785,66750.2,-416132,358.998,-1044.47,0.675578,
-3462.37,5992,-25612.9,91662,441.163,-1653.62,0.682285,
-2830.37,3785,111920,-207959,354.539,-1046.67,0.688885,
-2814.37,5988,95300.2,44704.8,358.998,-1652.51,0.695537,
-3479.37,5996,-20446,1770.53,448.297,-1655.82,0.702154,
-2817.37,3816,60185.7,-203107,358.616,-1051.09,0.708778,
-2853.37,6012,204412,47194.8,440.144,-1658.03,0.715376,
-3479.37,6012,-31018.5,52382.1,440.144,-1660.24,0.722033,
-2814.37,3856,64348.1,-96522.1,358.616,-1059.92,0.728656,
-2829.37,3865,96797.6,-1.08493e+06,358.616,-2197.08,0.735201,
-3503.37,6044,-30395.9,21158.2,449.444,-1664.66,0.741815,
-2885.37,3904,113268,-604948,367.66,-1670.18,0.74848,
-2910.37,3928,53434.8,-622099,367.66,-1671.28,0.755087,
-3518.37,6068,-50404.8,184158,452.501,-1673.49,0.761641,
-2981.37,6081,38562.9,603183,375.813,-1093.04,0.768309,
-2974.37,4008,162905,-618184,452.501,-1682.32,0.774937,
-3574.37,6112,-58067.1,179696,452.501,-1686.74,0.78155,
-3038.37,6136,91981.9,590965,383.074,-1123.96,0.788154,
-3057.37,6156,151735,117921,456.45,-1696.67,0.794733,
-3586.37,6176,-42435.9,6617,457.979,-1703.3,0.801415,
-3089.37,4112,42028.2,-402092,391.227,-1150.18,0.808025,
-3089.37,4209,96151,-579021,458.616,-1711.03,0.814642,
-3606.37,6216,-46848.4,124348,458.616,-1715.44,0.821314,
-3118.37,4256,44998.1,-367048,397.342,-1172.53,0.827919,
-3077.37,4288,175981,-610259,460.527,-1720.96,0.834488,
-3626.37,6252,-49067,165883,460.654,-1724.27,0.841177,
-3137.37,4336,83334.6,-356756,395.304,-1194.34,0.847723,
-3166.37,6272,108426,173390,462.565,-1728.69,0.854359,
-3630.37,6284,-39705.3,143917,463.584,-1733.11,0.861021,
-3166.37,4393,76561,-171406,403.456,-1209.79,0.867565,
-3070.37,6300,129268,86227.7,462.565,-1738.63,0.874243,
-3646.37,6308,-51305.9,49111.4,464.093,-1739.73,0.880821,
-3093.37,4456,100177,-699503,392.119,-1743.04,0.887428,
-3102.37,4497,154910,-626068,466.132,-1746.36,0.894087,
-3662.37,6352,-93440.3,27096.1,465.622,-1750.77,0.900739,
-3598.37,6376,2398.47,177149,456.832,-1758.5,0.907361,
-3201.37,4593,94059,-544890,468.17,-1760.71,0.913978,
-3674.37,6412,-88911.2,115590,468.679,-1766.23,0.920601,
-3198.37,4657,97685.4,-662391,415.813,-1772.85,0.927167,
-3237.37,6444,86301.1,149739,469.699,-1776.16,0.93382,
-3690.37,6452,-50008.9,212449,467.023,-1779.48,0.940416,
-3297.37,4745,64390.8,-481770,415.686,-1785,0.947045,
-3695.37,6488,-74708.3,150708,471.737,-1789.41,0.953657,
-3710.37,6496,-91798.8,205707,472.756,-1793.83,0.960272,
-3102.37,6512,204040,9074.15,456.832,-1796.04,0.966877,
-3734.37,6520,-113492,79859.7,473.775,-1799.35,0.973504,
-3614.37,6532,-59567.9,41948,476.323,-1803.77,0.980117,
-3070.37,6552,247475,4520.7,476.832,-1805.97,0.98668,
-3742.37,6560,-94972.3,260507,474.794,-1811.49,0.993382,
-3742.37,6580,-98177.8,85796.4,468.679,-1815.91,0.999995,
-3269.37,6604,86396.5,308744,420.144,-1382.02,1.00663,
-3774.37,6612,-55503.6,52008.7,471.737,-1824.74,1.01324,
-3695.37,6624,-51635.3,1720.54,480.399,-1828.05,1.01982,
-3213.37,5113,113353,-579502,420.144,-1835.78,1.02649,
-3702.37,6672,-67725.1,92423.5,472.883,-1842.41,1.03309,
-3766.37,6696,-79065.1,254085,480.399,-1845.72,1.03963,
-3213.37,5241,117531,-544255,421.8,-1849.03,1.04634,
-3766.37,6740,-102049,22549.4,471.737,-1858.97,1.05298,
-3742.37,6760,-73113.7,138523,478.998,-1864.49,1.05951,
-3198.37,5368,113123,-259906,415.686,-1479.46,1.06617,
-3750.37,6808,-118611,62027.8,464.603,-1877.74,1.07277,
-3735.37,6836,-176596,201549,407.533,-1884.36,1.07939,
-3149.37,5520,219210,-497047,477.979,-1890.98,1.08604,
-3695.37,6880,-167256,111996,415.686,-1898.71,1.09265,
-3766.37,6912,-186122,251128,420.144,-1554.25,1.09929,
-3329.37,6940,145734,13050.1,471.737,-1913.06,1.10592,
-3774.37,6964,-133379,92354.9,424.221,-1919.69,1.11252,
-3770.37,6984,-155935,404074,424.221,-1594,1.11909,
-3310.37,5833,156336,-428268,471.737,-1932.94,1.12576,
-3766.37,7032,-174579,267239,416.577,-1618.29,1.13239,
-3695.37,7056,-134423,231477,419.762,-1627.12,1.13897,
-3297.37,5961,158664,-411130,470.718,-1951.71,1.1456,
-3766.37,7100,-173811,356496,421.8,-1653.62,1.15221,
-3681.37,7128,-72396.3,14926,465.495,-1966.06,1.15884,
-3213.37,6129,129587,-383982,437.214,-1973.79,1.16545,
-3681.37,7188,-168798,350054,412.501,-1704.4,1.17208,
-3662.37,7228,-176563,17761.6,399.38,-1991.45,1.17868,
-3198.37,7256,192170,4622.74,475.941,-2001.39,1.18531,
-3726.37,7292,-176031,263897,407.533,-1762.09,1.19187,
-3735.37,7316,-186461,258890,407.533,-1777.27,1.19847,
-3269.37,6505,153585,-306802,468.679,-2027.88,1.20516,
-3702.37,7384,-179339,288710,409.444,-1810.39,1.21177,
-3695.37,7416,-157246,236010,416.577,-1828.33,1.21836,
-3695.37,7440,18238,9355.61,478.998,-2053.28,1.22505,
-3695.37,7472,-150580,131065,416.577,-2061.01,1.2316,
-3269.37,7504,11285.7,204380,416.577,-1881.05,1.23828,
-3742.37,7536,-11090.4,11096.4,478.998,-2078.67,1.24489,
-3149.37,7576,119905,216077,448.297,-1916.38,1.25148,
-3070.37,7620,43051.4,184411,391.227,-1936.25,1.25815,
-3738.37,7652,-14412.7,11330.9,476.323,-2108.48,1.26478,
-3582.37,7192,-115911,-157331,399.38,-2119.52,1.27136,
-3201.37,7264,7066.39,-117369,392.119,-2128.35,1.27798,
-3711.37,7756,-30117.6,11950.4,464.73,-2138.29,1.28459,
-3173.37,7369,103210,-23152.7,462.947,-2031.2,1.29122,
-3077.37,7432,68001.3,-127078,404.348,-2154.85,1.29779,
-3711.37,7836,-1885.47,10315.2,478.87,-2160.37,1.30447,
-3070.37,7561,44826.4,-79138.7,407.533,-2169.2,1.31103,
-3070.37,7641,55744.9,-11737.6,392.119,-2104.06,1.3177,
-3185.37,7968,169404,12963.9,462.947,-2196.8,1.32427,
-3134.37,7825,25290.9,-55078.3,404.348,-2210.05,1.33098,
-3614.37,8044,-127194,19181.6,404.348,-2221.09,1.33756,
-3735.37,8076,-9387.23,4381.72,474.794,-2227.71,1.34414,
-3077.37,8112,34446.2,23196.4,391.227,-2235.44,1.35079,
-3237.37,8096,2050.82,-12186.6,392.119,-2245.38,1.35741,
-3758.37,8184,-31223.6,9255.96,475.941,-2254.21,1.36396,
-3198.37,56,90570.2,-375413,433.902,-13.2981,1.37069,
-3198.37,8256,51010.2,184114,391.227,-2278.5,1.37726,
-3726.37,8296,-29011.8,11885.8,465.622,-2287.33,1.38384,
-3173.37,280,94234.6,-1.47035e+06,456.832,0.226296,1.39047,
-3102.37,8364,69184.8,2.42744e+06,404.348,-90.3045,1.39713,
-3622.37,8408,12846.1,82658.2,474.794,-2317.14,1.40369,
-3134.37,8448,25983.9,1.15667e+06,400.272,-2329.29,1.41044,
-3070.37,577,35939.3,-1.45196e+06,395.304,-159.031,1.41707,
-3726.37,8504,-56603.8,144133,460.527,-2345.85,1.42364,
-3173.37,681,130612,-635269,460.527,-93.3406,1.4303,
-3582.37,737,-84296.2,-2.60309e+06,404.348,-2361.3,1.43692,
-3738.37,8596,-23327.9,294643,473.775,-2369.03,1.44354,
-3173.37,707,25972,-352129,404.348,-176.419,1.45015,
-3582.37,961,-74955.6,-1.08816e+06,460.527,-260.326,1.45676,
-3734.37,8720,-27329.2,155774,475.304,-2403.26,1.4634,
-3141.37,8297,53780.2,-68313.9,400.272,-2274.91,1.47,
-3102.37,8792,90777.7,1.63414e+06,395.304,-340.644,1.4766,
-3718.37,1264,-37359.9,-2.79255e+06,473.775,-2433.06,1.48319,
-3102.37,8856,20085.2,1.5291e+06,392.119,-358.309,1.48981,
-3077.37,1384,65610.5,-2.79112e+06,395.304,-2450.73,1.49643,
-3718.37,8928,-61339.6,271757,458.616,-2461.77,1.50301,
-3333.37,8964,-40526.2,2.48145e+06,395.304,-419.583,1.50967,
-3077.37,1657,77868,-2.17721e+06,392.119,-2487.16,1.51627,
-3706.37,9064,-26478.3,285415,472.246,-2499.31,1.52288,
-3262.37,1832,41538.1,-1.7034e+06,415.686,-2510.35,1.52951,
-3269.37,9140,120055,122982,469.062,-2521.39,1.53611,
-3698.37,9172,-18155.9,179193,470.845,-2529.12,1.54279,
-3269.37,2041,21147.7,-1.346e+06,415.686,-558.415,1.54942,
-3297.37,9256,58860,293399,420.144,-2552.3,1.55602,
-3710.37,9292,-21083.1,11530.9,471.737,-2565.55,1.56271,
-3269.37,9344,29648.9,677798,421.8,-2575.48,1.56934,
-3262.37,2392,63660.5,-1.1211e+06,415.686,-653.362,1.57595,
-3662.37,9420,-65230.2,468148,471.227,-2596.46,1.58259,
-3198.37,2545,127912,-1.28786e+06,464.603,-697.523,1.58922,
-3198.37,2641,50282,-1.16281e+06,407.533,-719.88,1.59581,
-3678.37,9544,-44964,456965,468.679,-2631.79,1.60238,
-3237.37,2760,163083,-1.27246e+06,467.023,-761.557,1.60909,
-3297.37,2808,133193,-2.12419e+06,469.062,-2646.14,1.61565,
-3702.37,9620,-24129.6,578032,471.737,-2653.87,1.62234,
-3077.37,9652,27668.9,1.94401e+06,391.227,-801.578,1.62896,
-3585.37,3000,-6881.88,-2.48134e+06,472.246,-2672.64,1.63553,
-3303.37,9748,95425.1,567097,471.737,-2685.89,1.64221,
-3297.37,3240,25543,-1.21033e+06,415.686,-883.829,1.64883,
-3262.37,3289,123243,-2.35138e+06,470.718,-2713.49,1.65545,
-3686.37,9872,-39687.1,396002,467.023,-2722.32,1.6621,
-3262.37,3424,13580,-2.43863e+06,415.686,-2731.15,1.66874,
-3237.37,3512,127217,-2.2006e+06,469.826,-2741.09,1.67533,
-3690.37,9992,-42407.2,395386,469.826,-2754.34,1.68193,
-3262.37,10036,36364.6,19256.7,415.686,-2767.59,1.68856,
-3269.37,3800,122709,-2.06742e+06,471.737,-2783.04,1.69517,
-3695.37,10124,-37007.4,89736.1,470.845,-2791.88,1.70179,
-3297.37,3944,65043.2,-2.34512e+06,420.144,-2800.71,1.70845,
-3310.37,4025,112350,-1.8221e+06,470.845,-2815.06,1.71507,
-3702.37,10256,-32032.2,532352,471.737,-2828.31,1.72168,
-3077.37,4208,231293,-1.12947e+06,471.737,-1159.29,1.7283,
-3077.37,10336,191689,544585,458.616,-2849.29,1.73486,
-3585.37,10368,-36142,307722,459.507,-2859.22,1.74154,
-3134.37,10404,85688.7,1.15122e+06,395.304,-1218.63,1.74816,
-3134.37,4504,150528,-1.92382e+06,460.527,-2879.09,1.75479,
-3614.37,10500,-63079,88339.9,475.813,-2895.65,1.76134,
-3134.37,10536,100792,8238.56,404.348,-2905.59,1.76796,
-3077.37,10572,123975,4605.93,458.488,-2916.63,1.77459,
-3718.37,10612,-228434,143291,395.686,-2925.46,1.78125,
-3102.37,4643,48272.7,-1.16859e+06,395.304,-1344.76,1.78789,
-3615.37,10668,-90194.7,1.055e+06,458.488,-2944.23,1.79451,
-3585.37,10708,21650.9,325304,474.794,-2951.96,1.80142,
-3134.37,5096,27465.3,-2.12791e+06,391.227,-2964.1,1.80808,
-3633.37,5161,-75661.8,-1.11432e+06,474.794,-2974.04,1.8147,
-3738.37,10804,-123118,1.02994e+06,462.947,-2980.67,1.82128,
-3134.37,10836,188826,1.08909e+06,456.45,-1457.37,1.82781,
-3237.37,10864,66544.2,950007,464.603,-2997.23,1.83441,
-3633.37,10892,-94226.5,682683,462.947,-3004.95,1.84108,
-3173.37,5481,101918,-2.03112e+06,407.915,-3015.99,1.8477,
-3711.37,10976,-100081,840351,464.73,-3025.93,1.85433,
-3738.37,11016,-101207,285958,474.794,-3040.28,1.86096,
-3134.37,5728,200495,-1.99615e+06,460.527,-3049.12,1.86752,
-3711.37,11088,-54268.2,946111,473.775,-3057.95,1.87419,
-3166.37,11116,113228,1.78135e+06,472.883,-1611.94,1.88081,
-3102.37,5920,124233,-926667,407.533,-1627.12,1.88746,
-3654.37,11180,-86052.3,841170,474.794,-3082.24,1.89406,
-3237.37,11204,94601.4,889547,474.794,-3089.96,1.90074,
-3277.37,6096,74702.7,-935651,415.686,-1675.97,1.90735,
-3750.37,11280,-206741,582397,407.533,-3112.05,1.91399,
-3654.37,11328,-78998.5,746019,467.023,-3120.88,1.92059,
-3070.37,11364,217743,26339,464.603,-3136.33,1.92716,
-3647.37,11408,-69991,359237,460.527,-3146.27,1.93383,
-3738.37,11440,-96769.2,132136,476.832,-3157.31,1.94044,
-3173.37,6577,106609,-1.83928e+06,407.915,-3166.14,1.94701,
-3738.37,11524,-103674,1.33045e+06,475.941,-1834.95,1.95369,
-3735.37,11564,-102577,616776,476.323,-3190.43,1.96032,
-3198.37,11600,98425.5,23913.4,407.915,-3201.47,1.96694,
-3654.37,11624,-73927,765598,476.832,-3206.99,1.97358,
-3662.37,11652,-167305,474575,407.533,-3214.72,1.9802,
-3070.37,11684,140492,20593,407.533,-3221.34,1.98681,
-3742.37,11736,-233819,341003,392.119,-3233.49,1.99344,
-3654.37,11776,-198203,1.54806e+06,392.119,-1975.99,2.00009,
-3198.37,7248,92136.9,-1.67299e+06,407.915,-3259.99,2.00669,
-3726.37,11860,-235005,1.34806e+06,395.304,-2022.36,2.0133,
-3742.37,11888,-200754,256566,407.533,-3279.86,2.0199,
-3214.37,11912,192045,10848.6,477.342,-3286.48,2.0265,
-3758.37,11936,-195974,2605.34,407.533,-3294.21,2.03317,
-3735.37,11968,-202757,620922,407.533,-3301.94,2.03982,
-3149.37,12008,212755,24597.3,473.775,-3312.98,2.04644,
-3646.37,12056,-147119,1.4482e+06,407.533,-2128.35,2.05307,
-3726.37,12112,-171767,1.47705e+06,412.501,-2157.33,2.05961,
-3665.37,12148,17231,52114.8,477.979,-3350.52,2.06628,
-3738.37,12180,-235571,1.30495e+06,392.119,-2199.29,2.0729,
-3742.37,12220,-197109,438875,404.348,-3371.49,2.07954,
-3738.37,12268,-39607.8,22122.3,462.565,-3382.53,2.08616,
-3738.37,12316,-158883,1.26659e+06,404.348,-2269.94,2.09278,
-3647.37,12352,-168674,1.38411e+06,404.348,-2293.96,2.09938,
-3726.37,8401,-39169,-1.45827e+06,462.565,-3416.76,2.10605,
-3198.37,8449,80836.9,-413854,456.832,-2327.08,2.11267,
-3735.37,12452,-213467,1.39333e+06,391.227,-2346.95,2.11928,
-3614.37,12500,38852.1,52873.7,475.941,-3445.46,2.12591,
-3633.37,12540,-171100,1.3844e+06,399.38,-2389.73,2.13252,
-3738.37,12584,-164187,1.17064e+06,399.38,-2417.61,2.13911,
-3711.37,12620,-2289.6,38771.9,472.883,-3484.1,2.14576,
-3134.37,8928,14354.6,21872.8,392.119,-2380.07,2.15238,
-3198.37,12684,-5716.96,269740,391.227,-3497.35,2.159,
-3198.37,12708,182087,11920,472.883,-3506.19,2.16562,
-3198.37,12748,-8774.3,924409,407.915,-2510.35,2.17229,
-3198.37,9209,21785.7,-115241,407.533,-2516.97,2.17906,
-3654.37,12840,11294.6,86741.9,476.832,-3542.62,2.18551,
-3173.37,9401,46276.7,-63441.3,408.425,-2583.49,2.19212,
-3134.37,9472,51514.8,-562527,404.348,-2607.78,2.19876,
-3633.37,12956,23474.8,68679.7,474.794,-3574.64,2.20537,
-3173.37,12992,86.3252,90484.8,399.38,-3581.26,2.21197,
-3134.37,9649,47179.7,-311567,407.533,-2660.77,2.21855,
-3710.37,13060,-21089,76255.7,464.73,-3600.03,2.2252,
-3198.37,13104,-5933.07,872909,392.119,-2704.66,2.23184,
-3173.37,9881,35571.6,-274758,407.915,-2724.53,2.23842,
-3711.37,13168,-10605.8,74281.3,472.756,-3629.84,2.24511,
-3070.37,9992,78457.1,-144160,409.571,-2755.72,2.25166,
-3134.37,13220,37826.3,377652,391.227,-3645.29,2.25834,
-3726.37,13240,-14521.3,14536.6,474.794,-3653.02,2.26495,
-3173.37,10184,-2610.64,-279767,395.304,-2804.02,2.27157,
-3134.37,13324,90129,357046,427.915,-3675.1,2.27819,
-3738.37,13364,-24972.9,17483.4,474.794,-3685.04,2.28482,
-3166.37,10401,22964.9,-277512,404.348,-2868.05,2.29144,
-3429.37,10464,-54712.8,-777743,404.348,-3703.81,2.298,
-3647.37,13448,10933.7,49285.7,473.775,-3710.43,2.30473,
-3134.37,13476,52172.4,694940,392.119,-2912.49,2.31135,
-3070.37,13500,192476,26255.5,456.45,-3723.68,2.31797,
-3662.37,13520,8900.18,2997.16,474.794,-3731.41,2.3246,
-3070.37,10721,41416.2,-332648,391.227,-2958.86,2.33115,
-3149.37,13592,39444.5,594346,407.533,-2978.46,2.33782,
-3726.37,13624,-43376.5,89147.1,465.622,-3757.91,2.34442,
-3454.37,10929,-100139,-379237,395.304,-3014.06,2.35102,
-3070.37,13680,82211.8,890888,407.533,-3027.03,2.35768,
-3726.37,13704,-31127.6,96831.9,476.832,-3779.99,2.3643,
-3198.37,11049,11527.3,-119375,407.533,-3046.91,2.37094,
-3646.37,13732,-88008.6,629749,420.144,-3055.74,2.37753,
-3681.37,13744,-8396.95,83904.8,468.679,-3793.23,2.38419,
-3269.37,11136,7720.16,-862431,407.533,-3795.44,2.39083,
-3269.37,13764,75347.9,96631.4,420.144,-3799.86,2.39739,
-3702.37,13784,-77537.8,68330.8,418.106,-3802.07,2.40408,
-3310.37,13800,17801.4,863910,424.221,-3093.28,2.41071,
-3329.37,13820,58610.5,515353,424.221,-3104.59,2.41736,
-3778.37,13860,-30321.2,24514.1,478.998,-3820.83,2.42394,
-3329.37,13876,19365.3,716125,423.839,-3135.23,2.43059,
-3326.37,11441,80314.9,-435997,428.807,-3152.89,2.43721,
-3782.37,13944,-35945.9,49499.5,472.756,-3846.23,2.44378,
-3358.37,13976,7934.52,579734,423.839,-3188.22,2.45046,
-3365.37,14004,101336,530352,472.756,-3203.68,2.45708,
-3778.37,11705,-56469.1,-803511,480.909,-3873.83,2.46367,
-3326.37,14088,43604.2,146779,425.877,-3885.97,2.47035,
-3294.37,11904,49646.5,-353852,420.144,-3278.75,2.47696,
-3774.37,14188,-22630.3,46844.2,479.89,-3914.68,2.48357,
-3297.37,14232,81435.6,624375,419.762,-3327.33,2.49021,
-3269.37,14264,86328.9,74545.4,424.221,-3934.55,2.49681,
-3774.37,14292,-42847.2,7067.79,470.845,-3942.28,2.50347,
-3711.37,12264,-142199,-237116,416.577,-3382.81,2.5101,
-3269.37,12344,85053.8,-287209,421.8,-3406.82,2.51671,
-3759.37,14416,-23453.8,46862.6,479.89,-3975.4,2.52342,
-3262.37,14448,85057.3,196579,442.055,-3978.71,2.53008,
-3269.37,12601,38552.2,-657758,412.501,-3997.48,2.53671,
-3726.37,14524,-57448.1,73126.3,464.603,-4007.42,2.5433,
-3077.37,14568,64687.2,185637,391.227,-4014.04,2.54994,
-3070.37,14612,96454.4,142540,407.915,-4028.39,2.55655,
-3647.37,14660,-42578.8,11734,464.603,-4043.85,2.56317,
-3173.37,12691,61829.9,-754945,404.348,-4055.99,2.56978,
-3633.37,12816,-125226,-648481,407.915,-4062.62,2.57639,
-3726.37,14764,-59273.3,68802.1,473.775,-4073.66,2.583,
-3390.37,13235,-42763.8,-291701,399.38,-3651.92,2.58963,
-3134.37,14884,171348,146693,472.883,-4104.57,2.59627,
-3734.37,14936,-58014.2,9123.88,475.304,-4122.24,2.60285,
-3333.37,13561,-7913.92,-124884,399.38,-3738.03,2.60951,
-3173.37,13632,140839,-452227,460.527,-4139.9,2.61618,
-3633.37,15048,-31316,123784,472.883,-4148.73,2.62278,
-3134.37,15092,187664,442933,460.527,-3797.93,2.62943,
-3201.37,15144,152578,49002.2,474.794,-4177.44,2.63609,
-3738.37,15196,-48963.9,95966.4,475.941,-4191.79,2.64274,
-3102.37,14072,130237,-100133,404.348,-3881.83,2.64933,
-3070.37,14145,196512,-393528,475.813,-4210.56,2.65598,
-3735.37,15296,-57989.5,98598.3,464.603,-4219.39,2.66261,
-3166.37,14257,186922,-95556.7,462.947,-3936.76,2.66925,
-3134.37,14353,120974,-281038,463.711,-4238.16,2.67583,
-3742.37,15408,-68248.8,23237.2,464.73,-4248.1,2.68243,
-3149.37,15424,52794,186045,401.291,-3989.75,2.68911,
-3198.37,14545,153810,-247551,477.979,-4264.66,2.69571,
-3710.37,15496,-61763.3,63428.3,465.622,-4273.49,2.70236,
-3077.37,15524,124102,6710.21,407.915,-4283.43,2.70901,
-3134.37,15580,194364,68074.2,476.323,-4297.78,2.71554,
-3738.37,15612,-123290,118484,462.947,-4308.82,2.72225,
-3077.37,15656,134538,146746,407.915,-4118.1,2.72884,
-3198.37,15692,-11893.9,25214.5,407.915,-4329.79,2.73546,
-3750.37,15724,-120781,21007.5,476.832,-4338.63,2.74214,
-3198.37,15752,67723.8,4156.84,407.533,-4346.36,2.74876,
-3198.37,15780,98934.9,46657.8,478.998,-4355.19,2.75534,
-3742.37,15816,-98837,89047.9,478.998,-4364.02,2.76193,
-3134.37,15860,220346,8074.33,474.794,-4376.16,2.76859,
-3726.37,15912,-100056,78426.4,467.788,-4388.31,2.77521,
-3201.37,15956,103112,124671,475.941,-4279.29,2.78182,
-3633.37,15608,7720.31,-134106,462.947,-4410.39,2.78843,
-3750.37,16016,-94031.5,16974.9,476.323,-4419.22,2.795,
-3198.37,16048,99667.9,29817.7,476.832,-4428.05,2.80165,
-3070.37,15760,207580,-113741,465.622,-4434.68,2.80826,
-3742.37,16108,-95808.5,54642.7,456.45,-4445.72,2.81494,
-3742.37,16160,-113082,11900.8,468.679,-4454.55,2.82156,
-3297.37,16192,163100,7576.92,476.832,-4464.49,2.82811,
-3695.37,16228,-73021.2,13952.7,478.998,-4476.63,2.83479,
-3269.37,16264,82625.6,54465.5,468.679,-4449.31,2.8414,
-3269.37,16225,173977,-5134.53,477.979,-4473.6,2.84802,
-3759.37,16336,-111251,15445.8,468.679,-4507.54,2.8547,
-3759.37,16376,-96219.9,6726,476.832,-4517.48,2.86132,
-3297.37,16416,71328,4657.79,415.686,-4529.62,2.86791,
-3758.37,16448,-107793,5352.81,468.679,-4537.35,2.87454,
-3759.37,16476,-64179.8,4601.12,478.998,-4545.08,2.88121,
-3329.37,16508,147952,5058.64,470.845,-4553.91,2.88775,
-3770.37,16536,-85051.6,2876.87,479.89,-4563.85,2.89443,
-3774.37,16572,-166781,4240,421.8,-4572.68,2.90106,
-3326.37,16620,164514,7787.44,480.909,-4582.62,2.90763,
-3770.37,16656,-163320,4869.87,424.221,-4595.87,2.91431,
-3702.37,16696,-108311,4779.16,424.221,-4606.91,2.92094,
-3774.37,16740,-12380.4,7521.82,479.89,-4616.84,2.92751,
-3766.37,16764,-155446,3826.24,424.221,-4626.78,2.93418,
-3702.37,16796,-137185,4185.45,424.221,-4634.51,2.94081,
-3774.37,16820,-6928.53,3067.2,481.418,-4641.13,2.94742,
-3774.37,16860,-160034,5009.65,423.839,-4652.17,2.95404,
-3783.37,16896,-120031,8190.62,423.839,-4658.8,2.96069,
-3326.37,16924,152052,5942.08,474.794,-4668.73,2.96725,
-3778.37,16964,-161154,58087.8,423.839,-4680.88,2.97388,
-3718.37,17000,-129316,46651.2,423.839,-4689.71,2.98049,
-3774.37,17040,-21634.1,7129.79,473.775,-4700.75,2.98708,
-3774.37,17068,-156662,123904,425.877,-4619.33,2.99374,
-3782.37,17112,-149440,10573.5,427.915,-4719.52,3.00038,
-3329.37,17152,135617,5625.16,481.418,-4732.77,3.00698,
-3783.37,17188,-164480,42461,423.839,-4743.81,3.01361,
-3790.37,17236,-140809,7542.44,423.839,-4754.85,3.02048,
-3365.37,17280,145273,6689.27,482.947,-4766.99,3.02703,
-3783.37,17320,-156671,10467.4,428.807,-4776.93,3.03367,
-3774.37,17368,-123602,8177.07,423.839,-4790.18,3.04028,
-3783.37,17432,-11217.5,12919.2,480.909,-4804.53,3.04687,
-3774.37,17496,-158939,22357.8,423.839,-4808.95,3.0536,
-3774.37,17560,-152831,11853.1,423.839,-4840.96,3.06018,
-3326.37,17616,146208,8518.11,473.775,-4858.63,3.06675,
-3786.37,17688,-157778,10192.5,428.807,-4878.5,3.07345,
-3710.37,17752,-80881.8,8145.2,428.807,-4897.27,3.08008,
-3735.37,17816,12822.5,10101.6,480.909,-4912.72,3.08669,
-3726.37,17892,-125869,9554.82,428.807,-4935.91,3.09332,
-3710.37,17968,-47204,10805.1,475.176,-4955.78,3.09989,
-3710.37,18032,12152.1,7526.04,474.794,-4974.55,3.10654,
-3326.37,18100,14955.1,8247.11,423.839,-4993.32,3.11316,
-3365.37,18172,-1716.3,8962.99,423.839,-5013.19,3.11978,
-3774.37,18256,-8995.66,9459.81,480.909,-5035.27,3.12675,
-3778.37,18324,-158408,10105.3,424.221,-5052.94,3.13344,
-3766.37,18396,-145013,10698.8,419.762,-5073.91,3.13994,
-3774.37,18456,-8368.49,8940.75,480.399,-5091.58,3.14661,
-3329.37,18508,868.518,7696.74,416.577,-5104.83,3.15323,
-3269.37,18572,15467.7,8894.55,416.577,-5122.49,3.15972,
-3695.37,18640,-6437.44,12410.1,468.679,-5139.05,3.16644,
-3550.37,18688,-96816.7,7104.07,416.577,-5156.72,3.17307,
-3329.37,18728,28520.2,4763.78,424.221,-5167.76,3.17961,
-3774.37,18768,-54760.4,6099.78,480.399,-5177.69,3.1863,
-3294.37,18816,23788.2,7005.08,425.877,-5190.94,3.19291,
-3329.37,18856,20544.6,3622.99,419.762,-5205.29,3.19952,
-3687.37,18900,-15028.8,3611.56,478.998,-5217.44,3.20613,
-3213.37,18956,34966.2,5983.52,407.533,-5230.69,3.21271,
-3198.37,19000,17654.5,6612.1,407.533,-5241.73,3.2193,
-3742.37,19044,-21319,5974.29,472.756,-5253.87,3.22593,
-3134.37,19088,97612.3,4256.37,460.527,-5268.22,3.23255,
-3077.37,19136,78771.3,6561.97,404.348,-5280.37,3.23915,
-3201.37,19176,179474,8224.81,475.813,-5288.1,3.24576,
-3173.37,19216,42571.3,5749.03,404.348,-5302.45,3.25239,
-3134.37,19260,84282.5,7750.97,399.38,-5312.38,3.25893,
-3738.37,19296,-40209.8,3557.33,463.711,-5325.63,3.26559,
-3429.37,19336,-39778.2,6636.45,436.96,-5333.36,3.2722,
-3134.37,19364,51668.9,3048.3,399.38,-5343.3,3.27882,
-3726.37,19392,-8547.07,5391.14,476.323,-5349.92,3.28547,
-3173.37,19416,28977,5996.73,408.425,-5355.44,3.2921,
-3585.37,19440,-83994.2,6061.2,431.992,-5362.07,3.29866,
-3630.37,19472,14234.2,6142.36,476.832,-5372,3.30533,
-3614.37,19508,-118365,6530.82,431.992,-5380.83,3.312,
-3134.37,19564,38477.6,8317.38,403.456,-5397.4,3.31862,
-3726.37,19616,-33380.9,7065.37,475.813,-5411.75,3.32522,
-3429.37,19668,-78828.2,7408.89,403.456,-5425,3.33185,
-3077.37,19712,103944,6849.33,395.304,-5438.24,3.33845,
-3718.37,19744,-90532.9,5887.85,458.488,-5447.08,3.34508,
-3134.37,19776,40337.8,3199.48,404.348,-5458.12,3.35169,
-3429.37,19832,-26604.4,9856.37,404.348,-5468.05,3.35832,
-3738.37,19872,-12312.6,4481,476.323,-5485.72,3.36494,
-3070.37,19920,105819,7053.84,436.96,-5494.55,3.3715,
-3173.37,19964,65587.4,7214.75,395.304,-5507.8,3.37812,
-3726.37,19996,-23795.5,4003.9,475.304,-5517.74,3.38479,
-3173.37,19976,12801.7,-15933.7,399.38,-5526.57,3.3914,
-3173.37,20080,55252.7,8166.62,391.227,-5538.71,3.39797,
-3647.37,20116,-67782.2,7733.93,460.527,-5548.65,3.40456,
-3173.37,20156,30388.5,5161.22,392.119,-5561.9,3.41119,
-3173.37,20204,74433.5,7914.85,399.38,-5572.94,3.41778,
-3630.37,20244,-14654.9,7440.89,458.488,-5585.08,3.42441,
-3141.37,20288,88627.7,7784.74,424.73,-5596.12,3.43102,
-3102.37,20340,93250.3,8097.75,395.304,-5610.47,3.43763,
-3711.37,20392,-58921.5,4897.23,457.597,-5628.14,3.44423,
-3070.37,20449,51790.5,8856.29,392.119,-5640.28,3.45082,
-3297.37,20484,37007,4603.61,421.8,-5652.43,3.45747,
-3698.37,20520,-36907.3,6092.82,471.737,-5660.16,3.4641,
-3269.37,16553,114488,-1.49771e+06,468.679,-5674.51,3.47073,
-3262.37,20620,45071.8,53840.3,416.577,-5687.76,3.47732,
-3690.37,20664,-44270.3,9435.63,468.679,-5699.9,3.4839,
-3262.37,20700,41195.4,5211.81,416.577,-5712.05,3.49058,
-3269.37,20736,121570,6211.96,468.679,-5720.88,3.49721,
-3706.37,20748,-20202.2,2647.25,470.845,-5725.29,3.50385,
-3310.37,20760,-35307.4,2315.91,391.227,-5727.5,3.51049,
-3070.37,20784,168364,352.883,456.45,-5737.44,3.51711,
-3582.37,20820,-22002.6,4175.42,458.616,-5745.17,3.52373,
-3109.37,20844,41738,2496.26,391.227,-5752.89,3.53048,
-3310.37,20888,93769.2,5282.82,472.756,-5762.83,3.53724,
-3702.37,20920,-35910.5,3794.58,472.246,-5772.77,3.54395,
-3269.37,20920,83310.4,-83541.3,420.144,-5891.73,3.55052,
-3262.37,20992,126101,3259.84,469.826,-5791.54,3.55718,
-3665.37,21016,-26031.9,4155.44,470.845,-5798.16,3.56383,
-3237.37,21052,42899.1,6602.76,416.577,-5805.89,3.57039,
-3262.37,21076,120881,5418.05,470.845,-5813.62,3.57704,
-3678.37,21116,-20761.9,7432.98,470.718,-5824.66,3.58364,
-3269.37,21148,86089.9,4494.22,420.144,-5835.7,3.59035,
-3310.37,21184,98231.3,248999,470.845,-5844.53,3.59692,
-3702.37,21220,-46979.2,12699.9,470.845,-5855.57,3.60346,
-3269.37,17944,122784,-1.24904e+06,470.845,-5865.51,3.6101,
-3237.37,21312,140955,203529,471.737,-5878.75,3.61674,
-3678.37,21380,-30778.3,17113.2,470.718,-5896.42,3.6234,
-3237.37,21440,165412,604758,467.023,-5047.42,3.63002,
-3230.37,21480,132839,22774,469.699,-5928.44,3.63663,
-3687.37,21524,-40135.1,153715,470.208,-5937.27,3.64319,
-3262.37,21580,77449.9,14276.2,415.686,-5952.72,3.64985,
-3262.37,21644,125311,11142.5,470.208,-5969.29,3.65646,
-3665.37,21712,-35766.7,8007.02,464.603,-5990.26,3.66307,
-3269.37,21752,64317.4,4230.22,407.533,-6003.51,3.6697,
-3269.37,21780,75982.6,2893.88,470.718,-6011.24,3.67628,
-3681.37,21828,-78312.8,9984.79,470.718,-6022.28,3.68294,
-3285.37,21872,30932.7,6468.42,416.577,-6035.53,3.68953,
-3237.37,21920,96330.1,9100.67,470.718,-6045.46,3.69608,
-3687.37,21960,-76132.7,6147.44,470.718,-6059.82,3.70273,
-3262.37,21992,159085,5594.29,469.062,-6067.54,3.70939,
-3678.37,22016,-74442.2,1679.83,470.718,-6077.48,3.71603,
-3694.37,22048,-77313.3,4138.39,470.845,-6084.1,3.72257,
-3262.37,22017,71235,-19482.5,412.501,-6092.94,3.72919,
-3687.37,22124,-89246.6,68246.4,467.023,-6102.87,3.73584,
-3678.37,22160,-75492.1,9258.38,467.023,-6111.71,3.74247,
-3198.37,22188,101493,4338.44,415.686,-6121.64,3.74913,
-3702.37,22212,-83322.3,3161.89,470.845,-6129.37,3.75571,
-3694.37,22236,-73192.7,3782.07,470.845,-6134.89,3.76237,
-3269.37,22256,78310.8,2762.93,421.928,-6141.51,3.769,
-3681.37,22276,-76065.5,2833.27,469.062,-6147.03,3.77561,
-3702.37,22300,-76582.8,5089.83,470.718,-6151.45,3.78224,
-3689.37,20089,-3939.7,-844687,468.679,-6161.39,3.78883,
-3694.37,22388,-66538.6,37515.4,470.718,-6173.53,3.79544,
-3694.37,22452,-71761.4,11731.1,470.845,-6191.2,3.80205,
-3262.37,22500,156825,8041.22,469.062,-6206.65,3.80869,
-3702.37,22532,-74602.3,4882.81,471.737,-6216.59,3.81532,
-3681.37,22560,-62391.7,5066.54,471.737,-6224.32,3.82193,
-3297.37,22604,149369,8594.84,470.845,-6235.36,3.82849,
-3706.37,22656,-126658,11361.3,421.8,-6248.61,3.83511,
-3695.37,22720,-153309,7554.92,416.577,-6269.58,3.84175,
-3269.37,22772,151029,6484.67,467.023,-6282.83,3.84837,
-3665.37,22808,-58643.2,90681.8,468.679,-6292.77,3.85493,
-3678.37,22860,-140090,13511.4,407.533,-6303.81,3.8616,
-3678.37,22940,-30901.7,14815.6,463.711,-6325.89,3.86821,
-3647.37,23008,-180674,162222,399.38,-6345.76,3.87482,
-3598.37,23044,-66351.9,10831.8,456.45,-6357.91,3.88143,
-3585.37,23104,14550.3,10229.5,460.527,-6372.26,3.88843,
-3654.37,23172,-105740,48910.9,456.832,-6388.82,3.89498,
-3599.37,23248,-178560,10954.9,396.195,-6414.21,3.90156,
-3070.37,23304,212929,6726.69,464.603,-6430.77,3.90812,
-3582.37,23364,-161562,128032,407.533,-6447.33,3.91476,
-3582.37,23460,-169677,18689,392.119,-6468.31,3.92131,
-3591.37,23524,-73553.6,8957.17,407.533,-6489.29,3.92789,
-3639.37,23568,-193915,194606,391.227,-6224.32,3.93447,
-3647.37,23624,-178967,14074.4,407.533,-6516.89,3.94107,
-3077.37,23692,211658,9775.85,466.132,-6535.65,3.94772,
-3599.37,23764,-180527,8734.48,396.195,-6556.63,3.9544,
-3647.37,23808,-189854,5277.67,392.119,-6569.88,3.96102,
-3606.37,23852,11335.5,6792.59,466.641,-6580.92,3.96759,
-3666.37,23920,-176088,46650.1,400.272,-6594.17,3.97425,
-3654.37,23968,-158099,9126.79,400.272,-6611.83,3.98086,
-3639.37,24028,1313.52,9563.55,467.788,-6628.39,3.98747,
-3654.37,24056,-78404.3,5317.89,464.603,-6637.23,3.99408,
-3237.37,24076,32362.3,2536.26,411.609,-6643.85,4.00069,
-3249.37,24112,148568,4610.24,465.622,-6652.68,4.00733,
-3198.37,24176,5851.96,12388.6,407.533,-6668.14,4.01395,
-3198.37,24240,11858.8,8340.69,407.915,-6688.01,4.02059,
-3678.37,24292,-11001.7,8016.21,468.679,-6701.26,4.02713,
-3198.37,24324,29567.2,4134.53,411.609,-6712.3,4.03381,
-3237.37,24360,32642.6,7237.37,412.501,-6718.92,4.04042,
-3297.37,24396,104013,4106.67,470.718,-6733.28,4.04703,
-3237.37,24464,12587.5,33443.4,412.501,-6714.51,4.05364,
-3198.37,24524,18271.1,9653.15,412.501,-6764.19,4.06027,
-3678.37,24568,-8895.85,4653.15,468.679,-6779.65,4.06688,
-3198.37,24608,16221.3,9987.73,407.915,-6786.27,4.07349,
-3173.37,24652,39439.2,7412.53,404.348,-6800.62,4.08011,
-3671.37,24724,-19718.9,12027.5,462.565,-6818.29,4.08676,
-3166.37,24788,103.489,9335.94,399.38,-6839.26,4.0934,
-3166.37,24836,25873.5,6531.46,399.38,-6853.62,4.10001,
-3647.37,24884,-6150.11,7107.35,466.641,-6865.76,4.10661,
-3093.37,24956,32667,10708,396.195,-6884.53,4.11327,
-3102.37,25020,32956.7,9329.63,392.119,-6902.19,4.11986,
-3585.37,25080,14307.4,11077.4,465.622,-6916.55,4.12651,
-3137.37,25128,101832,54842.8,456.832,-6933.11,4.13311,
-3070.37,25188,67831.4,11755.5,405.877,-6946.35,4.13969,
-3630.37,25260,-7345.5,10676.6,464.093,-6968.44,4.14634,
-3137.37,25332,31442.8,39689.2,404.348,-6987.2,4.15297,
-3598.37,25380,-151440,8530.11,392.119,-7001.56,4.15954,
-3610.37,25436,-7066.38,8116.9,460.654,-7017.01,4.1662,
-3606.37,25400,-165409,-28975.6,397.342,-7035.78,4.1728,
-3070.37,25544,41401.9,598.658,395.304,-7054.55,4.17937,
-3602.37,25620,-22268.4,7007.92,458.998,-7068.9,4.18604,
-3102.37,25672,114566,6757.63,457.597,-7083.26,4.19268,
-3070.37,25705,38759.9,2763.71,397.724,-7095.4,4.19923,
-3594.37,25752,-9980.2,6496.09,458.616,-7104.23,4.20585,
-3102.37,25784,47597.1,3956.16,396.195,-7115.27,4.21251,
-3070.37,25824,83372,6167.93,395.304,-7125.21,4.21907,
-3594.37,25868,-20788.9,7385,458.616,-7137.35,4.22574,
-3089.37,25920,23030.6,11115.4,393.648,-7148.39,4.23233,
-3070.37,25956,74091.8,6779.31,391.227,-7161.64,4.23896,
-3594.37,25992,-21849.3,6736.08,458.488,-7170.47,4.24559,
-3102.37,26020,19108.2,6915.03,396.195,-7177.1,4.2522,
-3593.37,26048,-120104,6183.31,391.227,-7185.93,4.25881,
-3615.37,26060,-18727.1,3214.39,459.507,-7191.45,4.26542,
-3134.37,26080,92440.7,3214.52,402.31,-7195.87,4.27212,
-3118.37,26100,61989.1,844.383,392.119,-7204.7,4.27869,
-3622.37,26128,-31462.7,2297.97,456.832,-7210.22,4.28536,
-3070.37,26153,87766.4,-303.375,399.38,-7221.26,4.29197,
-3141.37,26212,58759.1,6959.35,394.157,-7232.3,4.29859,
-3622.37,26264,-28142.3,7776.51,460.527,-7245.55,4.30519,
-3153.37,26308,18572.1,5896.1,391.227,-7259.9,4.31182,
-3118.37,26344,72751.4,6007.38,397.342,-7268.73,4.31848,
-3614.37,26364,-30178.7,2834.95,456.45,-7275.36,4.3251,
-3134.37,26377,35210.2,-2374.1,397.342,-7283.09,4.33166,
-3089.37,26424,78215.6,-19.1155,395.686,-7295.23,4.33833,
-3602.37,26488,-91559.7,8690.95,459.507,-7307.37,4.34496,
-3089.37,26548,45092.1,11065.8,395.304,-7323.93,4.35158,
-3057.37,26596,55868.5,8969.95,391.355,-7337.18,4.35816,
-3550.37,26632,-41441,5385.21,453.393,-7348.22,4.36479,
-3006.37,26664,104406,4037.94,383.456,-7357.33,4.37139,
-2974.37,26712,164316,5242.42,450.335,-7370.3,4.37803,
-2949.37,26724,172017,2524.47,450.335,-7374.72,4.38462,
-2974.37,26764,39500.7,6418.58,377.851,-7384.66,4.39126,
-2949.37,26796,173498,6076.1,453.393,-7392.38,4.39787,
-3521.37,26824,-41870,5005.99,452.501,-7401.22,4.40448,
-2949.37,26844,41565.5,2710.04,375.813,-7407.84,4.41104,
-2942.37,26880,168253,5476.39,448.297,-7416.67,4.41773,
-3527.37,26924,-44317.7,5659.14,451.355,-7429.92,4.42435,
-2949.37,26972,61784.6,8622.96,378.998,-7439.86,4.43101,
-2949.37,27016,193979,9642.62,448.679,-7452,4.43762,
-3535.37,27024,-30636.8,1057.76,452.501,-7458.63,4.44424,
-2974.37,27056,47721.4,6571.1,375.813,-7464.15,4.45086,
-3006.37,27072,156441,3045.84,452.374,-7470.77,4.45746,
-3566.37,27096,-45889.3,4713.95,455.431,-7476.29,4.46408,
-3057.37,27124,93645.2,6249.04,387.151,-7482.92,4.47069,
-3070.37,27144,148315,2368.34,456.45,-7491.75,4.47738,
-3590.37,27184,-43855.5,4707.25,457.597,-7501.68,4.48395,
-3070.37,27224,101033,2514.32,393.648,-7513.83,4.49059,
-3070.37,27280,150838,7849.21,456.45,-7525.97,4.49717,
-3582.37,27328,-42990,8368.91,456.45,-7538.12,4.50385,
-3071.37,27392,95681.4,9874.37,391.227,-7556.89,4.51047,
-3575.37,27448,-46952.9,7074.88,455.941,-7574.55,4.51712,
-3534.37,27508,-80390.1,10905.1,452.501,-7586.69,4.52369,
-2949.37,27560,223845,6303.95,452.501,-7605.46,4.53028,
-3550.37,27636,-114588,7956.43,447.278,-7626.44,4.53696,
-3489.37,27696,-217294,9220.32,371.227,-7640.79,4.54358,
-2814.37,27740,122966,6634.56,358.616,-7654.04,4.55022,
-3470.37,27796,-240778,9779.45,358.616,-7667.29,4.5568,
-3455.37,27848,-105175,8825.82,443.329,-7682.75,4.56344,
-2757.37,27892,140697,7567.05,358.998,-7694.89,4.57007,
-3409.37,27944,-100523,9041.95,447.278,-7708.14,4.5767,
-3425.37,28004,-101443,9930.19,444.603,-7725.8,4.58328,
-2686.37,28060,142562,7983.53,344.221,-7741.26,4.5899,
-3489.37,28116,-168410,7341.9,432.883,-7757.82,4.59647,
-3358.37,28160,-125657,7412.24,431.992,-7768.86,4.60308,
-3326.37,28208,-100118,7527.91,347.278,-7783.21,4.60974,
-3455.37,28264,-163521,11164.7,431.992,-7797.57,4.61634,
-3383.37,28336,-123644,9805.18,430.335,-7817.44,4.62297,
-2565.37,28408,144223,9866.08,326.004,-7837.31,4.62954,
-3335.37,28460,-135779,7214.78,425.877,-7852.77,4.6362,
-2558.37,28536,173748,12596.9,421.928,-7870.43,4.6428,
-2542.37,28620,318128,15276.2,439.125,-7892.51,4.64944,
-3294.37,28684,-136107,9239.59,418.106,-7913.49,4.65611,
-3263.37,28764,-126577,10559,415.686,-7935.57,4.66274,
-2917.37,28876,77277,17370.3,431.1,-7962.07,4.66935,
-3214.37,28952,-38176,11091.4,411.609,-7988.56,4.67596,
-3343.37,29036,-440222,11771.7,268.934,-8010.64,4.68259,
-2309.37,29132,339226,15221.2,409.699,-8033.83,4.68921,
-3191.37,29204,-227387,11026.3,355.431,-8057.01,4.69585,
-3374.37,29296,-270124,15536.7,350.463,-8077.99,4.70242,
-3342.37,29380,-62197.6,9950.35,397.342,-8107.8,4.70911,
-3118.37,29456,-152324,9854,338.234,-8126.57,4.71566,
-2174.37,29516,189887,8889.58,331.992,-8143.13,4.72235,
-3105.37,29584,-35269.1,10400.7,397.469,-8161.9,4.7289,
-2097.37,29636,123172,14676.3,327.915,-8176.25,4.73559,
-3095.37,29668,-161428,2919.75,392.119,-8188.39,4.74218,
-2085.37,29712,408298,5300.51,395.686,-8198.33,4.74881,
-3343.37,29748,-364236,7169.75,274.921,-8207.16,4.7554,
-3119.37,29776,-146174,4476.49,397.342,-8217.1,4.76199,
-3350.37,29812,-67447.1,6005.23,393.648,-8225.93,4.76866,
-3354.37,29840,-331323,4824.02,277.087,-8233.66,4.77529,
-3126.37,29872,-336052,4406.36,260.781,-8243.59,4.78189,
-2046.37,29908,401312,4306.67,399.38,-8253.53,4.78852,
-3077.37,29944,-246573,4767.72,327.915,-8263.47,4.79505,
-3118.37,29976,-253693,4405.64,327.915,-8272.3,4.80166,
-3137.37,30004,31478.9,2878.23,401.546,-8281.13,4.80871,
-3105.37,30032,-194632,13072.4,343.202,-8286.65,4.81495,
-3150.37,30060,-211579,4938.39,350.463,-8294.38,4.82158,
-3198.37,30084,-6673.3,3940.63,408.679,-8301,4.82816,
-3343.37,30108,-226507,4093.55,360.527,-8308.73,4.83482,
-2334.37,30140,183286,4190.17,395.304,-8317.57,4.8415,
-3359.37,30172,-68818.3,4481.71,409.699,-8326.4,4.84811,
-2174.37,30196,268408,956.79,374.921,-8335.23,4.85476,
-2238.37,30232,153882,6160.23,374.921,-8340.75,4.86139,
-3263.37,30244,-15106.5,1614.76,414.03,-8347.37,4.868,
-3198.37,30260,-95278.7,6769.22,362.692,-8346.55,4.87456,
-3198.37,30272,-274710,3136.62,301.546,-8352.89,4.88123,
-3294.37,30280,17246.8,1515.25,435.176,-8356.21,4.88786,
-2501.37,30292,99680.7,3706.87,326.004,-8358.42,4.89449,
-2558.37,30292,63274.7,2189.46,326.896,-8359.52,4.9011,
-3455.37,30292,-23162.5,68.4206,442.183,-8360.62,4.90771,
-2661.37,30300,6420.64,378.078,335.049,-8362.83,4.91435,
-2689.37,30308,-3109.55,-450.773,334.157,-8366.14,4.921,
-3482.37,30324,-45484,2348.04,432.119,-8368.35,4.92761,
-2558.37,30328,179834,2725.17,423.839,-8368.35,4.93423,
-2686.37,30336,43859.6,3198.15,342.31,-8370.56,4.94083,
-3425.37,30332,-39376.2,-1039.29,444.221,-8372.77,4.94746,
-2782.37,30348,51164,3373.17,351.355,-8373.87,4.95407,
-2817.37,30348,37692.9,2841.11,354.539,-8373.87,4.96077,
-3526.37,30356,-27127,2646.68,448.807,-8377.18,4.96731,
-2817.37,30356,25751.7,3302.99,354.539,-8376.08,4.97395,
-2817.37,30344,48952.8,-2253.33,358.616,-8377.18,4.98049,
-3470.37,30356,5841.17,684.591,449.316,-8378.29,4.98712,
-2853.37,30356,16236,685.85,358.616,-8378.29,4.99377,
-2846.37,30356,47284.8,-1118.67,363.584,-8379.39,5.00035,
-3518.37,30356,-25476.9,153.578,442.183,-8378.29,5.00696,
-2814.37,30360,34602.6,1328.55,358.616,-8378.29,5.01359,
-3454.37,30356,-84234,-1275.95,440.144,-8380.5,5.02022,
-3518.37,30356,-36250.3,339.195,442.183,-8378.29,5.02684,
-2853.37,30360,25071.2,-85.1692,360.654,-8379.39,5.03341,
-2853.37,30360,24563.9,-1136.16,358.616,-8380.5,5.04009,
-3479.37,30368,-23504.6,2619.67,448.297,-8379.39,5.0467,
-2878.37,30360,45289,-1719.61,363.584,-8380.5,5.05334,
-2861.37,30368,86263.8,1171.03,363.584,-8380.5,5.05994,
-3473.37,30368,-23619.6,699.753,444.221,-8381.6,5.06656,
-2910.37,30364,33138.5,-731.145,360.527,-8380.5,5.0732,
-3461.37,30368,-137419,929.604,360.527,-8380.5,5.07979,
-3542.37,30364,-29826.5,-1376.63,450.463,-8381.6,5.08643,
-2942.37,30368,52124.7,-327.541,375.813,-8381.6,5.0931,
-2942.37,30372,87443.7,746.767,374.921,-8382.7,5.0997,
-3551.37,30376,-30280.9,1917.27,450.463,-8382.7,5.10634,
-3009.37,30368,22399.2,-1643.48,378.998,-8382.7,5.11294,
-3551.37,30372,-128917,422.27,383.456,-8382.7,5.11958,
-2974.37,30372,193470,-935.062,450.335,-8383.81,5.1262,
-3009.37,30372,42708.7,1016.38,383.456,-8381.6,5.13281,
-2974.37,30372,93632.8,218.863,383.456,-8382.7,5.13941,
-3566.37,30372,-28774.4,857.003,452.374,-8381.6,5.14609,
-3022.37,30368,45726.5,312.019,383.074,-8381.6,5.15269,
-3009.37,30372,80619.7,-175.224,383.074,-8383.81,5.15929,
-3558.37,30368,-23573,-1050.66,452.374,-8382.7,5.16592,
-3009.37,30368,24452.4,-889.965,383.074,-8382.7,5.1725,
-3009.37,30368,183348,159.287,454.412,-8381.6,5.17913,
-3551.37,30364,-17800.4,-89.6476,452.501,-8380.5,5.18579,
-2974.37,30368,59871.6,1507.77,379.89,-8380.5,5.1924,
-3009.37,30360,53647.1,-804.51,383.456,-8379.39,5.19903,
-3551.37,30368,-57103.1,1865.36,451.355,-8380.5,5.20565,
-2949.37,30368,108690,3642.06,375.813,-8378.29,5.21226,
-2949.37,30356,184142,-263.833,450.335,-8378.29,5.21883,
-3521.37,30364,-42272.7,1218.16,450.335,-8379.39,5.22552,
-2974.37,30352,108311,-2146.65,378.998,-8379.39,5.23208,
-3534.37,30356,-43487,-723.195,453.902,-8379.39,5.23874,
-3558.37,30360,-43618.7,1569.1,454.412,-8378.29,5.24534,
-3038.37,30360,39242.4,333.196,383.074,-8379.39,5.25199,
-3057.37,30364,144112,3305.28,455.941,-8377.18,5.25859,
-3586.37,30364,-45167.5,1802.97,456.45,-8379.39,5.26523,
-3089.37,30364,139319,1568.34,456.96,-8379.39,5.27184,
-3070.37,30360,176370,-235.728,457.979,-8379.39,5.27848,
-3599.37,30364,-42287.3,2267.08,459.507,-8378.29,5.28513,
-3585.37,30356,-146127,259.522,391.227,-8378.29,5.29175,
-3599.37,30348,-41610.8,-1499.03,458.488,-8377.18,5.29837,
-3594.37,30352,-36826.5,-520.542,457.469,-8377.18,5.30501,
-3071.37,30344,49338.1,-2660.34,392.246,-8376.08,5.31157,
-3550.37,30332,-34392.1,-1875.16,456.45,-8372.77,5.31825,
-3558.37,30324,-39411.7,-3464.83,452.374,-8372.77,5.32486,
-2949.37,30316,113584,-1052.53,375.813,-8367.25,5.33144,
-2885.37,30312,185116,-412.254,447.278,-8366.14,5.33808,
-3538.37,30300,-67458.8,-1988.84,444.603,-8363.93,5.34476,
-2829.37,30280,115141,-3275.69,358.616,-8358.42,5.35137,
-2853.37,30276,184755,-954.213,443.329,-8356.21,5.35793,
-3470.37,30272,-45127.3,724.326,448.807,-8354,5.36458,
-2846.37,30268,116129,-261.527,363.584,-8354,5.3712,
-2814.37,30260,142927,-1257.39,449.316,-8352.89,5.37775,
-2830.37,30264,128268,55.4754,442.183,-8352.89,5.38442,
-2853.37,30248,219479,-4644.19,440.144,-8352.89,5.39098,
-3473.37,30260,-48013.7,-1270.93,448.297,-8354,5.39767,
-3473.37,30256,-107429,-2787.57,442.183,-8352.89,5.40431,
-2853.37,30248,243579,-5487.98,449.444,-8352.89,5.41094,
-3518.37,30264,-243101,16.4688,365.113,-8354,5.41755,
-3495.37,30260,-111259,-1614.49,448.297,-8352.89,5.4241,
-3454.37,30264,-149576,-615.779,358.616,-8352.89,5.43075,
-3486.37,30260,-233668,-1619.68,363.584,-8352.89,5.43742,
-3518.37,30268,-128303,1653.79,442.565,-8351.79,5.44405,
-3502.37,30264,-119765,-609.833,367.66,-8352.89,5.45067,
-3518.37,30268,-111411,262.603,446.259,-8352.89,5.45728,
-3527.37,30276,-105222,3233.5,446.259,-8352.89,5.46388,
-2974.37,30268,98887.9,383.702,375.813,-8352.89,5.47052,
-3535.37,30276,-101458,2914.82,452.501,-8354,5.47718,
-3558.37,30272,-104768,470.447,451.355,-8355.1,5.48377,
-3009.37,30272,91399.3,1436.66,378.998,-8354,5.49041,
-3566.37,30268,-104265,5407.03,454.412,-8354,5.49703,
-3566.37,30264,-95687.1,-489.417,453.393,-8352.89,5.50364,
-3009.37,30268,204448,-966.28,452.501,-8355.1,5.51027,
-3558.37,30264,-93420.3,1193.29,455.431,-8351.79,5.51691,
-3566.37,30260,-67185.5,-1856.65,454.412,-8352.89,5.52355,
-3038.37,30256,198747,1833.77,454.412,-8349.58,5.53017,
-3566.37,30248,-98118.9,1471.61,454.412,-8346.27,5.53678,
-3550.37,30244,-83964,153.209,452.374,-8346.27,5.54351,
-3009.37,30240,107718,-563.822,387.151,-8346.27,5.55012,
-3578.37,30240,-201547,3017.28,389.571,-8346.27,5.55674,
-3566.37,30240,-184239,3223.55,387.151,-8346.27,5.56334,
-3006.37,30236,205986,-371.46,454.412,-8345.17,5.56997,
-3551.37,30232,-194221,-1333.5,383.074,-8345.17,5.57654,
-3551.37,30232,-184616,147.722,385.113,-8344.06,5.58314,
-2949.37,30236,112302,1051.94,378.998,-8344.06,5.58982,
-2961.37,30228,3456.35,-1948.55,375.813,-8344.06,5.59645,
-3527.37,30232,-204801,128.789,375.813,-8344.06,5.60304,
-2949.37,30228,220556,-1418.66,452.883,-8344.06,5.60965,
-3527.37,30228,-209870,-421.335,375.813,-8342.96,5.6163,
-3562.37,30224,-207853,-1621.94,375.813,-8342.96,5.62293,
-2949.37,30224,217678,-2507.94,449.444,-8342.96,5.62956,
-3521.37,30232,-185074,2570.27,374.921,-8340.75,5.63616,
-3546.37,30224,-108735,-2094,446.259,-8342.96,5.64281,
-2853.37,30224,223173,-638.921,440.144,-8342.96,5.64941,
-3454.37,30208,-186257,-3776.04,363.584,-8340.75,5.65606,
-3473.37,30212,-184093,-117.715,358.616,-8338.54,5.66269,
-3473.37,30212,8127.64,277.051,451.355,-8338.54,5.66931,
-3535.37,30216,-129614,2838.85,441.036,-8337.44,5.6759,
-3489.37,30208,-201930,-383.702,367.66,-8337.44,5.68256,
-3502.37,30212,4470.82,177.691,451.355,-8338.54,5.6892,
-2885.37,30212,28448,1696.3,374.921,-8337.44,5.69576,
-3550.37,30212,-215878,1189.37,374.921,-8337.44,5.70245,
-3502.37,30208,10199.3,-1864.49,452.883,-8339.65,5.70906,
-3521.37,30208,-205373,-247.943,374.921,-8337.44,5.71568,
-3527.37,30216,-191240,2255.84,378.998,-8338.54,5.72233,
-3550.37,30212,-12601,936.085,448.297,-8336.33,5.72894,
-2949.37,30212,18039.2,1161.04,377.851,-8337.44,5.73557,
-2949.37,30212,14074.7,1074.59,375.813,-8337.44,5.74219,
-3527.37,30212,-35106.2,604.338,452.374,-8337.44,5.74881,
-2910.37,30212,43752.7,2097.49,375.813,-8336.33,5.75543,
-2949.37,30212,14086.3,-311.526,375.813,-8338.54,5.76203,
-2949.37,30200,209842,-4647.84,452.501,-8338.54,5.76865,
-2949.37,30212,9514.78,-50.2585,377.851,-8338.54,5.77518,
-2949.37,30208,41338.6,-284.017,375.813,-8337.44,5.78184,
-3527.37,30212,-3790.96,1129.49,453.393,-8337.44,5.78848,
-2949.37,30208,29687.5,-1002.18,375.813,-8338.54,5.79508,
-2981.37,30212,30019.6,-410.965,375.813,-8339.65,5.80168,
-3527.37,30212,-58230.6,-679.231,452.883,-8339.65,5.8083,
-2949.37,30212,29979.7,-21.226,378.998,-8338.54,5.81491,
-2949.37,30212,31123.6,-8.65747,377.851,-8337.44,5.82155,
-3518.37,30204,-6261.22,-2937.96,450.463,-8338.54,5.82814,
-2949.37,30208,27375.6,-751.398,375.813,-8338.54,5.8349,
-3521.37,30212,-119044,-310.073,375.813,-8338.54,5.84139,
-3521.37,30208,4883.92,-1533.46,452.501,-8338.54,5.84797,
-2974.37,30208,14151.4,-46.636,379.89,-8337.44,5.85461,
-2949.37,30212,201895,1214.77,448.679,-8337.44,5.86129,
-3551.37,30208,-17919.1,-2416.01,448.679,-8339.65,5.86789,
-2949.37,30208,27855.6,-359.09,375.813,-8337.44,5.87451,
-2949.37,30212,44081.7,833.489,375.813,-8337.44,5.88111,
-3527.37,30212,-10046.5,423.27,449.444,-8337.44,5.88773,
-2981.37,30208,19593.5,-649.863,375.813,-8337.44,5.89436,
-2942.37,30208,45146,-1620.31,375.813,-8338.54,5.90107,
-3527.37,30212,-116401,1465.67,377.342,-8337.44,5.90765,
-2949.37,30208,13840.4,-807.041,375.813,-8337.44,5.91426,
-2949.37,30212,32997.7,-594.261,378.998,-8339.65,5.92089,
-3558.37,30212,-31701.5,170.107,451.355,-8338.54,5.92748,
-2965.37,30208,51043.8,-752.26,375.813,-8337.44,5.93408,
-2949.37,30212,194341,-403.295,448.679,-8338.54,5.94081,
-3527.37,30212,-10365.2,-293.657,453.393,-8338.54,5.94738,
-2981.37,30208,14052.9,-387.392,375.813,-8337.44,5.95401,
-2974.37,30212,83049.8,270.412,378.998,-8338.54,5.96064,
-3535.37,30220,-23232.7,1617.57,452.501,-8339.65,5.96721,
-2974.37,30208,22202.4,-989.756,378.998,-8337.44,5.97387,
-2974.37,30212,79897.7,1085.59,375.813,-8337.44,5.98082,
-3554.37,30204,-29371.7,-3399.41,452.501,-8339.65,5.98743,
-2949.37,30212,33408.9,-1151.14,379.89,-8339.65,5.99401,
-2949.37,30216,198862,-37.1322,450.335,-8340.75,6.00054,
-3551.37,30208,-26112.1,-382.259,452.501,-8337.44,6.00707,
-2981.37,30208,48793.4,-1795,377.851,-8338.54,6.01381,
-2949.37,30216,61969.2,1459.35,378.998,-8338.54,6.02044,
-3527.37,30208,-21090.7,-1659.52,449.444,-8338.54,6.02703,
-2949.37,30212,27925.8,1271.18,375.813,-8337.44,6.03368,
-2949.37,30216,93450.6,2600.84,383.456,-8337.44,6.04028,
-3527.37,30208,-77383.2,-1055.09,449.444,-8338.54,6.04682,
-2981.37,30208,17024.9,-788.829,378.998,-8338.54,6.05347,
-3534.37,30212,-135555,825.976,375.813,-8338.54,6.06012,
-3558.37,30208,-24628,-2236.06,452.501,-8339.65,6.06672,
-2949.37,30208,192550,-523.29,450.335,-8337.44,6.07345,
-2949.37,30212,87175.4,-870.489,375.813,-8340.75,6.07999,
-3527.37,30212,-21012.6,-216.309,449.444,-8338.54,6.08666,
-2974.37,30208,49500.1,-2172.94,378.998,-8339.92,6.09329,
-3551.37,30216,-168690,1634.21,374.921,-8338.54,6.0999,
-3551.37,30216,-51824.9,3082.39,450.463,-8337.44,6.10652,
-2981.37,30208,101061,-1127.76,377.851,-8338.54,6.11317,
-2949.37,30212,171172,342.116,449.444,-8338.54,6.11977,
-3551.37,30212,-37139.8,-273.757,452.501,-8338.54,6.12636,
-2974.37,30212,45385.7,-478.821,375.813,-8339.92,6.13302,
-3521.37,30216,-13824.1,1409.72,453.393,-8338.54,6.13965,
-2974.37,30212,172182,-723.728,452.501,-8339.65,6.1463,
-2949.37,30212,212258,-966.588,448.679,-8339.65,6.15295,
-3009.37,30208,147287,-1639.98,448.679,-8338.54,6.15952,
-3551.37,30208,-55064.2,-1757.66,450.463,-8338.54,6.16613,
-2949.37,30216,57710.5,700.075,375.813,-8339.92,6.17278,
-3534.37,30212,-53673.4,2108.22,450.463,-8336.33,6.17941,
-3558.37,30212,-51995.7,255.846,450.463,-8338.54,6.18603,
-2974.37,30208,99614.5,-1500.57,375.813,-8338.54,6.19265,
-3521.37,30212,-40619.2,799.026,452.883,-8337.44,6.19925,
-3527.37,30208,-38260.9,-353.818,451.355,-8337.44,6.20588,
-2981.37,30208,43133.2,-207.879,375.813,-8336.33,6.21244,
-2949.37,30208,134058,-1907.73,453.902,-8338.54,6.21908,
-3562.37,30212,-54922.2,125.569,453.393,-8338.54,6.22577,
-2949.37,30212,108238,573.394,375.813,-8338.54,6.23234,
-2949.37,30216,169764,2951.3,450.463,-8337.44,6.23895,
-3521.37,30212,-45486.8,755.321,448.679,-8337.44,6.24564,
-2981.37,30212,94666.1,307.98,374.921,-8338.54,6.25225,
-3534.37,30208,-53239.1,-462.288,448.679,-8337.44,6.25884,
-3551.37,30212,-49923.2,-204.557,448.679,-8338.54,6.26547,
-2981.37,30208,97351.2,-1462,375.813,-8338.54,6.27209,
-2974.37,30212,165680,236.833,453.393,-8338.54,6.27878,
-3527.37,30208,-102020,-1413.7,450.463,-8338.54,6.2854,
-3529.37,30208,-122713,-2578.99,375.813,-8339.65,6.29195,
-2949.37,30212,148989,109.376,449.444,-8338.54,6.29865,
-3551.37,30212,-162621,3.41801,379.38,-8338.54,6.30525,
-2949.37,30216,104792,2539.89,375.813,-8337.44,6.31188,
-3535.37,30212,-100947,-302.567,452.501,-8338.54,6.31845,
-3535.37,30212,-73192.6,367.617,448.679,-8338.54,6.32513,
-2974.37,30212,47726.4,-165.833,375.813,-8339.65,6.33168,
-3521.37,30216,-105197,1413.64,449.444,-8338.54,6.33839,
-3527.37,30212,-97933.2,893.105,449.444,-8337.44,6.345,
-2949.37,30212,217848,304.294,449.444,-8337.44,6.35158,
-3518.37,30216,-96013,2471.77,450.463,-8337.44,6.35824,
-3527.37,30208,-70578.1,-964.208,450.335,-8338.54,6.36485,
-2942.37,30212,96135.6,627.325,375.813,-8337.44,6.37141,
-3535.37,30212,-105717,114.301,450.335,-8338.54,6.37803,
-2977.37,30212,112919,482.911,449.444,-8337.44,6.38472,
-2974.37,30208,205900,-1777.02,452.501,-8338.54,6.39133,
-3534.37,30208,-102367,-55.5318,448.679,-8337.44,6.39791,
-3551.37,30212,-102976,-292.12,452.501,-8339.65,6.40458,
-2949.37,30208,217740,-1517.42,450.463,-8338.54,6.41118,
-3527.37,30208,-96445.1,-423.631,450.335,-8337.44,6.41777,
-3551.37,30216,-100521,2826.52,450.463,-8337.44,6.42443,
-2949.37,30216,221066,2159.8,452.501,-8337.44,6.431,
-3558.37,30216,-104816,-507.117,453.393,-8340.75,6.43767,
-3535.37,30208,-205236,-866.116,377.342,-8337.44,6.4443,
-3521.37,30212,-834.896,-310.226,448.679,-8338.54,6.45086,
-3534.37,30212,-199501,1411.05,378.998,-8337.44,6.45753,
-2961.37,30208,4779.39,-904.713,375.813,-8338.54,6.46409,
-3535.37,30212,-142716,437.773,378.998,-8337.44,6.4708,
-3521.37,30212,-173769,680.359,375.813,-8338.54,6.47741,
-3521.37,30216,-191153,2390.63,375.813,-8337.44,6.48404,
-2949.37,30208,108565,-877.079,378.998,-8337.44,6.49067,
-3527.37,30212,-211244,1298.2,375.813,-8337.44,6.49719,
-3551.37,30212,-95928.5,899.197,450.335,-8337.44,6.50386,
-2974.37,30204,209113,-2778.91,449.444,-8338.54,6.5105,
-3562.37,30212,-218993,1433.5,378.998,-8337.44,6.51715,
-3534.37,30208,-194414,-1688.4,375.813,-8339.65,6.52374,
-3521.37,30212,-112104,986.041,375.813,-8337.44,6.53036,
-3534.37,30208,-210014,-63.6685,375.813,-8337.44,6.53705,
-3558.37,30208,-201357,-372.584,378.998,-8337.44,6.5436,
-2949.37,30216,103710,3672.38,375.813,-8336.33,6.5503,
-3535.37,30212,-210369,1245.69,379.89,-8337.44,6.5569,
-3521.37,30212,-191148,330.364,375.813,-8337.44,6.56353,
-3527.37,30216,2387.23,2370.81,452.501,-8337.44,6.57015,
-3558.37,30212,-204397,1210.45,383.456,-8337.44,6.57675,
-3551.37,30212,-205038,603.578,375.813,-8337.44,6.58336,
-3551.37,30208,-11098.9,-262.864,452.501,-8337.44,6.58995,
-2974.37,30212,8221.3,938.892,375.813,-8337.44,6.59663,
-3551.37,30208,-211938,-722.539,375.813,-8337.44,6.60319,
-3551.37,30208,-65707.8,-1152.51,451.355,-8338.54,6.60983,
-3551.37,30216,-207858,2234.98,379.89,-8337.44,6.61645,
