-63543.4,7587,5306.45,35910.4,8095.69,-2066.53,1.90735e-06,
-63569.4,7503,-2842.42,-22398.3,8097.09,-2066.53,0.00730181,
-63561.4,7488,-2517.75,-81428.4,8095.69,-2179.14,0.0145538,
-63569.4,7503,-1456.09,-92997.7,8098.11,-2163.68,0.0218248,
-63561.4,7559,292.635,-7452.22,8097.09,-2070.67,0.0291209,
-63550.4,7488,4821.33,-45280.8,8097.09,-2061.83,0.0364499,
-63569.4,7600,-1936.37,-18348.3,8097.09,-2070.67,0.0436878,
-63569.4,7503,-1736.58,4192.98,8098.11,-2061.83,0.051055,
-63561.4,7889,1016,135128,8098.11,-2070.67,0.0583289,
-63569.4,7471,-2342.32,-62505.8,8097.09,-2061.83,0.0655959,
-63561.4,7503,1829.29,8646.66,8098.11,-2061.83,0.0728509,
-63569.4,7503,-115.13,-55183.7,8098.11,-2165.61,0.0801229,
-63566.4,7471,685.819,-6586,8098.11,-2070.67,0.087394,
-63561.4,7503,1785.77,3915.04,8097.72,-2070.67,0.0946589,
-63561.4,7872,1424.7,33090.9,8098.11,-2177.2,0.101893,
-63569.4,7471,-4772.76,-9673.12,8095.69,-2061.83,0.109194,
-63550.4,7503,2085.24,-42100.2,8095.69,-2061.83,0.116474,
-63543.4,7471,2074.52,-80988.9,8094.79,-2165.61,0.123768,
-63550.4,7503,-251.391,11515.3,8095.69,-2061.83,0.131026,
-63546.4,7471,718.189,-1267.79,8095.69,-2048.86,0.138366,
-63534.4,7424,1639.89,-48990.6,8093.65,-2048.86,0.145595,
-63519.4,7424,8539.26,-6343.59,8094.79,-2048.86,0.15288,
-63519.4,7424,5026.6,-37627.8,8092.63,-2101.85,0.160077,
-63543.4,7616,-5483.1,22293.3,8092.63,-2101.85,0.167413,
-63534.4,7616,-4075.07,-20891,8091.74,-2166.16,0.174648,
-63534.4,7471,-1346.15,3285.38,8093.65,-2048.86,0.18188,
-63543.4,7503,-3958.77,84.5068,8093.65,-2061.83,0.18922,
-63534.4,7503,2958.23,2.64084,8093.65,-2070.67,0.196514,
-63546.4,7488,674.836,-66011.5,8095.69,-2175.55,0.203764,
-63550.4,7488,-3831.27,-5503.83,8094.79,-2070.67,0.211047,
-63543.4,7831,803.689,113112,8094.79,-2048.86,0.218313,
-63543.4,7503,1535.39,117452,8095.69,-2090.54,0.225562,
-63561.4,7883,-7655.32,149156,8093.65,-2048.86,0.232837,
-63561.4,7888,-6166.16,137547,8095.69,-2061.83,0.240112,
-63561.4,7503,-6240.29,1540.99,8094.79,-2061.83,0.247355,
-63543.4,7471,2755.26,-19877.8,8095.69,-2090.54,0.25463,
-63543.4,7503,-2632.09,6966.5,8093.65,-2061.83,0.261884,
-63543.4,7471,-2898.22,-48094.2,8093.65,-2101.85,0.269184,
-63550.4,7471,-3636.18,-59485,8093.65,-2070.67,0.276427,
-63534.4,7503,4152.99,-33787.9,8095.69,-2070.67,0.283734,
-63543.4,7503,-429.141,16734.4,8094.79,-2048.86,0.290974,
-63526.4,7503,2632.41,6696.97,8093.65,-2070.67,0.298259,
-63534.4,7891,-1467.56,122712,8092.63,-2061.83,0.305474,
-63550.4,7889,-5904.37,132641,8093.65,-2070.67,0.312805,
-63534.4,7883,1324.37,66623.9,8093.65,-2172.51,0.320058,
-63561.4,7471,-4971.74,-18424.9,8094.79,-2061.83,0.327342,
-63543.4,7503,2228.99,8991.63,8094.79,-2061.83,0.334593,
-63550.4,7471,2209.71,-38630.6,8097.09,-2061.83,0.341889,
-63561.4,7488,-636.631,-16514.2,8097.09,-2086.12,0.349151,
-63569.4,7503,-4223.63,-34273.2,8095.69,-2066.53,0.35647,
-63561.4,7488,645.716,-25624,8097.09,-2075.36,0.36372,
-63561.4,7616,1235.93,10616.3,8097.09,-2101.85,0.370972,
-63585.4,7655,-6660.46,-6213.42,8098.11,-2112.62,0.378205,
-63569.4,7944,-1555.35,71774.9,8097.09,-2123.94,0.385526,
-63566.4,7744,405.91,2880.74,8097.72,-2137.18,0.392745,
-63585.4,7971,-810.824,32248.3,8100.14,-2199.84,0.399997,
-63585.4,7751,1420.64,-20513.9,8101.8,-2139.12,0.407239,
-63585.4,7776,1465.97,280826,8101.8,-1666.86,0.414477,
-63598.4,8023,-3318.57,35664.9,8100.14,-2203.43,0.421642,
-63585.4,7887,-336.674,19792.8,8099.76,-2146.02,0.428949,
-63598.4,7887,-1695.8,6192.28,8101.8,-2154.85,0.436321,
-63598.4,8039,-1428.51,59272.9,8101.8,-2176.65,0.443523,
-63598.4,7872,-387.099,-8746.79,8101.8,-2176.65,0.450852,
-63598.4,7872,-2424.23,-4106.11,8101.8,-2167.82,0.458132,
-63582.4,7855,268.122,-5507.66,8099.76,-2172.51,0.465355,
-63601.4,8023,-6525.32,51149.6,8099.76,-2172.51,0.472663,
-63582.4,7872,4311.98,5963.57,8102.18,-2156.78,0.479916,
-63582.4,7808,953.15,-29099,8099.76,-2172.51,0.487185,
-63582.4,7887,3183.98,-22476,8101.8,-2218.61,0.494405,
-63601.4,8032,-1952.42,16656.2,8102.18,-2212.26,0.501682,
-63582.4,7872,-612.463,-3219.03,8099.76,-2172.51,0.508891,
-63582.4,7815,1362.07,-22607.4,8099.76,-2172.51,0.516248,
-63582.4,7815,-870.943,-40259.8,8099.76,-2176.65,0.523519,
-63582.4,7815,-371.096,-26243,8099.76,-2176.65,0.53081,
-63598.4,7840,-3873.41,-5907.2,8099.76,-2163.68,0.538075,
-63582.4,7840,2972.43,-15777.6,8101.8,-2172.51,0.545372,
-63566.4,7840,5594.95,-504.508,8099.76,-2163.68,0.55267,
-63582.4,7872,236.724,4816.09,8099.76,-2172.51,0.559874,
-63582.4,7872,7.39762,4924.65,8099.76,-2163.68,0.567229,
-63582.4,7815,2954.33,-36379.1,8101.8,-2208.67,0.574145,
-63582.4,8075,92.3227,29663.8,8099.76,-2230.75,0.580918,
-63601.4,7959,-3772.49,-10026.1,8099.76,-2190.18,0.587705,
-63601.4,8007,-5356.86,-13276,8099.76,-2234.61,0.594564,
-63551.4,8067,10291.4,13661.1,8096.71,-2216.67,0.60136,
-63551.4,8096,2642.7,6441.08,8096.71,-2226.33,0.608205,
-63566.4,8151,-1704.54,3374.76,8097.72,-2249.52,0.615033,
-63569.4,4115,3051.24,-369365,8100.78,-1133.34,0.621823,
-63593.4,4144,-2519.68,-6027.97,8101.16,-1139.96,0.628615,
-63593.4,4160,-261.217,-6393.88,8101.16,-1158.73,0.635471,
-63623.4,4208,-4706.93,7782.5,8103.84,-1157.63,0.642294,
-63633.4,4288,-2397.31,19493.2,8105.24,-1170.05,0.649118,
-63630.4,4247,2538.76,-26887.3,8108.3,-1192.13,0.65597,
-63646.4,4328,3986.36,-336591,8110.34,-1717.65,0.662772,
-63646.4,4355,492.762,-4740.28,8107.92,-1197.37,0.66959,
-63646.4,4463,4468.23,20749.6,8107.92,-1218.63,0.676366,
-63654.4,4544,2098.92,23950.8,8107.92,-1238.22,0.683251,
-63646.4,4391,11706.4,-10617.5,8114.03,-1207.31,0.690036,
-63662.4,4544,2312.05,21857.3,8109.95,-1247.06,0.696883,
-63662.4,4672,-3660.74,13779.9,8107.02,-1289.29,0.703691,
-63646.4,4800,5781.89,9401.22,8110.34,-1315.78,0.710515,
-63649.4,4992,-3125.43,15805.7,8105.88,-1359.94,0.717292,
-63649.4,5039,-5082.49,36580.9,8105.88,-1364.08,0.724046,
-63614.4,4679,5440.66,9275.22,8106.26,-1280.45,0.73092,
-63625.4,4815,-4416.56,34903.1,8102.82,-1315.78,0.737641,
-63619.4,4832,-3410.76,9587.12,8102.82,-1333.45,0.744551,
-63625.4,4975,-4035.81,17648,8103.84,-1372.92,0.751375,
-63625.4,4960,-1857.1,1610.48,8105.24,-1368.78,0.758184,
-63625.4,5059,898.044,15971.5,8106.26,-1383.96,0.765018,
-63649.4,5136,-6594.86,10545.9,8105.88,-1413.77,0.771777,
-63630.4,5232,533.504,-18767.5,8106.26,-1432.53,0.77867,
-63633.4,5255,-600.092,-7054.99,8105.88,-1461.51,0.785412,
-63662.4,5287,-10846.6,-643.444,8105.88,-1465.93,0.792281,
-63647.4,5312,-1762.49,-80840.5,8108.3,-1540.73,0.799113,
-63662.4,5504,-5859.14,47383.1,8107.92,-1492.43,0.805895,
-63622.4,5387,10389.7,-78305.2,8107.92,-1554.25,0.812697,
-63638.4,5760,3061.67,-6660.64,8107.92,-1607.25,0.819486,
-63646.4,5983,5309.8,50611.2,8109.95,-1651.13,0.826388,
-63662.4,5855,-3076.62,34037.5,8107.92,-1576.06,0.833153,
-63638.4,6119,7750.21,58044.7,8109.95,-1662.17,0.840022,
-63649.4,5280,-3255.32,9288.48,8105.88,-1430.6,0.846861,
-63633.4,5504,2785.87,58158.8,8108.3,-1488.01,0.853614,
-63630.4,5864,-6333.18,154782,8102.82,-1501.26,0.860507,
-63625.4,5664,-4591.37,4427.28,8103.84,-1558.67,0.867292,
-63599.4,5703,10130.4,-57.7856,8106.26,-1573.85,0.874118,
-63614.4,5824,4732.15,-22695.1,8106.26,-1647.82,0.880924,
-63633.4,5792,-1620.07,-11903,8106.26,-1598.41,0.887751,
-63625.4,5911,1165.12,-15901.5,8105.88,-1663.28,0.894568,
-63630.4,5959,3362.23,-17534.8,8108.3,-1673.49,0.901344,
-63630.4,6055,3854.93,9225.81,8108.3,-1664.66,0.908226,
-63662.4,6145,-4506.43,22128.7,8108.3,-1677.91,0.914966,
-63665.4,6176,-5660.67,7974.06,8107.92,-1700.81,0.921801,
-63646.4,6247,2068.33,10046.2,8107.92,-1719.58,0.928664,
-63710.4,6272,-5466.85,11173.9,8114.03,-1722.07,0.93542,
-63717.4,6387,-9259.85,25087.8,8114.41,-1748.56,0.942193,
-63717.4,6384,-2211.5,9338.05,8116.07,-1758.22,0.949037,
-63717.4,6503,-2519.71,12795.5,8116.07,-1792.72,0.955917,
-63646.4,6416,16609.9,-61224.1,8113.01,-1821.15,0.962732,
-63649.4,6567,4683.46,21133.6,8107.92,-1807.91,0.969501,
-63662.4,6688,-4766.9,13907.4,8108.3,-1843.23,0.976359,
-63638.4,6848,3621.11,27926.8,8108.3,-1874.15,0.983182,
-63630.4,6944,821.776,31080,8106.26,-1898.71,0.989988,
-63633.4,7055,-1532.78,6764.14,8105.88,-1947.01,0.996782,
-63649.4,7104,-5891.14,38339.6,8105.88,-1944.81,1.00362,
-63630.4,6695,665.428,-11904.7,8105.88,-1845.72,1.01044,
-63649.4,6831,-5919.43,19641.8,8105.88,-1885.19,1.01725,
-63638.4,6912,-2255.52,11864.9,8105.88,-1903.96,1.02406,
-63625.4,7015,1320.72,13150.5,8105.88,-1934.04,1.03087,
-63614.4,7139,2554.03,14485.3,8105.24,-1966.89,1.0377,
-63606.4,7208,-912.499,3270.19,8101.93,-1991.45,1.04447,
-63593.4,7280,4266.33,10631.6,8101.93,-2002.22,1.05132,
-63582.4,7407,3662.84,33049.6,8101.16,-2024.3,1.05818,
-63569.4,7328,3504.74,-12685.5,8098.11,-2024.3,1.06498,
-63599.4,7392,-4368.84,9876.15,8099.76,-2035.61,1.07181,
-63593.4,7463,1106,6755.27,8101.93,-2059.62,1.07861,
-63599.4,7520,258.909,8852.5,8101.93,-2068.46,1.08543,
-63606.4,7521,-2053.45,-26521.5,8101.93,-2097.16,1.09219,
-63599.4,7424,2348.75,-72082.7,8102.82,-2112.62,1.099,
-63614.4,7495,-1852.3,-1867.12,8103.84,-2068.46,1.1059,
-63599.4,7591,769.186,13661.6,8101.93,-2088.61,1.11269,
-63610.4,7688,-2557.5,14363.6,8101.16,-2115.1,1.11952,
-63606.4,7744,-1073.9,9488.15,8101.93,-2134.7,1.12632,
-63582.4,7776,260.495,867.96,8098.11,-2146.02,1.13314,
-63566.4,7811,5881.86,-18101.3,8099.76,-2176.93,1.13995,
-63566.4,7936,3916.48,12252.8,8097.72,-2185.76,1.14677,
-63586.4,8032,-11036.6,14274.6,8095.81,-2212.26,1.15358,
-63601.4,8080,-12997.2,7932.91,8095.81,-2227.71,1.16041,
-63551.4,8139,16775.9,5066.84,8102.18,-2246.21,1.16723,
-63601.4,8200,-5227,6239.4,8102.18,-2261.11,1.17403,
-63551.4,8256,7889.07,11543.5,8095.81,-2272.15,1.18085,
-63566.4,8259,-3728.05,-834.999,8095.81,-2279.33,1.18772,
-63566.4,8352,-1946.11,8927.89,8096.71,-2302.51,1.19446,
-63558.4,8323,1365.24,-30278.6,8096.71,-2324.59,1.20125,
-63566.4,8419,410.981,9230.13,8098.11,-2320.18,1.20805,
-63566.4,8480,151.115,34813.5,8097.72,-2298.65,1.21494,
-63566.4,8640,146.387,24007.3,8097.72,-2375.65,1.22176,
-63558.4,8512,3408.49,3855.72,8097.72,-2335.91,1.22862,
-63551.4,8672,2672.5,16950.3,8096.71,-2393.32,1.23539,
-63566.4,8911,-3979.02,40420.4,8096.71,-2439.41,1.24225,
-63551.4,9039,219.314,27333.5,8095.81,-2490.47,1.24907,
-63601.4,9007,-17179.4,-2857.66,8095.81,-2485.78,1.25587,
-63551.4,9095,10943.7,5002.8,8102.18,-2510.07,1.2627,
-63558.4,8720,2515.01,-80807.3,8095.81,-2402.98,1.26951,
-63551.4,8775,4106.54,-2899.58,8097.72,-2432.79,1.27631,
-63551.4,8839,1415.09,-20320,8096.71,-2459.29,1.28315,
-63558.4,8999,-947.046,12316.8,8095.81,-2483.57,1.28992,
-63601.4,9175,-17874.6,28324.5,8095.81,-2516.97,1.29677,
-63551.4,9319,15519.2,1516.49,8102.18,-2587.63,1.30358,
-63582.4,9472,3981.45,-25421.3,8102.18,-2653.6,1.31042,
-63582.4,9735,124.42,47609.9,8099.76,-2658.29,1.31716,
-63598.4,9920,-1462.39,107807,8101.8,-2631.79,1.32403,
-63598.4,10112,-1504.43,34341.1,8101.8,-2773.11,1.33085,
-63598.4,10016,-2118.74,30219.1,8101.8,-2757.37,1.3377,
-63582.4,9255,1404.38,-133917,8098.74,-2547.88,1.34452,
-63598.4,9408,-322.682,3664.88,8101.8,-2596.46,1.35133,
-63598.4,9679,-5137.75,33795.7,8099.76,-2671.26,1.35813,
-63582.4,9984,4632.91,139966,8101.8,-2662.43,1.36491,
-63598.4,10032,-5737.57,99855.8,8099.76,-2693.62,1.3718,
-63582.4,9856,4342.78,-10775.4,8101.8,-2720.11,1.37862,
-63582.4,10144,3945.56,51187,8101.8,-2764.27,1.38533,
-63582.4,10192,492.024,18608.1,8099.76,-2809.26,1.39224,
-63601.4,10311,-2725.02,19038,8102.18,-2834.93,1.39906,
-63551.4,10368,19415.3,2075.79,8102.95,-2874.4,1.40591,
-63569.4,10575,-2258.65,31163.9,8096.71,-2898.69,1.41264,
-63569.4,8448,-1469.27,-799050,8097.72,-2949.75,1.41951,
-63599.4,10727,-9870.62,339822,8098.11,-2940.92,1.42635,
-63599.4,8783,706.953,-727178,8102.82,-2985.08,1.43305,
-63625.4,8960,-6152.83,-709896,8102.82,-3038.07,1.43999,
-63630.4,11136,-5503.24,62105.4,8103.84,-3055.74,1.44681,
-63662.4,10560,-13244.5,256982,8105.24,-2455.15,1.45357,
-63638.4,11271,85.3862,429903,8107.92,-2527.74,1.46038,
-63633.4,11648,689.007,206332,8105.88,-3183.53,1.46725,
-63633.4,11840,638.811,290260,8106,-2799.33,1.47401,
-63633.4,11456,-2976.44,-22369.3,8104.48,-3145.99,1.48077,
-63606.4,11904,920.094,71369.5,8101.93,-3258.88,1.4876,
-63593.4,10304,-4088.38,-129414,8098.11,-2830.52,1.49445,
-63558.4,10560,4479.11,-55114.7,8098.11,-2909.73,1.50127,
-63558.4,10816,1493.33,44640.7,8096.71,-2967.42,1.50808,
-63601.4,10784,-8963.79,-104364,8102.18,-3077.54,1.51494,
-63582.4,11769,1034.05,255752,8098.87,-3075.34,1.52169,
-63582.4,11463,32.3142,6358.85,8099.76,-3161.73,1.52858,
-63598.4,11599,-3034.84,-20539.8,8099.76,-3218.86,1.53538,
-63582.4,11887,2111.05,47762.8,8099.76,-3260.81,1.5422,
-63582.4,11968,2446.95,20716.2,8100.14,-3294.21,1.54897,
-63598.4,12199,-1755.57,28225,8101.8,-3356.86,1.55588,
-63585.4,12352,1139.99,12688,8100.14,-3409.86,1.5627,
-63566.4,12576,9721.72,34322.4,8101.8,-3463.96,1.5695,
-63566.4,12608,6324.43,-17065.6,8100.14,-3483.83,1.57629,
-63566.4,12943,1700.24,24202.6,8097.85,-3572.15,1.58318,
-63585.4,13263,-84.8367,63455.7,8100.14,-3621,1.58995,
-63598.4,13088,-1789.67,51989.5,8101.8,-3568.01,1.59678,
-63598.4,13440,-3310.81,55367.7,8100.78,-3691.66,1.6036,
-63598.4,13696,-2493.17,28835.9,8100.14,-3762.32,1.61036,
-63598.4,13839,-1565.79,-44516.4,8101.8,-3819.46,1.61722,
-63582.4,13519,1536.85,-40934,8100.14,-3726.99,1.62402,
-63585.4,13903,-1322.71,49409.2,8100.14,-3824.15,1.63084,
-63566.4,14368,2274.11,60874.8,8097.72,-3949.73,1.63766,
-63559.4,14607,3069.83,-10579.2,8097.72,-4071.17,1.64447,
-63566.4,14863,-174.626,-95270.8,8098.11,-4212.49,1.65129,
-63569.4,15503,-565.152,64820.8,8098.11,-4265.48,1.65813,
-63543.4,16256,7212.02,159445,8098.11,-4380.58,1.66495,
-63534.4,16143,3003.78,113155,8093.65,-4406.8,1.67177,
-63543.4,15488,-5646.59,274960,8092.63,-4031.43,1.67859,
-63526.4,15135,497.895,43549.5,8091.74,-4168.61,1.68536,
-63526.4,15119,835.749,35751.1,8093.65,-4133.28,1.69224,
-63543.4,15439,-4948.24,25816.8,8092.63,-4256.93,1.69905,
-63534.4,15775,52.1688,71802.9,8093.65,-4309.92,1.70586,
-63543.4,15911,-4574.67,32642.7,8092.63,-4402.38,1.71268,
-63526.4,16327,-235.611,59360.6,8092.63,-4486.57,1.71946,
-63526.4,12480,552.733,-70470.8,8091.74,-3448.5,1.72628,
-63519.4,12576,4802.9,-47687.5,8093.65,-3519.16,1.73313,
-63519.4,12839,1843.29,33106.6,8091.74,-3532.68,1.73992,
-63519.4,13007,1814.42,12616.8,8092.63,-3585.68,1.74677,
-63534.4,13248,815.171,23867.7,8094.79,-3642.81,1.75354,
-63534.4,13120,-543.878,21426.5,8092.63,-3625.15,1.76042,
-63561.4,13455,-5992.49,53383.5,8094.79,-3691.66,1.7672,
-63561.4,13711,-3268.5,22199.4,8095.69,-3784.13,1.77403,
-63561.4,13568,997.028,-95122.2,8097.09,-3815.31,1.78083,
-63561.4,13344,566.502,-120532,8097.72,-3675.93,1.78768,
-63569.4,13727,-4044.37,-26149.3,8096.83,-3841.81,1.79448,
-63555.4,14183,-1948.28,100276,8094.79,-3854.78,1.80122,
-63534.4,14471,2025.68,50407.3,8093.65,-3974.3,1.80812,
-63519.4,14592,7066.67,-24382.3,8094.79,-4057.93,1.81496,
-63537.4,14976,-1432.36,57312.4,8094.03,-4106.78,1.82171,
-63537.4,15311,-870.146,49192.3,8094.03,-4203.94,1.82859,
-63518.4,15328,1923.39,71491.8,8091.61,-4203.94,1.83542,
-63510.4,15616,5227.94,46105.9,8092.76,-4283.43,1.84224,
-63529.4,15791,-4520.65,40080.4,8090.59,-4331.73,1.84907,
-63529.4,15943,-1656.7,14758.3,8093.01,-4400.18,1.85588,
-63537.4,16099,-4332.6,20199.7,8091.61,-4433.57,1.86272,
-63519.4,16256,6453.19,9918.49,8094.03,-4492.92,1.86956,
-63537.4,8224,-3748.73,-740934,8092.63,-2270.5,1.87638,
-63526.4,8384,-971.247,1925.72,8091.74,-2305,1.88316,
-63519.4,8400,2537.24,14636.4,8091.74,-2305,1.89002,
-63537.4,8544,-4158.28,26619.4,8091.74,-2342.26,1.89684,
-63534.4,8576,-3252.43,7747.54,8092.63,-2363.23,1.90365,
-63518.4,8736,4156.6,43918.5,8093.01,-2390.84,1.91049,
-63518.4,9007,2762.81,46498,8093.01,-2465.91,1.91724,
-63510.4,9039,679.185,-2013.19,8090.59,-2490.47,1.92411,
-63529.4,8800,-3929.55,9961.15,8093.01,-2412.92,1.93091,
-63529.4,8903,-4270.93,23989.9,8091.61,-2437.48,1.93771,
-63510.4,9232,-965.845,43977.4,8089.7,-2530.22,1.94457,
-63513.4,9615,-3232.89,80492.5,8089.57,-2614.13,1.95142,
-63502.4,9431,404.116,-64493.6,8089.57,-2662.43,1.95822,
-63495.4,9935,999.483,49141,8088.68,-2737.78,1.965,
-63502.4,9856,-3222.47,-20599,8088.55,-2686.72,1.97186,
-63494.4,9808,-1740.53,34905.5,8087.53,-2563.06,1.97878,
-63455.4,9519,8126.51,-30236.1,8086.64,-2667.12,1.98557,
-63393.4,9744,16857.6,7938.18,8080.78,-2693.62,1.99246,
-63390.4,9984,6562.83,36870.3,8077.34,-2737.78,1.99925,
-63377.4,10243,3048.41,45410.5,8074.41,-2801.54,2.00603,
-63366.4,10391,1264.38,15697.4,8072.25,-2848.18,2.01282,
-63329.4,8675,-1017.51,-695010,8066,-2932.09,2.01968,
-63297.4,10959,6718.59,83342.8,8067.15,-3020.41,2.02645,
-63278.4,8832,3395.1,-776347,8061.42,-2969.35,2.03328,
-63246.4,10784,8872.43,-45427.1,8059.38,-2987.01,2.04008,
-63249.4,12223,5904.47,290116,8061.04,-3293.93,2.04686,
-63249.4,10768,-1276.38,-286488,8056.32,-3091.07,2.05371,
-63246.4,9568,-576.935,-294669,8056.32,-2605.29,2.06062,
-63214.4,12039,17767.6,213530,8057.34,-3285.38,2.06744,
-63230.4,10447,-2680.31,-388907,8054.92,-3122.81,2.07427,
-63214.4,11415,833.472,65588.3,8053.01,-3163.66,2.08104,
-63166.4,10880,13538.6,-3133.68,8051.23,-2976.25,2.08792,
-63189.4,11136,2363.07,16166.9,8051.23,-3073.4,2.0947,
-63141.4,11136,43978.6,77946.8,8067.15,-3024.55,2.10153,
-63134.4,11439,1723.17,55790.9,8040.65,-3128.33,2.10837,
-63134.4,11663,1544.87,-1627.5,8040.65,-3218.86,2.11521,
-63118.4,12032,7536.5,40266.7,8043.58,-3318.5,2.12202,
-63134.4,11968,-1232.91,33246.1,8042.69,-3278.48,2.12881,
-63134.4,12071,1802.38,17669.9,8042.69,-3321.54,2.13565,
-63134.4,12192,-1412.1,21354.5,8042.69,-3356.04,2.1424,
-63134.4,12323,1566.68,8826.96,8043.58,-3400.2,2.14922,
-63118.4,12448,11590.4,20445.7,8043.58,-3426.7,2.15614,
-63118.4,12515,176.078,7418.64,8039,-3450.71,2.16296,
-63134.4,12736,-3674.71,27595.9,8040.65,-3506.19,2.16977,
-63134.4,12608,-5418.92,-16076.5,8039,-3492.66,2.17656,
-63118.4,12768,4973.39,30025.6,8042.69,-3506.19,2.18342,
-63134.4,12896,4232.92,22858.8,8043.58,-3552.28,2.19026,
-63189.4,13024,-7403.71,29783.1,8046.77,-3568.01,2.19709,
-63166.4,13279,14460.9,63638,8046.77,-3625.15,2.20393,
-63189.4,13103,-1130.87,899.965,8049.7,-3603.34,2.21073,
-63214.4,12816,-12346.8,-72193.2,8046.77,-3537.1,2.21759,
-63189.4,12928,2442.77,15450,8049.7,-3563.32,2.22441,
-63166.4,13088,10477.8,25824.8,8052.88,-3603.34,2.2312,
-63166.4,13312,-2665.19,28828,8043.58,-3665.99,2.23809,
-63166.4,13511,7895.24,33000.2,8049.7,-3702.98,2.24488,
-63189.4,13760,-4507.33,54398.2,8049.7,-3744.66,2.25173,
-63189.4,13799,-4823.63,22293.9,8046.77,-3788.82,2.25862,
-63189.4,13967,-3240.78,50096,8046.77,-3837.12,2.26567,
-63201.4,13656,-1384.26,-154398,8051.23,-3912.19,2.2729,
-63214.4,13952,2963.61,-12536.9,8054.92,-3854.78,2.28023,
-63230.4,13351,-3907.73,-121195,8052.88,-3678.41,2.28745,
-63241.4,13647,-3251.45,-57966.8,8056.32,-3850.64,2.29478,
-63241.4,14059,-4855.83,75929.5,8054.92,-3870.52,2.3021,
-63230.4,13856,3416,-10110.4,8054.92,-3826.08,2.30935,
-63201.4,13959,9435.65,-6129.51,8052.88,-3859.48,2.31666,
-63358.4,14112,-51577.4,23358.5,8052.88,-3877.14,2.32394,
-63241.4,14208,-3543.94,-4151.7,8054.92,-3932.07,2.33121,
-63249.4,14368,-8425.71,9789.64,8052.88,-3966.29,2.33847,
-63249.4,14439,-344.242,9255.55,8056.96,-3983.13,2.34574,
-63278.4,14503,-2710.64,4933.62,8061.04,-4002.72,2.35301,
-63297.4,14496,-6829.25,-15979,8061.42,-4012.66,2.36032,
-63262.4,14579,16514.8,-6662.28,8067.15,-4014.04,2.36764,
-63294.4,14631,5000.02,6767.99,8065.11,-4036.12,2.37489,
-63333.4,14799,-1820.82,28952,8068.04,-4075.59,2.38217,
-63310.4,14688,-1330.62,-7723.14,8063.07,-4033.64,2.38945,
-63294.4,14959,303.008,44594.1,8063.07,-4106.78,2.3967,
-63326.4,15296,9017.18,89374.3,8076.32,-4138.52,2.40391,
-63310.4,14848,-4097.28,-144656,8063.46,-4223.53,2.41126,
-63297.4,14992,1413.47,7990.68,8061.42,-4135.21,2.41853,
-63310.4,15216,-3778.42,23444.6,8059,-4199.24,2.42574,
-63281.4,15395,4962.96,17355.6,8063.46,-4243.68,2.43301,
-63262.4,15584,4114.09,24553.8,8059,-4294.19,2.44036,
-63246.4,15616,11622.4,20802.4,8061.42,-4298.61,2.44761,
-63278.4,15808,-9580.6,31481.3,8056.96,-4347.18,2.45486,
-63241.4,15744,6095.34,-6276.4,8059.38,-4360.43,2.46212,
-63230.4,15968,3161.39,25258.1,8056.32,-4394.66,2.46936,
-63201.4,16096,10516.5,23296.6,8054.92,-4435.51,2.47664,
-63230.4,16144,4060.59,12298.8,8051.23,-4453.45,2.48392,
-63166.4,16224,7840.4,8267.66,8049.7,-4477.74,2.49119,
-63166.4,16328,-416.812,18799.3,8046.77,-4495.4,2.4984,
-63189.4,16419,-14966.1,11446.6,8043.58,-4526.31,2.50566,
-63141.4,16444,5312.87,-71.2002,8043.58,-4535.15,2.51298,
-63189.4,16480,-3433.96,2045.73,8049.7,-4546.46,2.52023,
-63189.4,16576,-193.399,25199,8049.7,-4566.06,2.52757,
-63214.4,16640,-5146.14,37797,8051.23,-4555.02,2.53483,
-63201.4,16675,-1094.87,49175.6,8049.7,-4562.47,2.54205,
-63214.4,16579,-4234.29,-47623.4,8051.23,-4620.98,2.54932,
-63230.4,16513,588.738,-16676.8,8054.92,-4557.5,2.55661,
-63230.4,16609,11460.1,13017.3,8054.92,-4582.62,2.56389,
-63214.4,17103,5860.19,120031,8054.92,-4601.39,2.57122,
-63201.4,16768,7299.76,-125682,8052.88,-4786.86,2.57845,
-63214.4,16928,9763.97,49990.4,8049.7,-4592.83,2.58571,
-63230.4,17056,17816.4,47726.5,8070.21,-4698.54,2.59301,
-63201.4,16784,7029.37,-5593.05,8054.92,-4646.93,2.60031,
-63241.4,17440,-1010.55,150092,8056.32,-4659.07,2.60758,
-63230.4,17632,1474.82,159579,8056.32,-4675.08,2.61489,
-63214.4,17063,17280.7,-19374.5,8054.92,-4704.89,2.62214,
-63230.4,18112,559.043,162261,8054.92,-5007.4,2.62939,
-63241.4,17999,-7955.74,216713,8051.23,-4786.86,2.6367,
-63350.4,17411,-44439.8,18377.9,8052.88,-4796.52,2.64396,
-63201.4,17024,2129.91,-117885,8051.23,-4848.69,2.65123,
-63214.4,17152,-1869.5,24281.9,8052.88,-4716.21,2.65851,
-63201.4,17248,-3286.64,-137485,8049.7,-4998.84,2.66577,
-63209.4,17396,-5907.46,-51857.8,8050.85,-4782.45,2.67302,
-63134.4,17539,5716.49,7527.88,8042.69,-4822.19,2.68033,
-63118.4,18951,15650.9,395771,8042.69,-4871.6,2.68759,
-63105.4,17856,2512.2,82130.2,8039,-4866.36,2.69489,
-63345.4,17991,-56716,8119.56,8051.74,-4954.68,2.70218,
-63166.4,18240,9647.45,-11779.9,8051.74,-5069.5,2.70939,
-63198.4,18055,-4518.98,-245776,8050.85,-5387.46,2.71671,
-63173.4,18272,10947.4,84591.1,8047.66,-4935.63,2.72399,
-63134.4,17968,2621.37,106858,8042.69,-4814.19,2.73125,
-63125.4,17600,728.975,-12426.6,8042.69,-4850.62,2.73851,
-63125.4,17824,-1201.16,-23319.6,8038.62,-4994.42,2.74579,
-63041.4,18140,20788.3,26338.4,8038.62,-4894.78,2.75304,
-63054.4,17971,8490.95,-218364,8036.96,-4954.68,2.76034,
-63054.4,19904,3024.38,285913,8034.54,-5502,2.76767,
-63054.4,18184,-1019.25,-332351,8032.5,-5504.21,2.77495,
-63041.4,18280,8437.29,-37737.1,8035.43,-5044.93,2.78227,
-63077.4,18384,-1585.16,-329741,8035.43,-5617.93,2.78949,
-63070.4,18483,-1299.94,-492851,8035.43,-5678.92,2.79682,
-63077.4,18576,-3096.57,487795,8034.54,-4555.02,2.80398,
-63270.4,16535,-74938.6,-806001,8030.85,-5142.09,2.81132,
-63041.4,18553,7807.83,35853.8,8032.5,-5148.99,2.81857,
-63089.4,21120,-1196.86,649161,8036.96,-5131.32,2.82581,
-63089.4,16800,5401.33,-742150,8041.55,-5133.53,2.83312,
-63294.4,16743,-64829.9,-899097,8038.62,-5144.57,2.8404,
-63125.4,21647,2645.3,1.00992e+06,8041.55,-5239.24,2.84773,
-63141.4,19264,-948.498,234434,8043.58,-4746.84,2.85495,
-63125.4,17280,2879.54,-582105,8043.58,-5197.57,2.86198,
-63102.4,18983,5044.99,-211628,8038.62,-5237.31,2.86873,
-63125.4,21711,46.6355,512618,8041.55,-5970.39,2.87552,
-63125.4,17103,1096.59,-747420,8041.04,-5274.57,2.88239,
-63134.4,19264,24.5823,-690032,8043.58,-6094.04,2.88917,
-63134.4,19296,8657.84,7291.15,8042.69,-5340.81,2.89604,
-63198.4,17360,-6097.84,-290016,8050.85,-4778.03,2.90285,
-63166.4,19488,11597.4,161051,8050.85,-5366.21,2.90968,
-63166.4,22720,362.418,627199,8046.77,-6257.16,2.91646,
-63345.4,17600,-52314.3,-434819,8051.74,-4839.86,2.92327,
-63205.4,19687,-7607.05,-559564,8051.74,-6345.48,2.9301,
-63118.4,23327,8616.1,1.37949e+06,8040.65,-5458.12,2.93692,
-63118.4,19104,-1812.77,168314,8040.65,-5248.35,2.9438,
-63105.4,20015,1136.45,-83731.6,8039,-5502.28,2.95063,
-63134.4,23936,-7234.02,1.55599e+06,8039,-5550.58,2.9574,
-63118.4,20367,7486.87,683656,8040.65,-5055.97,2.96421,
-63105.4,20271,5433.96,-693834,8039,-6606.31,2.97105,
-63118.4,19559,5846.99,-650347,8039,-6274.83,2.97787,
-63105.4,17728,36993.9,-336278,8063.2,-4981.45,2.98472,
-63118.4,17923,-1231.89,-1.83792e+06,8040.65,-6433.81,2.99153,
-63105.4,20096,1451.78,26949.9,8039,-5541.75,2.99833,
-63105.4,20199,6011.79,407409,8042.69,-5321.22,3.0051,
-63302.4,20391,-63762.7,-323811,8042.69,-5617.93,3.01196,
-63118.4,18519,5209.07,-703418,8042.69,-5678.92,3.01876,
-63134.4,20815,-255.01,231533,8042.69,-5780.22,3.02549,
-63118.4,18823,6657.36,-547991,8042.69,-5829.07,3.03237,
-63134.4,19639,5888.44,-124355,8046.77,-5811.41,3.0392,
-63166.4,18931,-11259.5,-42037.1,8042.69,-5219.65,3.04599,
-63141.4,19119,1811.3,22845.6,8042.69,-5272.64,3.05283,
-63313.4,19200,-61419,-541157,8043.58,-5506.42,3.05964,
-63141.4,18983,12619.5,-69296.9,8046.77,-5229.31,3.0665,
-63166.4,19888,23281.5,-273056,8065.49,-5468.88,3.07326,
-63189.4,19923,-792.075,-521344,8050.85,-6140.13,3.08009,
-63189.4,19552,3685.42,-4152.45,8049.7,-5383.87,3.08688,
-63201.4,19584,-8461.01,-389980,8046.77,-5543.96,3.09375,
-63189.4,19776,35104.2,16200.4,8070.21,-5444.87,3.10055,
-63241.4,19735,-7562.17,-702272,8052.88,-6465,3.10743,
-63249.4,23520,-2452.04,1.24202e+06,8056.32,-5497.86,3.11423,
-63246.4,23680,290.885,1.14686e+06,8056.96,-5520.77,3.12107,
-63241.4,20167,3783.96,-709658,8056.96,-6583.96,3.12788,
-63230.4,24064,2137.34,1.40071e+06,8054.92,-5575.42,3.1347,
-63201.4,20323,1327.08,-139178,8051.23,-5631.73,3.14151,
-63166.4,20499,4939.47,-350377,8046.77,-5648.01,3.14836,
-63141.4,20624,5271.19,-178625,8043.58,-5676.44,3.15516,
-63310.4,20704,-63369.6,-90815.7,8042.69,-5709.84,3.16194,
-63134.4,25152,3014.57,1.5576e+06,8042.69,-5786.84,3.16879,
-63134.4,21120,-834.462,-845137,8043.58,-7083.26,3.17558,
-63118.4,21455,21691.1,-996198,8042.69,-7286.12,3.18243,
-63118.4,25647,4683.68,916790,8042.69,-5793.74,3.18918,
-63118.4,21216,3431.75,-1.04326e+06,8042.69,-7162.47,3.1961,
-63134.4,26528,-5775.11,959075,8040.65,-7326.14,3.20289,
-63118.4,21664,6067.35,-83094.6,8042.69,-5988.05,3.20971,
-63205.4,21888,-26146.8,25825.5,8042.69,-6023.38,3.21654,
-63134.4,21927,-1757.02,32608.9,8042.69,-6027.52,3.22335,
-63141.4,27648,-2792.77,1.83467e+06,8043.58,-6060.64,3.23019,
-63134.4,27807,2221.52,991680,8043.58,-7666.19,3.237,
-63141.4,28288,10972.4,1.82925e+06,8049.7,-6111.71,3.24382,
-63189.4,28479,2550.38,653893,8051.23,-7842.83,3.25063,
-63201.4,27712,3283.12,1.82969e+06,8051.23,-6173.26,3.25745,
-63214.4,22239,-3773.44,-27101.6,8051.23,-6111.71,3.26432,
-63230.4,22319,2048.15,-511887,8056.32,-6160.01,3.27113,
-63239.4,21527,1393.99,-363819,8056.32,-6210.79,3.2779,
-63265.4,21575,1985.48,113.057,8059.38,-5948.31,3.28476,
-63265.4,21679,3067.93,-720377,8061.04,-5988.05,3.29159,
-63278.4,21903,48.4387,-227142,8061.42,-6027.52,3.29844,
-63281.4,21895,-2572.55,-2365.39,8061.04,-6042.98,3.30527,
-63281.4,22087,-1010.94,-1.29259e+06,8059,-7666.19,3.31209,
-63383.4,22311,-33960.7,-496680,8061.42,-6129.37,3.31895,
-63278.4,22512,-2413.42,15730.2,8059,-6200.03,3.32572,
-63287.4,22720,160.924,105743,8063.46,-5709.56,3.33255,
-63262.4,23011,1519.31,-998563,8059,-6323.68,3.33943,
-63310.4,23296,-13342.1,-12481.9,8061.42,-6465,3.34624,
-63278.4,22979,-2254.85,-729700,8061.04,-6442.64,3.35304,
-63278.4,23168,-737.762,-404366,8061.04,-6606.31,3.35983,
-63246.4,32671,8661.86,2.90194e+06,8061.04,-6716.44,3.36691,
-63249.4,24111,19761.7,-326229,8072.37,-6588.65,3.37416,
-63214.4,24544,7818.09,-114651,8054.92,-6747.63,3.38144,
-63201.4,29248,-369.426,2.16911e+06,8049.7,-6272.62,3.38866,
-63189.4,29824,1579.22,2.15005e+06,8049.7,-6367.84,3.396,
-63326.4,23947,-46602.8,191222,8052.25,-6359.01,3.40324,
-63189.4,30559,-3665.14,240162,8049.7,-8381.32,3.4106,
-63166.4,23663,2876.07,-1.97178e+06,8049.7,-8500.56,3.4179,
-63189.4,31183,2036.75,1.22042e+06,8051.23,-8553.55,3.42509,
-63189.4,23815,1631.23,-1.30563e+06,8051.23,-6628.12,3.43242,
-63201.4,24096,140.215,-688137,8051.23,-6150.07,3.43967,
-63201.4,24323,1471.88,-4505.04,8052.88,-6696.57,3.44692,
-63214.4,24515,-3026.27,-146810,8051.23,-6753.98,3.45417,
-63185.4,24727,4743.3,1.27505e+06,8049.7,-5662.09,3.46142,
-63189.4,24975,-6852.99,79165.6,8046.77,-6875.42,3.46873,
-63189.4,25152,-12168.7,602484,8042.69,-6924.27,3.476,
-63141.4,20807,6031.23,-573029,8046.77,-5731.92,3.48326,
-63141.4,21127,2927.58,-959695,8043.58,-7105.06,3.49053,
-63118.4,21391,5773,-186476,8042.69,-5882.07,3.49788,
-63105.4,21159,9232.13,-35914.2,8039,-5811.41,3.50508,
-63205.4,21488,-8332.19,-610824,8051.74,-5923.74,3.51244,
-63205.4,21635,-7897.3,-388010,8051.74,-6386.33,3.51969,
-63198.4,22144,-2860.29,-906665,8051.74,-7635,3.52697,
-63166.4,22471,598.374,-117591,8046.77,-6041.88,3.53423,
-63198.4,22131,-670.006,-417086,8050.85,-5992.19,3.54151,
-63173.4,22039,1445.06,21653.9,8047.66,-6067.54,3.54867,
-63173.4,28224,-1180.79,1.14398e+06,8047.66,-7754.51,3.5555,
-63134.4,22528,51996.2,-65950.5,8065.49,-6204.44,3.5623,
-63125.4,22615,3766.17,-1.2865e+06,8043.58,-7966.48,3.56909,
-63125.4,29007,2862.4,990738,8042.69,-7984.15,3.57594,
-63102.4,22880,1929.84,-100349,8036.96,-6307.95,3.5828,
-63141.4,22855,-2370.27,-1.18863e+06,8043.58,-8094.27,3.58959,
-63134.4,23043,1521.21,-1.36311e+06,8043.58,-8173.77,3.59639,
-63141.4,23215,-3746.1,-10569.1,8041.55,-6394.34,3.60319,
-63141.4,23360,-3031.73,-1.2719e+06,8042.69,-8381.32,3.61007,
-63134.4,23063,1929.33,-1.46083e+06,8042.69,-8434.32,3.61684,
-63169.4,23312,-4694.83,-314715,8047.66,-6394.34,3.62371,
-63173.4,23504,-2925.31,-932664,8047.66,-6473.83,3.63054,
-63134.4,23639,21021.4,-173154,8050.85,-6513.57,3.63736,
-63173.4,23712,-3641.63,10060.4,8047.66,-6535.65,3.64418,
-63166.4,23767,7407.04,-836342,8050.85,-6544.49,3.65099,
-63198.4,23872,-6926.15,-358627,8046.77,-6588.65,3.6578,
-63198.4,31375,-2407.8,2.5416e+06,8050.85,-6610.73,3.66458,
-63137.4,24115,17924.8,-238957,8050.85,-6646.06,3.67145,
-63198.4,24303,-4506.11,-2.47756e+06,8050.85,-8849.71,3.67827,
-63198.4,24355,-11162.7,-64387.1,8046.77,-6717.54,3.68509,
-63198.4,24496,-4188.52,-353395,8051.74,-6757.29,3.69192,
-63205.4,24600,-20390.7,881.899,8039,-6785.17,3.69873,
-63205.4,16551,-637.209,-2.60863e+06,8051.74,-6815.8,3.70557,
-63205.4,24784,-19.9128,286736,8051.74,-6850.03,3.71235,
-63205.4,16935,-1785.03,-2.69704e+06,8051.74,-6855.82,3.71924,
-63205.4,17231,-15396.1,-2.733e+06,8046.77,-6885.36,3.72609,
-63217.4,25000,-14525.7,107216,8046.77,-6866.86,3.7329,
-63198.4,25081,-11014,904880,8046.77,-6919.86,3.7397,
-63198.4,17600,-5354.53,-2.74422e+06,8050.85,-6942.77,3.74653,
-63173.4,25232,5594.81,749414,8050.85,-6988.03,3.75331,
-63329.4,17712,-28467.4,-1.92019e+06,8065.11,-7003.77,3.76011,
-63173.4,25415,673.479,1.82312e+06,8047.66,-4967.65,3.76701,
-63173.4,25120,-7196.96,363166,8044.73,-6929.52,3.77394,
-63134.4,25200,7352.53,648448,8047.66,-6941.94,3.78119,
-63198.4,17856,-15833.2,-1.27318e+06,8042.69,-4936.74,3.78844,
-63173.4,17743,-6695.82,-2.46553e+06,8042.69,-6965.95,3.79572,
-63198.4,25320,25902.2,97827.9,8067.53,-6981.68,3.80296,
-63198.4,17895,-265.152,-626543,8050.85,-4928.18,3.81022,
-63198.4,25352,-9380.71,1.3553e+06,8046.77,-4954.68,3.81745,
-63166.4,25408,4243.3,49968.4,8046.77,-7010.11,3.82467,
-63205.4,25447,-2436.42,11393.7,8051.74,-7018.95,3.83205,
-63105.4,25481,2071.63,655392,8039,-7017.01,3.83927,
-63118.4,25520,18346.8,32012.2,8042.69,-7034.68,3.84655,
-63134.4,18343,-801.233,-2.01245e+06,8042.69,-7053.17,3.8538,
-63166.4,16448,188.175,-3.05245e+06,8046.77,-7067.8,3.8611,
-63189.4,18592,-1902.24,-2.32395e+06,8051.23,-7089.6,3.86836,
-63201.4,25792,1084.33,106368,8051.23,-7107.27,3.87562,
-63166.4,25895,27730.6,182151,8052.88,-7132.11,3.8829,
-63201.4,26080,-3159.1,911501,8049.7,-7171.58,3.89013,
-63189.4,26183,159.721,1.15806e+06,8049.7,-5369.79,3.89747,
-63166.4,26415,1329.79,78096.4,8043.58,-7312.89,3.90474,
-63134.4,26272,1784.01,1.80494e+06,8042.69,-5484.34,3.91201,
-63118.4,25664,3660.69,95147.2,8042.69,-7209.12,3.9193,
-63105.4,19008,5929.02,-1.79196e+06,8040.65,-7189.24,3.92659,
-63205.4,26192,-16765,255716,8051.74,-7230.92,3.93377,
-63205.4,26520,-3891.48,67464.2,8045.11,-7280.6,3.94106,
-63205.4,26632,-3482.9,1.10271e+06,8051.74,-5625.93,3.94837,
-63198.4,26848,-12192.6,161930,8046.77,-7394.32,3.95564,
-63173.4,26820,3175.87,-15793.8,8051.74,-7407.57,3.96292,
-63173.4,27232,8176.31,1.78893e+06,8050.85,-5956.86,3.97018,
-63198.4,22175,-14386.8,-1.70155e+06,8042.69,-7621.75,3.9775,
-63134.4,22063,28102.5,-1.35191e+06,8047.66,-6981.68,3.98474,
-63141.4,25735,-3860.44,398112,8041.55,-6257.16,3.99207,
-63121.4,27360,34887.9,680453,8065.11,-7546.95,3.99931,
-63102.4,24479,13290.8,-1.02229e+06,8043.58,-7878.16,4.00653,
-63141.4,28615,-1020.86,552763,8043.58,-7325.87,4.01377,
-63141.4,27232,-3673.47,208505,8042.69,-7122.72,4.02105,
-63134.4,27936,-1220.54,66870.6,8041.55,-7703.45,4.02828,
-63125.4,28384,5152.78,1.00544e+06,8043.58,-6614.87,4.03556,
-63173.4,26635,-12702,-5660.09,8042.69,-7321.73,4.04283,
-63134.4,26723,4559.81,1.03865e+06,8042.69,-5687.76,4.05011,
-63173.4,26784,7126.61,397.912,8047.66,-7410.05,4.05736,
-63198.4,27840,-315.715,932674,8050.85,-7670.6,4.06464,
-63134.4,27848,17229.8,823498,8047.66,-7447.31,4.07195,
-63198.4,27264,-7372.11,354443,8050.85,-7716.69,4.07922,
-63173.4,22400,9292.53,-816874,8042.69,-6120.26,4.08649,
-63173.4,21696,-59.5708,-1.89499e+06,8047.66,-7736.84,4.09372,
-63134.4,28081,2346.38,307328,8043.58,-7564.61,4.10103,
-63134.4,22560,2328.17,-872938,8043.58,-6218.52,4.10826,
-63102.4,22863,12340.2,-1.52789e+06,8043.58,-7657.35,4.1156,
-63305.4,27937,-70322.7,394030,8036.96,-7707.86,4.12285,
-63141.4,28000,-6884.39,1.42336e+06,8038.62,-6394.34,4.13008,
-63125.4,28208,1009.51,452544,8041.55,-7776.59,4.13738,
-63134.4,23872,15663.2,-1.50492e+06,8043.58,-7807.78,4.14461,
-63141.4,28417,-3119.57,1.01494e+06,8041.55,-6623.98,4.15196,
-63113.4,24343,6431.96,-864325,8041.55,-7871.54,4.15918,
-63102.4,28627,23317.5,785034,8038.62,-6748.46,4.16653,
-63125.4,28680,-1396.88,298907,8041.55,-7911.28,4.1738,
-63121.4,28688,155.067,10007.2,8040.02,-7917.91,4.18104,
-63141.4,24640,-4126.78,-1.39404e+06,8041.55,-7918.18,4.18831,
-63134.4,24679,15552.7,-1.34159e+06,8042.69,-7925.36,4.19562,
-63134.4,28720,4546.39,135344,8042.69,-7922.6,4.20286,
-63198.4,24672,-11595.7,-1.38886e+06,8047.66,-7926.74,4.21013,
-63166.4,24775,1024.53,-1.28656e+06,8046.77,-7940.81,4.21747,
-63105.4,24776,24568.3,-1.32952e+06,8046.9,-7942.19,4.22465,
-63141.4,28809,-1681.49,908603,8043.58,-6853.62,4.23201,
-63189.4,24992,-7026.39,-1.12724e+06,8046.77,-7962.89,4.23928,
-63246.4,24835,-3421.66,-1.32638e+06,8056.32,-7951.03,4.24657,
-63297.4,24903,-10370.3,-1.23127e+06,8061.04,-7958.48,4.25378,
-63333.4,28905,-4739.89,59160.6,8067.15,-7966.48,4.26108,
-63359.4,25027,-8578.26,-1.33087e+06,8067.53,-7975.59,4.26836,
-63377.4,28921,-5937.05,42594.5,8071.35,-7982.21,4.27561,
-63413.4,28944,-6927.79,3440.45,8075.69,-7988.84,4.28289,
-63406.4,28944,299.615,820139,8078.23,-6933.11,4.29014,
-63455.4,28979,-8639.61,32301.2,8081.8,-7992.98,4.29747,
-63462.4,29031,-2081.74,5592.75,8084.48,-8012.58,4.3047,
-63479.4,29040,199.722,825841,8087.53,-6959.6,4.31205,
-63494.4,29016,373.387,843671,8089.06,-7056.48,4.31929,
-63503.4,25575,1283.38,-880853,8090.97,-8045.97,4.32652,
-63529.4,29024,-2972.44,56999.9,8091.61,-8008.16,4.33378,
-63534.4,29107,80.95,255373,8094.03,-8028.31,4.34104,
-63519.4,29200,2556,330128,8092.63,-8054.81,4.34836,
-63537.4,29423,-1573.44,649427,8094.03,-7145.08,4.35565,
-63529.4,29664,1194.97,147919,8093.01,-8160.79,4.36291,
-63510.4,25632,1821.81,-1.37055e+06,8090.97,-8191.71,4.3702,
-63494.4,29411,420.26,626118,8088.55,-7145.08,4.37747,
-63438.4,29648,10989.2,44507.9,8084.48,-8172.66,4.38472,
-63406.4,29761,6849.27,523963,8079.38,-7383.55,4.39199,
-63342.4,30103,10997.4,94008.2,8072.25,-8235.87,4.3993,
-63294.4,27471,15954.4,-870628,8067.53,-8295.21,4.40659,
-63326.4,30464,-7260.02,286374,8065.11,-8275.89,4.41382,
-63326.4,30467,-3686.49,897289,8065.11,-7153.91,4.42111,
-63297.4,29792,6771.37,-1926.33,8065.11,-8205.78,4.42832,
-63297.4,26959,773.104,-1.01236e+06,8063.46,-8232.28,4.43567,
-63278.4,30448,-1585.21,178638,8061.04,-8390.43,4.44291,
-63262.4,30119,4093.34,469292,8059,-7560.2,4.45011,
-63278.4,30160,-5734.66,18235.2,8056.96,-8320.6,4.45745,
-63278.4,30208,-1739.3,-74787.9,8061.42,-8408.1,4.46465,
-63281.4,30227,-3197.81,767851,8059.38,-7639.69,4.472,
-63262.4,30469,5122.82,928067,8061.04,-7641.62,4.47926,
-63297.4,30219,3251.44,564107,8065.11,-7637.2,4.48653,
-63329.4,30227,-3899.03,-5614.28,8065.49,-8347.1,4.49379,
-63390.4,30472,-2665.34,80268.3,8073.27,-8347.1,4.50103,
-63462.4,30259,-7381.69,434265,8083.58,-7657.35,4.50833,
-63529.4,30272,-9974.6,416858,8089.7,-7679.16,4.51561,
-63550.4,30583,-5855.25,137479,8093.65,-8390.43,4.52286,
-63585.4,28096,-7620.18,-250952,8098.11,-7754.51,4.53012,
-63582.4,30432,-108.82,630631,8099.76,-7754.51,4.53744,
-63601.4,27904,-1231.57,-878349,8102.18,-8425.76,4.54469,
-63551.4,30528,2115.2,84715,8095.81,-8379.12,4.55199,
-63551.4,30539,1145.17,182796,8095.81,-8434.59,4.5592,
-63601.4,30336,-8578.96,-6946.05,8102.18,-8379.12,4.56657,
-63601.4,30375,-3039.34,-1485.82,8102.18,-8383.53,4.57378,
-63551.4,30560,12369.2,665781,8102.18,-7743.19,4.58107,
-63601.4,27983,-14633.1,-613632,8095.81,-8379.12,4.58838,
-63551.4,27983,11385.1,-792529,8102.18,-8381.6,4.59558,
-63551.4,30403,2312.53,435595,8096.71,-7738.78,4.6029,
-63569.4,30432,-2249.8,17516.9,8097.72,-8391.26,4.61018,
-63569.4,30416,1677.74,193777,8099.76,-8391.26,4.6175,
-63582.4,28135,1810.98,-593265,8101.16,-8399.26,4.62472,
-63599.4,30592,294.329,186203,8101.93,-8399.26,4.63204,
-63625.4,30592,-2873.33,199716,8105.24,-8408.37,4.63927,
-63625.4,28163,4378.75,-791804,8108.3,-8408.37,4.64653,
-63633.4,28176,-1072.43,-526157,8106.26,-8394.85,4.6538,
-63633.4,30448,-3668.73,115354,8104.48,-8408.37,4.66113,
-63606.4,30432,3888.54,390749,8103.84,-7765.27,4.66838,
-63614.4,28135,3060.74,-742090,8105.24,-8399.26,4.67568,
-63625.4,30465,-156.156,6886.6,8106,-8442.32,4.68296,
-63625.4,30451,168.126,296441,8105.24,-8404.51,4.69016,
-63630.4,30596,-685.708,422442,8105.88,-7773,4.69753,
-63630.4,30596,2288.69,48108.6,8106.26,-8410.3,4.70474,
-63662.4,30480,-1344.81,345453,8110.34,-8410.3,4.71203,
-63665.4,30496,-1746.8,214838,8110.34,-8410.3,4.71932,
-63678.4,28231,5033.08,-384320,8114.03,-7789.84,4.72654,
-63701.4,28231,3804.69,-638811,8116.45,-8452.26,4.73387,
-63701.4,30624,-22034.2,105898,8103.97,-8432.11,4.74109,
-63726.4,28256,-35269,-595197,8103.97,-8425.76,4.74837,
-63713.4,28288,-29002.3,-318322,8104.86,-7807.5,4.75565,
-63615.4,30539,1204.29,61625.3,8103.97,-8457.5,4.76291,
-63615.4,30528,2054.25,563551,8103.97,-7820.47,4.77025,
-63726.4,30528,-5520.46,362215,8116.45,-7829.31,4.77753,
-63713.4,30551,-5586.13,-3490.95,8111.99,-8457.5,4.78477,
-63701.4,30616,-1657.88,224530,8111.99,-8421.34,4.79213,
-63713.4,30616,-2895.38,69310.8,8114.92,-8450.05,4.79936,
-63678.4,28231,7116.97,-411154,8116.45,-7798.67,4.80672,
-63717.4,28288,-11220.2,-290273,8111.99,-7791.77,4.8139,
-63717.4,30616,-8055.03,502542,8111.99,-7807.5,4.82119,
-63694.4,30499,2321.71,200536,8116.07,-8417.76,4.82845,
-63710.4,28224,-121.145,-586368,8116.07,-8421.34,4.83574,
-63665.4,30496,10345.8,30461.1,8114.03,-8416.93,4.84303,
-63646.4,28199,9349.93,-698764,8112.37,-8413.34,4.85034,
-63662.4,30592,-2619.92,553396,8108.3,-7781,4.85761,
-63633.4,28135,4482.37,-820178,8108.3,-8443.42,4.86489,
-63614.4,30568,1751.33,65492.2,8104.48,-8404.51,4.87219,
-63606.4,30580,1212.43,63819.2,8102.82,-8381.6,4.87945,
-63593.4,27951,2593.57,-840631,8101.93,-8379.12,4.88667,
-63593.4,28047,-3229.76,-793419,8099.76,-8386.29,4.89389,
-63566.4,30532,824.681,88771.8,8097.72,-8426.86,4.90121,
-63566.4,30307,-1356.37,404598,8096.71,-7703.45,4.90849,
-63551.4,30272,2586.2,3388.41,8095.81,-8363.93,4.9157,
-63558.4,30240,8417.88,151137,8102.18,-8351.51,4.92303,
-63601.4,27687,-10340.1,-767778,8095.81,-8342.68,4.93028,
-63601.4,30227,-3953.54,568729,8099.76,-7641.62,4.93764,
-63582.4,30464,696.548,515226,8099.76,-7637.2,4.94484,
-63582.4,30195,1250.49,328940,8099.76,-8340.47,4.95214,
-63582.4,30208,39.0777,6240.59,8099.76,-8340.47,4.95939,
-63582.4,30227,5619.12,-29157.6,8102.18,-8340.47,4.96668,
-63582.4,30208,175.598,-25679.7,8099.76,-8340.47,4.97398,
-63585.4,30219,-1111.3,143616,8100.14,-8339.92,4.98126,
-63566.4,30208,2161.29,656522,8097.72,-7637.2,4.98853,
-63561.4,27552,2746.56,-917574,8097.09,-8324.19,4.9958,
-63550.4,27392,4193.23,-862416,8097.09,-8312.87,5.00307,
-63526.4,27200,1873.59,-474634,8092.63,-7524.87,5.01038,
-63518.4,30144,4589.26,504932,8093.01,-7586.42,5.0176,
-63510.4,29991,-539.484,176360,8089.7,-8374.98,5.0249,
-63494.4,29907,904.495,800253,8088.68,-7464.98,5.03218,
-63490.4,29863,-1521.67,321874,8086.64,-8249.12,5.03949,
-63479.4,29863,298.22,7901.92,8086.64,-8242.21,5.04673,
-63455.4,26944,4964.53,-940821,8084.48,-8242.21,5.05402,
-63474.4,30291,-5750.48,144203,8083.58,-8242.21,5.06123,
-63455.4,29856,-256.918,242607,8081.42,-8242.21,5.06856,
-63455.4,29888,-134.404,22583,8083.58,-8235.87,5.07578,
-63433.4,29827,4428.78,570861,8083.58,-7420.81,5.08309,
-63438.4,29840,657.977,556958,8081.42,-7476.02,5.09037,
-63441.4,30273,128.956,770700,8081.8,-7454.21,5.09768,
-63441.4,29840,-1623.76,-33837.1,8081.8,-8232.28,5.10491,
-63438.4,30280,-829.043,249658,8081.8,-8369.18,5.11222,
-63441.4,29827,-1166.99,175660,8081.42,-8235.87,5.11948,
-63438.4,29827,310.253,3335.69,8081.8,-8232.28,5.12673,
-63422.4,29927,2357.92,161389,8079.38,-8232.28,5.13403,
-63441.4,29888,-1154.82,190421,8081.8,-8369.18,5.14128,
-63441.4,26887,-1131.27,-253118,8081.8,-7420.81,5.14854,
-63433.4,26887,990.847,-960000,8081.42,-8235.87,5.15576,
-63438.4,30280,-3799.31,165628,8080.78,-8259.88,5.1631,
-63433.4,29840,1788.6,-10244.9,8081.42,-8232.28,5.1704,
-63441.4,29927,-1612.72,141177,8080.78,-8232.28,5.17762,
-63438.4,29827,227.687,-87029.3,8081.8,-8259.88,5.18496,
-63433.4,30273,-480.112,512722,8080.78,-8232.28,5.1922,
-63463.4,27833,-7945.96,-759193,8081.8,-8357.31,5.19949,
-63441.4,29927,-974.959,-1241.31,8081.8,-8259.88,5.20674,
-63422.4,29927,4579.05,31001.7,8080.78,-8259.88,5.214,
-63438.4,27841,-229.28,-765698,8081.8,-8355.38,5.22127,
-63433.4,29840,616.411,478463,8080.78,-7454.21,5.22857,
-63441.4,29827,-1696.35,-15035.1,8080.78,-8259.88,5.2358,
-63433.4,29927,2696.13,9745.78,8081.8,-8369.18,5.24308,
-63455.4,29840,-7602.32,171974,8080.78,-8232.28,5.25035,
-63433.4,30280,623.755,147020,8080.78,-8232.28,5.25763,
-63433.4,26912,-4267.22,-706516,8077.34,-7680.26,5.26492,
-63422.4,26887,3882.97,-883454,8080.78,-8369.18,5.27219,
-63422.4,29927,5402.17,416169,8081.8,-8369.18,5.27944,
-63441.4,29840,-1800.45,-7175.63,8080.78,-8235.87,5.28673,
-63422.4,27087,5735.26,-829140,8081.8,-8232.28,5.29397,
-63441.4,30329,69.0205,191288,8081.8,-8355.38,5.30123,
-63441.4,26887,-1545.3,-383423,8080.78,-7420.81,5.30852,
-63441.4,29827,-1489.96,110382,8081.8,-8235.87,5.31582,
-63433.4,30273,3454.18,194273,8083.58,-8259.88,5.32304,
-63433.4,29888,-1455.42,390433,8079.38,-8232.28,5.33036,
-63441.4,27840,-2469.83,-675212,8080.78,-8235.87,5.33761,
-63433.4,27087,3712.24,-944622,8081.8,-8259.88,5.34493,
-63441.4,27779,-2210.92,-300468,8081.8,-8235.87,5.35215,
-63433.4,30323,-1100.14,237829,8079.38,-8259.88,5.35936,
-63422.4,26887,4916.34,-532651,8081.8,-7454.21,5.36671,
-63438.4,29827,-4008.85,105441,8079.38,-8232.28,5.37406,
-63422.4,29927,4474.28,283265,8080.78,-8355.38,5.38138,
-63422.4,29927,3711.57,661663,8080.78,-7420.81,5.38875,
-63438.4,26887,-5939.56,-699016,8077.34,-8232.28,5.39607,
-63459.4,30273,-6810.09,136292,8081.42,-8235.87,5.40344,
-63433.4,29927,121.542,655191,8079.38,-7420.81,5.41075,
-63441.4,29827,1603.15,356000,8083.58,-8232.28,5.41815,
-63441.4,26912,-100.659,-466258,8081.8,-7420.81,5.4254,
-63446.4,29827,-5456.56,87410.3,8079.38,-8355.38,5.43281,
-63422.4,29927,7211.37,387903,8083.46,-8249.12,5.44011,
-63438.4,26912,-792.112,-705639,8080.78,-8259.88,5.44759,
-63438.4,29927,641.098,628832,8081.8,-7476.02,5.45492,
-63433.4,29840,-461.3,1761.58,8080.78,-8259.88,5.46224,
-63433.4,29827,347.2,645505,8080.78,-7420.81,5.46958,
-63433.4,26887,1063.79,-293130,8081.42,-7476.02,5.47696,
-63441.4,29827,1703.05,-48384,8083.58,-8355.38,5.48428,
-63422.4,30308,2848.95,222823,8079.38,-8232.28,5.49159,
-63422.4,30273,1451.49,764735,8079.38,-7476.02,5.49909,
-63441.4,27008,-3317.85,-936026,8079.38,-8259.88,5.50643,
-63433.4,29888,-209.261,544352,8080.78,-7427.71,5.51363,
-63441.4,26887,-2143.18,-828584,8080.78,-8259.88,5.52109,
-63441.4,29840,-478.768,605072,8081.8,-7427.71,5.52839,
-63433.4,29827,1063.25,478117,8081.8,-7420.81,5.53579,
-63433.4,29840,1418.26,432096,8081.8,-7667.01,5.54311,
-63433.4,29927,-941.778,213389,8080.78,-8232.28,5.55045,
-63422.4,29827,2691.24,123395,8079.38,-8232.28,5.55783,
-63441.4,29827,-1939.05,619.195,8081.8,-8259.88,5.56507,
-63422.4,30273,3937.66,128681,8080.78,-8355.38,5.57255,
-63441.4,29827,-4304.42,845306,8079.38,-7476.02,5.57993,
-63422.4,26887,1689.04,-237408,8080.78,-7420.81,5.58725,
-63441.4,27087,-841.275,-258441,8081.8,-7476.02,5.59463,
-63433.4,29827,1051.74,34875.1,8080.78,-8355.38,5.60191,
-63441.4,27008,-1917.6,-992210,8081.8,-8259.88,5.60922,
-63433.4,27087,-1972.55,-191574,8079.38,-7476.02,5.61667,
-63406.4,29840,11186.5,24200.4,8081.8,-8259.88,5.62404,
-63422.4,29927,2795.6,495979,8079.38,-7476.02,5.63134,
-63441.4,29827,-7889.06,269817,8077.34,-8232.28,5.63873,
-63441.4,27008,-2225.58,-959880,8081.8,-8259.88,5.64604,
-63441.4,29840,-805.752,12646.8,8081.8,-8259.88,5.65335,
-63441.4,29927,-4600.15,183680,8079.38,-8235.87,5.66076,
-63422.4,26887,5897.94,-1.03664e+06,8081.8,-8240.28,5.66813,
-63433.4,26887,-1850.93,-1.00597e+06,8079.38,-8232.28,5.67541,
-63441.4,27087,-1795.33,-871842,8080.78,-8235.87,5.68279,
-63441.4,29927,-2003.37,306415,8080.78,-8235.87,5.69009,
-63433.4,30273,-2725.26,139816,8080.78,-8259.88,5.69743,
-63433.4,29827,-797.19,-9709.16,8080.78,-8232.28,5.70478,
-63422.4,29826,4503.13,333916,8080.78,-8235.87,5.71216,
-63422.4,29927,1138.36,264666,8080.78,-8363.93,5.71953,
-63441.4,29840,-2025.92,750770,8080.78,-7476.02,5.72686,
-63438.4,26912,-2215.22,-872565,8080.78,-8232.28,5.73423,
-63438.4,30280,-6514.65,606024,8077.34,-8235.87,5.74155,
-63422.4,29927,3413.39,927942,8081.42,-7420.81,5.74897,
-63441.4,29827,-1105.58,-17677.3,8081.8,-8259.88,5.75629,
-63441.4,27087,2392.06,-641140,8084.6,-8235.87,5.76367,
-63433.4,29927,-3227.34,815015,8077.34,-7476.02,5.77109,
-63422.4,29827,3018.32,872312,8080.78,-7476.02,5.7784,
-63433.4,26887,3770.6,-479637,8083.58,-7420.81,5.78567,
-63441.4,29827,-2593.99,208408,8081.42,-8259.88,5.79311,
-63433.4,29927,1388.31,158978,8081.42,-8232.28,5.80041,
-63441.4,27087,-4540.57,-714182,8079.38,-8232.28,5.80782,
-63433.4,29888,848.098,100741,8080.78,-8232.28,5.81515,
-63441.4,29827,-3592.04,301981,8079.38,-7670.6,5.82253,
-63433.4,29827,-458.36,461939,8080.78,-7420.81,5.82988,
-63433.4,29927,-2706.24,516837,8079.38,-7476.02,5.83718,
-63441.4,29927,-1022.88,-12989.6,8080.78,-8249.12,5.84451,
-63433.4,29872,1506.97,-13554.1,8081.42,-8259.88,5.85191,
-63441.4,30323,-1160.88,386854,8081.42,-8369.18,5.8593,
-63438.4,26912,-1113.9,-761885,8080.78,-8235.87,5.86662,
-63433.4,29827,738.646,132969,8081.8,-8232.28,5.87404,
-63441.4,29927,2118.92,268340,8084.09,-8259.88,5.8813,
-63433.4,26887,654.197,-840690,8081.8,-8259.88,5.8888,
-63455.4,26887,-6963.67,-706872,8080.78,-8232.28,5.89612,
-63422.4,29827,4948.18,-14751.6,8080.78,-8232.28,5.90355,
-63463.4,29827,-9121.62,-24273.3,8081.42,-8249.12,5.91085,
-63414.4,26887,7665.68,-616303,8081.8,-8232.28,5.91823,
-63433.4,29888,108.17,42907.2,8080.78,-8259.88,5.92548,
-63433.4,27879,-2381.44,-397185,8079.38,-8369.18,5.93283,
-63422.4,29927,7545.07,238019,8081.8,-8249.12,5.94018,
-63406.4,29927,9050.47,611521,8080.78,-7476.02,5.94754,
-63406.4,29827,5193.6,1070.45,8077.34,-8249.12,5.95491,
-63431.4,29840,508.615,144457,8080.78,-8232.28,5.96218,
-63433.4,26887,-3462.79,-875186,8077.34,-8232.28,5.96956,
-63433.4,29888,1626.42,27254.5,8081.8,-8232.28,5.97689,
-63438.4,29827,-4593.71,-74131.6,8079.38,-8259.88,5.98428,
-63441.4,29927,-6363.56,83817.8,8079.38,-8232.28,5.9916,
-63422.4,29827,5515.76,303367,8081.8,-8232.28,5.999,
-63422.4,29827,4197.82,455430,8080.78,-7420.81,6.00631,
-63433.4,29840,522.843,194166,8080.78,-8355.38,6.01367,
-63433.4,29827,-3573.39,-111148,8077.34,-8355.38,6.02108,
-63422.4,26887,5921.05,-529534,8081.8,-7420.81,6.02838,
-63441.4,29927,-3347.13,564521,8080.78,-7476.02,6.03578,
-63433.4,30273,-488.312,151767,8080.53,-8232.28,6.04302,
-63441.4,29927,-1738.91,966177,8080.78,-7420.81,6.05054,
-63441.4,29840,-4309.41,280621,8080.78,-8235.87,6.05781,
-63441.4,29927,-2883.43,4799.85,8080.78,-8235.87,6.06519,
-63433.4,26887,2138.37,-908622,8081.8,-8259.88,6.07249,
-63433.4,30323,-4898.52,469717,8077.34,-8369.18,6.07992,
-63393.4,29840,13678.9,1977.01,8081.8,-8232.28,6.08722,
-63441.4,26887,-5288.03,-424908,8079.38,-7476.02,6.09461,
-63433.4,29927,-3895.69,78475.7,8080.78,-8232.28,6.10196,
-63433.4,29888,1591.08,2556.88,8081.8,-8259.88,6.10929,
-63441.4,29827,-3427.53,216808,8080.78,-8257.95,6.11661,
-63433.4,29927,849.205,60403.9,8081.8,-8251.32,6.12398,
-63433.4,29927,1308.12,783573,8081.8,-7427.71,6.13134,
-63433.4,27879,1912.01,63115.7,8081.42,-7476.02,6.13871,
-63433.4,29827,585.776,80917.3,8080.78,-8240.28,6.14612,
-63441.4,27087,-6920.47,-893891,8077.34,-8232.28,6.15339,
-63406.4,29888,8329.61,205059,8081.42,-8259.88,6.16084,
-63433.4,29827,-2282.47,44918.2,8079.38,-8232.28,6.16814,
-63422.4,29927,4549.14,562492,8081.8,-7420.81,6.1754,
-63393.4,30323,12623.7,172122,8080.53,-8232.28,6.1828,
-63433.4,29927,761.941,649884,8081.42,-7454.21,6.19011,
-63433.4,29827,-2506.31,740532,8079.38,-7420.81,6.19753,
-63422.4,29927,4135.36,10256,8081.8,-8259.88,6.20487,
-63433.4,30273,-1295.81,115929,8080.78,-8259.88,6.21219,
-63454.4,29927,-3132.47,264709,8084.09,-8259.88,6.21953,
-63433.4,29840,-2359.16,728440,8079.38,-7420.81,6.2269,
-63406.4,29827,6261.48,32683.6,8079.38,-8259.88,6.23422,
-63431.4,29827,-4391.64,571913,8079.38,-7420.81,6.24155,
-63441.4,29927,-2185.59,807954,8080.78,-7420.81,6.24885,
-63433.4,29927,343.461,487293,8081.8,-7427.71,6.25631,
-63422.4,29827,2134,234542,8079.38,-8259.88,6.26363,
-63441.4,29939,-9077.84,156863,8077.34,-8259.88,6.27087,
-63422.4,29927,2479,147665,8079.38,-8259.88,6.27834,
-63433.4,27087,12.6346,-367422,8080.78,-7476.02,6.28568,
-63433.4,29827,1032.26,487869,8080.78,-8232.28,6.29299,
-63433.4,29888,527.641,16011.3,8080.78,-8259.88,6.30054,
-63433.4,26887,2772.02,-977065,8081.8,-8232.28,6.30783,
-63422.4,29827,-1499.59,526449,8077.34,-7476.02,6.31519,
-63406.4,29927,8312.26,634376,8080.78,-7420.81,6.32252,
-63441.4,29927,-4251.53,114428,8080.78,-8232.28,6.32978,
-63433.4,26887,2033.06,-347977,8081.8,-7476.02,6.33719,
-63433.4,29927,1201.51,51764.7,8081.8,-8235.87,6.34447,
-63441.4,30273,-2257.68,189180,8080.78,-8259.88,6.35192,
-63422.4,30323,2520.9,127979,8079.38,-8369.18,6.35926,
-63433.4,26912,809.661,-1.04753e+06,8081.8,-8232.28,6.36662,
-63422.4,27087,2228.56,-884144,8079.38,-8355.38,6.37397,
-63406.4,29827,5873.98,79884.4,8079.38,-8235.87,6.38128,
-63441.4,27087,-2684.3,-964376,8080.78,-8259.88,6.38866,
-63422.4,26944,2044.9,-863766,8079.38,-8232.28,6.39605,
-63422.4,30273,1936.48,565479,8079.38,-7683.85,6.40336,
-63438.4,30273,-6886.56,399425,8077.34,-8249.12,6.41066,
-63441.4,29888,-7505.89,361378,8079.38,-8259.88,6.41806,
-63422.4,29827,4573.25,520570,8081.42,-7420.81,6.42532,
-63422.4,29927,5640.48,776129,8081.8,-7476.02,6.43276,
-63422.4,30280,423.505,152302,8079.38,-8259.88,6.44005,
-63433.4,29827,-5134.07,609751,8079.38,-7476.02,6.44754,
-63433.4,26887,-2919.03,-1.00448e+06,8079.38,-8259.88,6.45481,
-63433.4,30280,2504.77,317635,8081.8,-8232.28,6.46222,
-63422.4,29827,1749.31,877619,8080.78,-7420.81,6.46953,
-63441.4,26887,-3229.14,-453705,8080.78,-7476.02,6.47696,
-63422.4,29927,1464.68,534518,8079.38,-7420.81,6.48424,
-63441.4,29827,-3066.25,693468,8080.78,-7476.02,6.49158,
-63433.4,29840,2509.73,777055,8081.8,-7427.71,6.49896,
-63406.4,26887,6216.88,-757751,8080.78,-8232.28,6.50633,
-63433.4,29888,-3213.97,175686,8079.38,-8232.28,6.51365,
-63406.4,29888,7077.1,86414,8079.38,-8232.28,6.52097,
-63441.4,26887,-2929.73,-262162,8080.78,-7420.81,6.52834,
-63433.4,29827,-2640.83,851121,8081.42,-7476.02,6.53563,
-63433.4,29827,-610.592,-12369.1,8080.78,-8232.28,6.54291,
-63441.4,29827,-4364.65,718751,8079.38,-7476.02,6.55032,
-63441.4,29827,-3317.6,376296,8080.78,-8232.28,6.55774,
-63433.4,29927,539.424,-31599.7,8080.78,-8355.38,6.56503,
-63462.4,29840,-9262.36,412186,8080.78,-8259.88,6.5724,
-63422.4,26887,6370.95,-781720,8081.8,-8259.88,6.5798,
-63433.4,26887,2161.63,-755064,8081.8,-8232.28,6.58717,
-63406.4,29827,7777.86,65592.4,8079.38,-8235.87,6.59457,
-63441.4,29927,-3897.64,-3788.47,8080.78,-8369.18,6.6019,
-63422.4,29888,-314.209,277802,8079.38,-8232.28,6.60925,
-63422.4,29827,4167.83,369635,8080.78,-8232.28,6.61654,
-63433.4,27008,5758.59,-1.08971e+06,8084.6,-8355.38,6.62392,
-63433.4,29827,806.004,151508,8080.78,-8232.28,6.63125,
-63433.4,29927,-3049.03,-55903.7,8079.38,-8355.38,6.63867,
-63433.4,29840,-659.091,81308.1,8081.42,-8259.88,6.64608,
-63422.4,29827,4886.84,65464.1,8080.78,-8232.28,6.6534,
-63422.4,29927,5586.56,93258.8,8081.8,-8232.28,6.6608,
-63438.4,29927,-2355.37,3012.86,8081.42,-8259.88,6.66811,
-63441.4,27087,-4498.13,-945591,8079.38,-8259.88,6.6754,
-63433.4,29840,-9477.14,50236.7,8075.69,-8232.28,6.68282,
-63441.4,29827,-1613.68,645566,8081.8,-7420.81,6.69015,
-63441.4,30323,-5459.67,164808,8079.38,-8259.88,6.69755,
-63422.4,29827,7365.29,-28139.5,8081.42,-8235.87,6.70483,
-63433.4,29840,-6074.8,365117,8075.69,-8232.28,6.71224,
-63406.4,30323,9183.77,341668,8080.78,-8259.88,6.71954,
-63441.4,29827,-4003.7,494859,8080.78,-7427.71,6.72686,
-63406.4,29888,6842.31,85660.1,8079.38,-8232.28,6.73422,
-63433.4,30273,-2946,141269,8079.38,-8232.28,6.74156,
-63433.4,29927,2314.61,916330,8081.8,-7420.81,6.74895,
-63433.4,27008,1550.29,-481536,8081.8,-7454.21,6.75627,
-63441.4,29827,-1801.03,-39127.6,8080.78,-8355.38,6.76363,
-63433.4,30273,-2166.12,589179,8081.8,-7420.81,6.77097,
-63433.4,29827,744.401,-17369.4,8080.78,-8259.88,6.77838,
-63433.4,27087,630.364,-964379,8080.78,-8232.28,6.78571,
-63433.4,29927,5810.73,34900.6,8084.6,-8257.95,6.79303,
-63422.4,30323,4231.13,250651,8080.53,-8355.38,6.80046,
-63438.4,26912,-4193.17,-393570,8081.8,-7420.81,6.80777,
-63433.4,29920,1194.47,739160,8081.42,-7420.81,6.81512,
-63441.4,29927,-292.706,49255.2,8081.8,-8232.28,6.82251,
-63433.4,26887,771.442,-696051,8080.78,-8259.88,6.82984,
-63422.4,29827,-2998.24,788136,8077.34,-7427.71,6.83721,
-63441.4,29827,-8368.07,435663,8077.34,-7476.02,6.84452,
-63406.4,29827,8517.46,313392,8080.78,-8232.28,6.85194,
-63441.4,30288,-5939.96,297621,8079.38,-8232.28,6.85924,
-63433.4,27087,-2177.18,-983044,8079.38,-8259.88,6.86658,
-63441.4,27008,-993.984,-730129,8081.8,-8249.12,6.8739,
-63454.4,29827,-6509.08,-9397.72,8081.42,-8232.28,6.8813,
-63422.4,26887,3556.83,-748372,8080.78,-8249.12,6.88869,
-63433.4,26887,-1789.33,-638959,8080.78,-8235.87,6.89601,
-63433.4,29927,4489.25,-29452.7,8084.48,-8369.18,6.9033,
-63441.4,29840,-5335.68,-18978.6,8079.38,-8249.12,6.9107,
-63441.4,30280,-1830.75,973141,8081.8,-7476.02,6.91802,
-63433.4,27087,2801.3,-212976,8080.78,-7471.88,6.92536,
-63433.4,29927,-1348.54,168653,8079.38,-8355.38,6.93274,
-63446.4,29927,-3413.86,139960,8081.8,-8235.87,6.94011,
-63406.4,29927,7352.32,824639,8080.78,-7420.81,6.94746,
-63441.4,26912,-7124.01,-1.0065e+06,8077.34,-8259.88,6.95478,
-63433.4,29840,-552.598,252887,8080.78,-8232.28,6.96214,
-63441.4,29827,-1253.5,-20942.4,8081.42,-8259.88,6.96946,
-63422.4,26887,2717.82,-1.02549e+06,8079.38,-8232.28,6.97682,
-63433.4,26887,-1739.75,-1.0154e+06,8079.38,-8232.28,6.98415,
-63441.4,29840,-3341.51,210810,8079.38,-8232.28,6.99161,
-63441.4,29927,-1120.13,398774,8081.42,-8235.87,6.99889,
-63441.4,29827,-2519.9,213813,8079.38,-8259.88,7.0062,
-63441.4,29927,-1224.39,-87905.8,8081.42,-8369.18,7.01359,
-63433.4,29927,-1685.68,11663.4,8079.38,-8355.38,7.02088,
-63406.4,29827,8121.51,732377,8079.38,-7420.81,7.02825,
-63433.4,29927,-1729.4,53203.4,8080.78,-8232.28,7.03562,
-63441.4,26887,-898.565,-1.06095e+06,8081.42,-8369.18,7.04295,
-63422.4,30288,2039.46,592732,8079.38,-8259.88,7.05032,
-63438.4,29927,-3695.17,155392,8081.8,-8232.28,7.0577,
-63422.4,26887,32.425,-1.04317e+06,8079.38,-8235.87,7.06506,
-63422.4,30323,824.519,450108,8079.38,-8232.28,7.07237,
-63441.4,27779,-2841.55,-331697,8080.78,-8355.38,7.0798,
-63406.4,29827,9355.86,256486,8081.42,-8232.28,7.0871,
-63433.4,29827,2308.49,61167.5,8080.78,-8232.28,7.09439,
-63441.4,30323,-2171.62,67585.7,8080.78,-8357.31,7.1018,
-63433.4,26887,-4256.32,-698386,8079.38,-8235.87,7.10915,
-63422.4,29927,5413.81,831959,8081.8,-7420.81,7.11653,
-63438.4,27008,-4053.46,-646062,8081.42,-8357.31,7.12391,
