-64096.3,2234,18963.7,-197600,8180.71,-832.491,9.53674e-07,
-64072.3,2889,1858.67,172237,8162.24,-602.576,0.00662088,
-64072.3,2229,-1640,-143161,8161.1,-794.678,0.0131941,
-64063.3,2184,1017.81,-24757.8,8161.1,-602.576,0.019851,
-64063.3,2184,3102.15,-218256,8161.1,-797.162,0.026418,
-64072.3,2992,-371.47,142869,8162.24,-802.406,0.0330589,
-64072.3,2184,-1297.81,-253164,8162.24,-797.162,0.0395949,
-64089.3,2187,-3851.83,-193195,8162.24,-797.162,0.0462971,
-64063.3,2880,2015.39,53977.9,8161.1,-797.162,0.052794,
-64063.3,2184,276.049,-31695.6,8161.1,-602.576,0.05949,
-64063.3,2184,852.509,-172058,8161.1,-825.591,0.066077,
-64063.3,2187,26.6409,-89187.4,8161.1,-602.576,0.0726531,
-64063.3,2880,2672.48,161764,8161.1,-602.576,0.0792789,
-64063.3,2235,83.5149,-203019,8161.1,-794.678,0.0858269,
-64063.3,2889,2.60984,29644.8,8161.1,-826.143,0.092437,
-64091.3,2184,-7966.54,-200588,8161.1,-797.162,0.0990529,
-64063.3,2889,413.423,137860,8161.1,-602.576,0.105612,
-64063.3,2880,269.781,236423,8161.1,-616.653,0.11228,
-64056.3,2916,1336.2,130390,8160.2,-794.678,0.11885,
-64056.3,2992,1373.54,54418.4,8161.1,-794.678,0.125495,
-64056.3,2994,1253,288882,8160.2,-602.576,0.132123,
-64063.3,2184,-1458.85,-135855,8160.2,-616.653,0.138689,
-64063.3,2235,-1189.62,-184869,8161.1,-795.782,0.145276,
-64088.3,2992,-10136.8,264360,8160.2,-603.404,0.151896,
-64088.3,2235,-10901.2,-178286,8160.2,-794.678,0.158471,
-64063.3,2980,-1082.38,21556.5,8160.2,-826.143,0.165106,
-64063.3,2187,-33.8245,-102568,8161.1,-603.404,0.171683,
-64063.3,2889,-1.05701,104215,8161.1,-804.614,0.178347,
-64063.3,2234,8.01477,-225283,8161.1,-825.591,0.184904,
-64063.3,2889,95.4496,115720,8161.1,-616.653,0.191502,
-64063.3,2184,-1496.17,-57084,8160.2,-616.653,0.198126,
-64065.3,2187,-613.898,-200176,8160.2,-794.678,0.204737,
-64063.3,2235,75.3694,-140380,8161.1,-796.058,0.211336,
-64065.3,2976,-499.282,227110,8161.1,-603.404,0.217959,
-64063.3,2992,31.7101,184433,8161.1,-602.576,0.224469,
-64056.3,2184,2316.3,-122212,8161.1,-616.653,0.231096,
-64063.3,2980,-93.9654,231496,8161.1,-602.576,0.237741,
-64056.3,2992,2479.34,94266.4,8161.1,-797.162,0.244348,
-64063.3,2228,-250.728,-18540.6,8161.1,-603.404,0.250975,
-64056.3,2889,1655.14,8354.42,8161.1,-797.162,0.257545,
-64063.3,2187,4478.29,-290918,8164.66,-826.143,0.264163,
-64063.3,2228,139.947,-145032,8161.1,-825.039,0.270822,
-64063.3,2897,5101.91,227440,8164.66,-602.576,0.277405,
-64056.3,2187,2812.96,-257060,8161.1,-796.058,0.284074,
-64063.3,2187,1901.55,-157050,8161.1,-797.162,0.290655,
-64063.3,2889,5370.49,220037,8164.66,-616.377,0.297219,
-64056.3,2234,2654.75,-207618,8161.1,-822.279,0.303814,
-64063.3,2885,-83.0101,74685.3,8161.1,-821.727,0.310427,
-64063.3,2184,-2.59406,-90076.3,8161.1,-616.377,0.317067,
-64056.3,2994,2493.02,149112,8161.1,-797.162,0.323629,
-64056.3,2880,2561.7,65269.5,8161.1,-794.678,0.330262,
-64056.3,2885,1242.86,33877.8,8160.2,-794.678,0.336891,
-64063.3,2880,4557.98,209479,8164.28,-603.404,0.343482,
-64117.3,2992,-21798.4,262534,8160.2,-602.576,0.350074,
-64053.3,2885,14164.3,239767,8167.97,-616.377,0.356622,
-64053.3,2187,12912,-15255.6,8167.97,-602.576,0.363296,
-64117.3,2184,-13168.4,-26847.8,8159.82,-616.377,0.369861,
-64053.3,2187,9260.61,-176182,8162.37,-796.058,0.376514,
-64117.3,2187,-13389.5,-18755.3,8159.82,-616.377,0.383113,
-64053.3,2885,20867.6,142451,8167.97,-602.576,0.389723,
-64117.3,2184,-30491.3,-35903.1,8157.02,-602.576,0.396365,
-64048.3,2187,-16006.3,-84892.1,8152.05,-616.377,0.402936,
-64048.3,2992,-2941.93,208016,8159.19,-616.653,0.409519,
-64031.3,2916,1018.98,221102,8157.02,-616.653,0.416289,
-63992.3,2880,11956.2,174875,8155.87,-603.404,0.422883,
-64054.3,2880,-3986.74,60688.7,8159.95,-803.51,0.429495,
-63992.3,2884,19010.6,68207.4,8159.95,-796.058,0.436127,
-64022.3,2235,-4322.55,-231812,8152.43,-825.591,0.442723,
-63992.3,2184,19742.9,-42273.2,8159.95,-603.404,0.449326,
-63992.3,2908,15084.3,135621,8155.87,-616.377,0.455926,
-64054.3,2184,-12797.9,-76486,8152.05,-616.377,0.462498,
-64054.3,2884,-4055.29,151346,8159.95,-616.377,0.469084,
-64024.3,2235,2120.47,-43905.5,8155.87,-602.576,0.475742,
-64054.3,2990,-3062.26,257884,8159.95,-602.576,0.482668,
-64031.3,2184,995.478,-61492.1,8156.13,-602.576,0.489457,
-64024.3,2889,2689.06,190020,8157.02,-602.576,0.496311,
-64024.3,2184,406.435,-172823,8156.13,-795.782,0.503118,
-64024.3,2234,3084.88,-20207,8157.02,-602.576,0.509993,
-64024.3,2184,2202.29,-95285.2,8157.02,-616.653,0.516831,
-64031.3,2990,3786.03,178968,8159.19,-616.653,0.523671,
-64031.3,2978,-459.046,101831,8157.02,-796.058,0.530439,
-64031.3,2885,970.592,122541,8157.02,-616.377,0.537302,
-64024.3,2885,2316.14,86328.5,8156.13,-804.614,0.544137,
-64031.3,2184,-415.837,-201262,8156.13,-794.678,0.550966,
-64024.3,2187,3429.06,-231190,8156.13,-796.058,0.55777,
-64031.3,2234,-298.168,-235921,8156.13,-824.487,0.564606,
-64031.3,2234,645.956,-198175,8157.02,-824.487,0.571448,
-64031.3,2885,-400.194,241734,8157.02,-616.377,0.57824,
-64022.3,2234,789.84,-39609,8156.13,-602.576,0.585012,
-64024.3,2187,8818.43,-128882,8159.95,-795.782,0.591919,
-64024.3,2234,3177.45,-211587,8156.13,-796.058,0.598779,
-64022.3,2982,-541.799,214546,8156.13,-602.576,0.605543,
-64022.3,2855,5140.42,13425.2,8155.87,-796.886,0.612382,
-64054.3,2184,-21425.7,-16991.4,8152.43,-603.404,0.619258,
-63995.3,2184,405.007,-131216,8152.43,-793.574,0.626094,
-64023.3,2860,-6233.38,81292.4,8155.24,-820.071,0.6329,
-64008.3,2868,1344.62,92411.7,8155.24,-791.366,0.639822,
-64007.3,2232,-124.638,-219100,8153.96,-817.863,0.646618,
-63995.3,2184,3219.73,-101571,8153.96,-602.576,0.653514,
-64000.3,2848,5453.21,149063,8156,-602.576,0.660296,
-64023.3,2852,-7203.16,180910,8153.96,-616.101,0.667089,
-64007.3,2184,-1563.4,-55603,8153.07,-602.576,0.673971,
-64017.3,2960,-5265.54,194102,8154.09,-603.404,0.680796,
-64000.3,2836,-305.522,102215,8152.43,-615.825,0.687699,
-63995.3,2184,566.171,-52035.2,8152.43,-602.576,0.694475,
-63995.3,2233,1363.19,-185689,8152.43,-785.846,0.701329,
-64007.3,2864,-3140.7,22272.5,8153.07,-788.33,0.70807,
-63995.3,2855,3218.81,5596.3,8152.43,-777.014,0.715023,
-63992.3,2885,3576.59,177834,8152.05,-603.404,0.721787,
-63992.3,2885,5764.83,27209.7,8155.87,-794.678,0.728529,
-64054.3,2885,-6928.3,60687.4,8159.95,-795.782,0.73542,
-64054.3,2884,-18197.2,79256.9,8152.05,-825.039,0.742261,
-64022.3,2187,4214.55,-246624,8159.95,-796.058,0.749018,
-64017.3,2885,7636.19,195896,8159.95,-602.576,0.756204,
-64054.3,2896,-14271.9,56603.6,8152.05,-795.782,0.762999,
-63992.3,2988,4751.15,47128,8152.05,-796.058,0.769815,
-64017.3,2184,2866.06,-136765,8155.87,-602.576,0.776555,
-64054.3,2234,-16661.1,-79506.6,8155.87,-616.377,0.783444,
-64022.3,2978,9059.99,147192,8159.95,-800.198,0.790254,
-64054.3,2904,-9779.45,192361,8159.95,-602.576,0.797108,
-63992.3,2885,1809.91,242246,8152.43,-603.404,0.803965,
-64054.3,2884,-7352.87,69966.1,8155.87,-796.058,0.810758,
-63995.3,2187,6373.95,-153623,8152.43,-795.782,0.817553,
-63992.3,2978,17239.5,61888,8159.95,-795.782,0.824357,
-63995.3,2986,5058.61,69477.9,8155.87,-795.782,0.831211,
-64017.3,2187,-6257.36,-179487,8152.05,-817.587,0.838102,
-63992.3,2184,1776.28,-120649,8152.05,-616.377,0.844952,
-63995.3,2864,5012.96,194270,8154.09,-616.101,0.851747,
-64017.3,2852,-1962.94,197638,8154.09,-602.576,0.858558,
-63995.3,2184,7542.62,-209335,8155.24,-783.638,0.865404,
-64007.3,2232,-1447.47,-214637,8154.09,-778.118,0.872143,
-63995.3,2808,1387.48,150679,8153.07,-602.576,0.879062,
-64000.3,2936,-543.953,42622.2,8153.07,-811.791,0.885887,
-63995.3,2800,1476.94,-31.8828,8153.07,-810.135,0.892721,
-63992.3,2808,1245.33,86889.8,8152.43,-774.806,0.899483,
-63992.3,2940,1074.4,58275.4,8152.43,-777.014,0.906263,
-63995.3,2976,2097.4,103377,8153.07,-792.47,0.913136,
-64017.3,2234,-2651.84,-135316,8155.24,-795.782,0.919937,
-64008.3,2885,1366.75,50944.4,8156,-824.487,0.926844,
-64008.3,2187,254.625,-203469,8154.09,-821.727,0.933652,
-64008.3,2885,2442.07,50876,8155.24,-825.039,0.940419,
-64007.3,2885,-1278.43,240864,8152.43,-603.404,0.947315,
-64017.3,2978,-381.204,41980.8,8155.24,-795.782,0.954123,
-64008.3,2184,-6.98688,-240525,8153.96,-796.058,0.960922,
-64008.3,2885,3113.25,159737,8155.24,-603.404,0.967721,
-64017.3,2184,15.9817,-76189.4,8156,-602.576,0.974597,
-64023.3,2187,-5198.27,-92171.4,8154.09,-616.377,0.981351,
-64007.3,2978,507.549,170387,8154.09,-602.576,0.988261,
-63992.3,2184,6896.7,-100843,8154.09,-616.377,0.995065,
-64008.3,2978,-2063.49,170330,8152.43,-602.576,1.00189,
-64008.3,2884,2970.91,244664,8155.24,-602.576,1.00865,
-64017.3,2187,-1890.08,-128050,8154.09,-602.576,1.01545,
-64008.3,2184,-1610.15,-261187,8154.09,-825.039,1.02235,
-63992.3,2234,2786.19,-202834,8152.05,-796.058,1.02916,
-63992.3,2234,13522.4,-225318,8159.95,-796.058,1.03591,
-64054.3,2184,-16110.7,-237488,8155.87,-795.782,1.04282,
-64054.3,2990,-3504.76,194613,8159.95,-616.377,1.04964,
-64054.3,2885,-7470.87,64604.3,8157.27,-796.058,1.05639,
-64031.3,2184,1934.75,-150328,8158.55,-787.778,1.06322,
-64041.3,2885,-443.008,136121,8159.95,-603.404,1.07013,
-64031.3,2880,2541.26,163201,8158.29,-616.377,1.07689,
-64048.3,2187,-2742.32,-138001,8158.29,-824.487,1.08377,
-64048.3,2235,-11674.2,-98048.6,8152.43,-602.576,1.0906,
-64048.3,2988,-8100.18,140846,8159.19,-797.162,1.09737,
-64048.3,2880,-579.798,135061,8159.19,-602.576,1.10422,
-64056.3,2889,-8447.29,46802.2,8159.19,-797.162,1.11108,
-63995.3,2184,6553.43,-67159.8,8152.05,-602.576,1.11791,
-64056.3,2912,-20954.7,45025.5,8152.43,-805.719,1.12471,
-64056.3,2937,-11965.9,53133.5,8159.19,-810.135,1.13152,
-63995.3,2235,13254.4,-125764,8160.2,-616.653,1.13835,
-63995.3,2235,1433.81,-215859,8152.43,-810.411,1.14513,
-64048.3,2184,-17147.5,-266415,8152.43,-824.487,1.15201,
-64048.3,2184,-11668.7,-199991,8152.05,-803.786,1.15879,
-64048.3,2998,-6435.35,145092,8159.19,-797.162,1.16566,
-63995.3,2913,11989.7,35227,8159.19,-803.51,1.17246,
-63995.3,2998,6201.4,170996,8152.43,-602.576,1.17931,
-64041.3,2235,-6292.53,-230144,8159.19,-805.719,1.18611,
-64048.3,2235,-11351,-90566.6,8152.43,-603.404,1.19295,
-64052.3,3000,-17223.7,48036.5,8152.43,-801.302,1.19967,
-63995.3,2913,6440.66,122433,8152.43,-603.404,1.20666,
-63995.3,2187,1554,-251505,8152.05,-803.51,1.21358,
-64048.3,2184,-11059.6,-108810,8152.43,-602.576,1.22032,
-63995.3,3000,19240.5,155887,8159.19,-807.927,1.22712,
-63995.3,3000,12761.7,163950,8159.19,-602.576,1.23394,
-63992.3,3000,4647.92,268492,8152.05,-602.576,1.24066,
-63995.3,2944,10092.9,13418.5,8159.19,-813.447,1.24755,
-63995.3,3008,2215.37,157289,8152.05,-602.576,1.25438,
-63995.3,2187,2359.86,-116629,8152.43,-603.404,1.26118,
-63992.3,2956,3105.5,28134.3,8152.05,-816.759,1.26807,
-63992.3,2952,967.347,16859.3,8152.43,-816.759,1.27493,
-63995.3,3014,9796.82,167782,8159.19,-603.404,1.28179,
-63995.3,3014,-382.473,41733.8,8152.05,-813.447,1.28849,
-64041.3,3012,-2514.43,222244,8159.19,-616.929,1.29529,
-64048.3,2956,-18867.8,82509.7,8152.43,-831.663,1.30215,
-63995.3,2956,9967.32,-287.097,8159.19,-814.551,1.30895,
-63992.3,2236,380.616,-143995,8152.05,-814.551,1.31578,
-63992.3,3016,150.373,87999,8152.05,-815.655,1.32261,
-63992.3,2952,13462,232868,8157.02,-616.929,1.32946,
-64031.3,2956,-2094.71,259440,8152.05,-616.929,1.33625,
-64065.3,3024,-4707.21,137453,8157.02,-818.967,1.34309,
-64117.3,2236,-27349.3,-254265,8159.82,-816.483,1.34991,
-64117.3,2992,-28595.9,141636,8157.02,-821.727,1.35674,
-64117.3,2977,-29461.2,26483.5,8157.02,-836.631,1.36354,
-64053.3,3001,-6574.85,152940,8157.02,-602.576,1.37041,
-64053.3,2187,-3365.18,-241381,8157.02,-828.075,1.37718,
-64031.3,2238,2463.89,-279365,8157.02,-839.116,1.38394,
-64117.3,3040,-1903.48,283205,8167.97,-602.576,1.39079,
-64053.3,3049,4180.96,303926,8159.82,-602.576,1.39761,
-64117.3,3064,-7181.21,173232,8167.97,-602.576,1.40439,
-64053.3,3078,14659.2,53486.4,8167.97,-849.328,1.4112,
-64063.3,2076,-2194.01,-325306,8160.2,-851.536,1.41804,
-64063.3,3092,285.175,13127.8,8161.35,-853.192,1.42488,
-64063.3,2100,2718.31,-250665,8162.24,-854.296,1.43164,
-64072.3,2108,2389.04,-145076,8164.41,-581.6,1.43847,
-64088.3,3106,1101.79,203226,8164.41,-583.808,1.44529,
-64104.3,2132,-1392.7,-34873.1,8166.32,-586.016,1.45214,
-64104.3,2132,6467.12,-86831.5,8166.32,-582.704,1.45891,
-63992.3,2144,39176.9,-138401,8167.47,-593.744,1.46577,
-63992.3,3128,1224.28,86431.8,8152.05,-863.128,1.47259,
-64117.3,3134,-10345.2,225723,8167.97,-595.952,1.47943,
-64063.3,2172,3723.53,-326039,8161.1,-864.784,1.48632,
-64088.3,3140,27684.8,12024.3,8184.03,-866.44,1.49316,
-64242.3,3146,-24520.7,44237.1,8183.9,-867.544,1.49994,
-64242.3,3154,-15603.2,180765,8184.03,-606.992,1.5068,
-64242.3,2210,-29361.3,-103162,8167.59,-611.409,1.51362,
-64242.3,2224,-9597.77,-263148,8183.9,-873.065,1.52045,
-64114.3,2243,5612.86,-201412,8167.59,-874.721,1.5272,
-64114.3,3180,20876.7,219472,8167.59,-624.933,1.5341,
-64114.3,3190,6363.72,29420.3,8167.59,-880.241,1.54091,
-64242.3,3198,-20025.3,252712,8184.03,-631.281,1.54773,
-64114.3,3204,11191,193825,8167.59,-635.697,1.55456,
-64242.3,3210,-11211,323003,8183.9,-565.039,1.56135,
-64242.3,2188,-20538.6,-343140,8184.03,-888.521,1.5682,
-64242.3,3224,-35054.1,77648.2,8167.59,-889.625,1.575,
-64242.3,2322,-23630,-194598,8167.59,-891.281,1.58183,
-64242.3,2329,-12448.2,-272104,8183.9,-884.933,1.58868,
-64243.3,2322,-12509.2,-280953,8183.9,-895.697,1.59549,
-64114.3,3254,26076.4,124464,8183.9,-894.041,1.60233,
-64114.3,3260,39262.1,5362.15,8183.9,-899.009,1.60906,
-64114.3,2328,22303.4,-126042,8183.9,-638.181,1.61604,
-63992.3,2361,33271.1,-231385,8161.1,-903.978,1.62283,
-64024.3,3288,18959.9,308078,8167.97,-657.502,1.62969,
-63992.3,2457,6480.86,-275831,8152.43,-911.154,1.63649,
-63995.3,3320,16502.4,124038,8152.43,-915.018,1.64333,
-64088.3,3340,3424.17,174470,8166.32,-919.434,1.65013,
-64104.3,2048,-4568.88,-232302,8164.28,-595.952,1.65694,
-64113.3,3141,-8066.29,171628,8164.41,-866.716,1.66378,
-64112.3,3356,-4110.28,354552,8166.32,-628.797,1.67061,
-64104.3,2048,-1222.2,-293903,8166.32,-847.672,1.67743,
-64113.3,2329,-32808.3,-39587.1,8152.43,-642.873,1.68428,
-63992.3,3372,15264.8,85340.5,8152.05,-929.37,1.69108,
-64104.3,3203,-14108.5,200465,8166.32,-637.629,1.69789,
-64104.3,3380,-38500.3,334068,8152.43,-635.697,1.70475,
-64031.3,3384,-13046,123266,8152.05,-933.786,1.71154,
-64031.3,3390,-13701,207448,8152.05,-690.623,1.71838,
-64031.3,2613,-5806.28,-271558,8157.02,-925.506,1.72518,
-64117.3,3400,-44238,117872,8152.05,-938.203,1.73197,
-64117.3,3408,-16825.2,238728,8161.1,-720.984,1.73887,
-64114.3,2612,-15673.3,-158167,8167.97,-940.963,1.74567,
-64242.3,2613,-54655.9,-214125,8164.28,-925.506,1.75248,
-64243.3,3354,-52951.5,176212,8164.28,-720.708,1.7593,
-64242.3,2613,-47741.6,-183764,8164.28,-925.506,1.76622,
-64242.3,2612,-45817.4,-250962,8167.59,-948.139,1.77299,
-64242.3,3452,-13201.6,113292,8183.9,-925.506,1.77984,
-64242.3,2593,-39559.3,-261532,8167.59,-955.867,1.78679,
-64114.3,2643,45857.2,-247990,8183.9,-959.179,1.79375,
-64088.3,3456,35433.8,199429,8183.9,-739.476,1.80045,
-64063.3,2752,16082.8,-89230.4,8167.59,-744.721,1.80728,
-64063.3,2752,34605.9,-115755,8183.9,-750.517,1.81412,
-64088.3,3464,1184.2,46926.4,8164.28,-952.555,1.82094,
-64063.3,3456,15738.5,178968,8167.97,-790.538,1.82785,
-64063.3,3544,12841.8,86949.9,8167.97,-957.799,1.83464,
-64063.3,2896,53891.8,-182343,8183.9,-966.907,1.84145,
-64114.3,3528,6587.84,163223,8164.28,-817.035,1.84823,
-64114.3,3562,35672.8,198681,8183.9,-818.967,1.85511,
-64114.3,3545,21374.9,19724.2,8167.59,-978.224,1.86192,
-64242.3,3571,-20036.9,2595.54,8183.9,-984.572,1.86876,
-64114.3,3584,34618.3,142951,8183.9,-847.672,1.87563,
-64114.3,3092,12691.3,-132826,8167.59,-991.748,1.88246,
-64242.3,3604,-43074.4,141651,8167.59,-858.712,1.88929,
-64242.3,3140,-13136.3,-70190.1,8183.9,-865.336,1.89606,
-64114.3,3168,8426.11,-30766.4,8167.59,-873.065,1.90288,
-64243.3,3192,-33740.1,-29318.8,8164.28,-881.897,1.90968,
-64088.3,3224,11506.1,-123509,8167.59,-1008.31,1.91657,
-63992.3,3678,38789.4,150279,8167.97,-892.661,1.92343,
-64063.3,3235,3610.41,-121197,8161.1,-1017.69,1.93022,
-64117.3,3708,-15092.1,84884.2,8167.97,-909.498,1.93702,
-63992.3,3608,14587.9,88935.1,8152.05,-851.812,1.94388,
-63992.3,3730,4048.35,125479,8152.05,-851.812,1.9507,
-63992.3,3239,3013.59,-162217,8152.05,-1008.58,1.95748,
-64063.3,3746,3808.32,39332.1,8167.97,-1033.7,1.96429,
-64117.3,3747,-17684.8,31597.2,8167.97,-1028.18,1.97116,
-64063.3,3354,7119.37,-59796.6,8161.1,-926.334,1.97794,
-64243.3,3357,-58556.9,-92460.8,8161.1,-1039.77,1.98486,
-64114.3,3336,38860.5,-94460.7,8183.9,-1027.63,1.99167,
-64114.3,3776,4174.19,14774.7,8167.59,-1041.98,1.99854,
-64114.3,3425,14606.5,-112880,8167.59,-1033.43,2.00532,
-64242.3,3473,-5311.39,-109645,8183.9,-1043.09,2.01215,
-64114.3,3521,2773.03,-29381.9,8167.59,-967.735,2.01902,
-64242.3,3820,-23460.1,38310.8,8183.9,-1056.89,2.02579,
-64114.3,3842,11577.2,3053.77,8167.59,-1059.65,2.03264,
-64242.3,3852,-43709.5,35663.6,8169.25,-1062.41,2.03948,
-64120.3,3864,24955.9,47742.1,8183.9,-1001.13,2.04632,
-64242.3,3878,-37694.6,54619.9,8168.36,-1006.65,2.05317,
-64242.3,3688,-30348.2,-7030.55,8167.59,-1014.38,2.05996,
-64243.3,3856,-42427.2,20503.7,8167.59,-1061.85,2.06681,
-64114.3,3726,4540.84,-61869.9,8167.59,-1079.24,2.07361,
-64242.3,3920,-36999.6,47739.4,8164.28,-1029.01,2.08044,
-64242.3,3776,-43458.9,-23342.3,8167.59,-1044.19,2.08728,
-64114.3,3852,30402.3,-38598.6,8183.9,-1095.53,2.0941,
-64242.3,3856,-1993.27,-11543.1,8183.9,-1064.06,2.1009,
-64114.3,3875,5838.87,-11309,8167.59,-1068.48,2.10767,
-64114.3,3996,182.465,11867.7,8167.59,-1101.05,2.11448,
-64127.3,4002,7581.48,12597.1,8169.25,-1104.36,2.12141,
-64152.3,4003,-8539.74,19500.6,8169.25,-1079.24,2.12813,
-64152.3,3923,-3384.57,-3641.35,8169.25,-1079.52,2.13504,
-64184.3,3964,-2485.56,-3039.98,8176.51,-1090.84,2.14187,
-64203.3,4044,-6973.66,4872.65,8176.51,-1114.85,2.14867,
-64216.3,4007,-585.04,-7462.65,8180.59,-1104.64,2.15643,
-64223.3,4072,-77.2086,9032.21,8181.48,-1112.64,2.16406,
-64216.3,4092,4445.57,3877.18,8182.75,-1128.65,2.17093,
-64216.3,4114,153.28,2972.33,8180.59,-1134.17,2.17773,
-64184.3,4134,6656.92,2800.55,8178.93,-1139.69,2.18455,
-64171.3,4153,5049.63,372770,8176.51,-1145.21,2.19134,
-64171.3,4168,-2885.1,389923,8174.85,-1149.63,2.19813,
-64127.3,4188,4216.09,15722.3,8169.25,-1153.49,2.20501,
-64152.3,4204,-4398.86,1959.55,8169.25,-1160.11,2.2118,
-64127.3,4222,3494.37,1885.18,8169.25,-1165.08,2.2186,
-64136.3,4240,-2339.92,5369.69,8169.25,-1168.95,2.22543,
-64127.3,4252,4918.21,4058.63,8172.18,-1173.91,2.2322,
-64127.3,4272,4224.09,3235.96,8169.25,-1178.33,2.23906,
-64136.3,4284,-2333.84,5306.45,8169.25,-1181.64,2.2459,
-64127.3,4302,-975.782,5611.14,8168.36,-1186.06,2.2527,
-64242.3,4320,-21972,5172.94,8183.9,-1188.82,2.25954,
-64242.3,4342,-44418,6165.29,8167.59,-1196.55,2.26636,
-64114.3,4144,19381.7,142020,8167.59,-1134.72,2.2732,
-64114.3,4195,36217.7,1.09085e+06,8184.03,-70.4319,2.28,
-64242.3,4241,-33085.7,34879.7,8167.59,-1170.33,2.28687,
-64120.3,4288,1614.81,9769.23,8167.59,-1184.13,2.29362,
-64127.3,4386,36665.5,13637.1,8183.9,-1210.35,2.30041,
-64114.3,4386,25603.7,426.16,8184.03,-1210.35,2.3073,
-64127.3,4386,1211.46,13.3175,8168.36,-1210.35,2.31407,
-64120.3,4386,23030.7,0.416171,8183.9,-1210.35,2.32089,
-64114.3,1187,24077.1,-1.18733e+06,8183.9,-1241.81,2.32778,
-64243.3,4457,-34919.8,33194.3,8167.59,-1246.23,2.33464,
-64242.3,4496,-18480.9,7381.12,8183.9,-1237.4,2.34145,
-64114.3,4568,34376.2,14437.2,8183.9,-1248.44,2.34829,
-64242.3,4592,-46966.8,13149.6,8164.28,-1258.92,2.35511,
-64088.3,4136,4130.67,40200.5,8167.59,-1136.93,2.36192,
-64114.3,4096,-13790.3,-14796.7,8161.1,-1130.3,2.36872,
-64114.3,4320,-3077.92,21792.5,8167.97,-1183.3,2.3756,
-64117.3,4288,-11443.7,245540,8167.97,-1130.3,2.38241,
-64063.3,4352,5654.65,-2871.27,8161.1,-1210.9,2.38925,
-64063.3,4448,13610.8,16301.6,8167.59,-1219.46,2.39609,
-64242.3,4544,-40341.6,5830.94,8164.28,-1258.1,2.40282,
-64114.3,4682,16392.3,450977,8167.59,-605.336,2.40971,
-64242.3,4682,-28999.2,14093,8167.59,-1292.05,2.4165,
-64127.3,4682,1718.87,463.503,8169.25,-1292.05,2.42331,
-64184.3,4682,-13079.2,14.4845,8169.25,-1292.05,2.43018,
-64184.3,4683,-340.661,369.184,8176.51,-1292.05,2.43699,
-64240.3,4683,-4088.17,11.537,8182.75,-1292.32,2.44385,
-64248.3,4683,-490.337,-6232.04,8184.66,-1292.32,2.45068,
-64248.3,4683,382.69,-194.751,8184.66,-1292.32,2.45745,
-64272.3,4683,-4124.9,-6.08598,8186.83,-1292.32,2.46428,
-64265.3,4652,-5.54187,6514.6,8186.57,-1279.35,2.47115,
-64263.3,4696,-2906.26,9208.82,8184.66,-1290.11,2.47799,
-64265.3,4627,2882.58,-35032.4,8188.61,-1304.74,2.48478,
-64257.3,4776,-978.342,21472.7,8185.81,-1312.19,2.49162,
-64257.3,4804,945.285,111493,8185.81,-1307.23,2.4984,
-64248.3,4800,3426.47,-2847.12,8185.81,-1332.34,2.50524,
-64265.3,4848,7776.25,3311.44,8184.66,-1340.07,2.51211,
-64272.3,4884,-436.543,5045.34,8188.61,-1344.49,2.51894,
-64265.3,4912,4647.81,5030.49,8188.61,-1353.32,2.52574,
-64263.3,4932,1823.56,13869.8,8186.83,-1343.11,2.53251,
-64265.3,4963,274.389,76109.5,8186.83,-1368.78,2.53938,
-64257.3,5012,6541.97,9891.69,8188.61,-1380.92,2.54625,
-64257.3,5040,4518.91,6302.78,8187.72,-1386.72,2.55301,
-64257.3,5088,-1305.63,6354.05,8185.81,-1403,2.55979,
-64257.3,4113,55.1887,-177177,8185.81,-1130.3,2.56666,
-64248.3,4176,2455.58,-100473,8185.81,-1150.18,2.57355,
-64248.3,4225,171.609,4912.3,8184.66,-1163.43,2.58026,
-64257.3,4259,-3301.03,1591.3,8184.66,-1176.95,2.58716,
-64248.3,4675,311.36,135907,8184.66,-1192.41,2.59394,
-64248.3,4096,2078.3,-43476.1,8185.81,-1152.11,2.60077,
-64248.3,4392,64.9469,8057.4,8184.66,-1212,2.60756,
-64248.3,4483,576.8,15250,8184.66,-1237.12,2.61443,
-64240.3,4239,2967.88,-5497.49,8184.66,-1147.97,2.6212,
-64223.3,4559,2070.54,92234.8,8181.48,-1205.1,2.62806,
-64216.3,4681,-1819.52,5493.57,8178.93,-1291.77,2.63489,
-64216.3,4643,-6734.25,-14463.4,8178.93,-1291.77,2.64169,
-64184.3,4800,2118.19,25651.2,8176.51,-1312.47,2.64851,
-64216.3,4685,285.956,-74908.1,8181.48,-1361.88,2.65534,
-64233.3,5107,-5132.99,31024.4,8180.59,-1399.69,2.66217,
-64248.3,5288,-2297.62,5431.62,8183.64,-1459.31,2.66899,
-64248.3,5285,-3524.2,108476,8182.75,-1294.25,2.6758,
-64240.3,5289,2839.72,4221.88,8184.66,-1458.48,2.68263,
-64248.3,5285,305.572,-1341.91,8184.66,-1459.58,2.6894,
-64248.3,5285,1651.86,-729.585,8185.81,-1458.48,2.69627,
-64248.3,5480,51.6205,83263.8,8184.66,-1458.48,2.70308,
-64248.3,5291,1.61314,-11.1204,8184.66,-1458.48,2.70984,
-64248.3,5285,415.757,-1400.84,8184.66,-1460.41,2.71673,
-64263.3,5293,-3229.35,783.295,8185.81,-1460.69,2.7236,
-64272.3,5293,-1083.28,216.046,8187.72,-1460.69,2.73041,
-64263.3,5307,1578.22,60891,8187.72,-1460.69,2.73726,
-64281.3,5285,5588.55,1396.59,8192.56,-1458.48,2.74404,
-64296.3,5285,-4716.78,-166.626,8188.87,-1458.48,2.75089,
-64248.3,5294,4872.78,-78284.3,8184.66,-1460.96,2.75773,
-64308.3,5285,-13617.3,-5107.89,8186.57,-1461.24,2.76455,
-64320.3,5295,-10305.2,554.881,8192.43,-1461.24,2.77137,
-64309.3,2073,-68.909,-1.11473e+06,8192.43,-1414.04,2.77839,
-64309.3,5168,-2.15341,40636.1,8192.43,-1423.98,2.78526,
-64309.3,5187,-0.0672939,2282.3,8192.43,-1431.71,2.79212,
-64313.3,5236,-270.988,78806.9,8192.94,-1443.85,2.79891,
-64313.3,5264,-31.7363,7177.07,8192.94,-1450.47,2.8057,
-64313.3,5285,-208.077,10301.6,8192.82,-1448.27,2.81246,
-64312.3,4690,1577.49,-171806,8192.82,-1467.03,2.8193,
-64312.3,5352,3060.06,11860.3,8192.82,-1476.97,2.82611,
-64312.3,5195,-16.3891,-21421.6,8192.82,-1418.18,2.83289,
-64331.3,5408,-7001.25,39942.1,8192.82,-1441.37,2.83976,
-64312.3,5417,218.113,31747.5,8192.82,-1459.03,2.84657,
-64331.3,5418,-3681.49,-67642.2,8192.82,-1595.65,2.85343,
-64351.3,5456,-3889.07,3838.57,8197.78,-1504.57,2.86015,
-64368.3,5464,-4237.96,1036.63,8197.78,-1507.88,2.86704,
-64379.3,5418,-2438.75,-15937.6,8200.97,-1512.3,2.87388,
-64384.3,5488,-1191.83,185118,8201.99,-1296.46,2.8806,
-64401.3,5418,-2763.96,-12683,8204.92,-1515.61,2.88752,
-64406.3,5508,-10032.9,5195.26,8200.97,-1518.92,2.89438,
-64425.3,5401,-2915.72,-81666.4,8207.21,-1608.9,2.9012,
-64440.3,5528,-615.48,20111.2,8209.12,-1523.34,2.90801,
-64452.3,5541,-873.453,14573.6,8211.03,-1523.06,2.91484,
-64440.3,5537,4404.21,507.979,8211.03,-1529.96,2.92166,
-64472.3,5544,-5901.8,-6847.88,8211.29,-1505.68,2.92842,
-64475.3,5564,-3095.04,142846,8213.2,-1332.34,2.93529,
-64472.3,5572,55.8115,56222.4,8213.2,-1521.41,2.94213,
-64475.3,5511,-67.1391,-10734.6,8213.58,-1520.86,2.94896,
-64475.3,5536,690.463,147101,8213.58,-1296.74,2.95577,
-64480.3,5587,2001.54,325.475,8215.24,-1547.63,2.96258,
-64496.3,5628,-1041.5,4187.16,8216.25,-1552.05,2.96943,
-64500.3,5644,-750.516,2020.1,8216.76,-1557.57,2.97621,
-64504.3,5660,-391.371,45991.4,8217.27,-1560.88,2.98305,
-64504.3,5684,81.0387,1372.22,8217.27,-1570.81,2.98988,
-64504.3,5714,2.53246,4001.59,8217.27,-1575.23,2.99669,
-64504.3,5744,385.172,6398.13,8217.78,-1582.96,3.00347,
-64504.3,5648,-172.329,-14730.2,8217.27,-1555.08,3.0103,
-64504.3,5780,-96.8908,205604,8217.27,-1297.29,3.01708,
-64504.3,5783,-1292.37,5873.65,8216.76,-1595.93,3.0239,
-64488.3,5848,2878.8,110289,8216.25,-1596.21,3.03079,
-64488.3,5873,430.26,119865,8215.24,-1620.5,3.0376,
-64488.3,5908,-353.655,5382.8,8215.24,-1631.54,3.0444,
-64488.3,5944,-1817.48,4458.76,8214.22,-1638.16,3.0512,
-64504.3,5963,-4469.65,14305.6,8216.25,-1633.74,3.05803,
-64504.3,5988,-1060.38,8227.95,8217.27,-1645.61,3.06489,
-64508.3,6001,-1512.43,3434.2,8217.27,-1655.82,3.07162,
-64512.3,6024,-2343.15,64529.8,8217.27,-1660.24,3.07849,
-64516.3,6040,-1425.8,3744,8218.8,-1666.86,3.08529,
-64504.3,6057,3120.2,2059.27,8218.8,-1671.28,3.09215,
-64504.3,6080,4355.36,127781,8219.18,-1679.01,3.09893,
-64519.3,6132,20.7409,11262.6,8219.31,-1688.95,3.10575,
-64520.3,6156,-68.9091,3549.32,8219.31,-1697.78,3.11252,
-64528.3,6178,329.091,3372.63,8220.84,-1703.3,3.1194,
-64528.3,6198,-842.659,3034.3,8220.33,-1709.92,3.12627,
-64520.3,6214,2892.34,95962.5,8220.84,-1714.34,3.13309,
-64520.3,6220,450.011,186646,8219.31,-1718.48,3.13992,
-64520.3,6248,731.227,7286.45,8219.31,-1724.55,3.1468,
-64532.3,4147,-4337.61,-769782,8219.31,-1730.9,3.1536,
-64520.3,6294,504.072,26155.5,8219.31,-1737.52,3.16065,
-64528.3,6312,-4062.64,4063.05,8217.27,-1740.28,3.16751,
-64532.3,6304,-1600.78,39148,8220.84,-1744.7,3.1743,
-64504.3,6330,6286.37,360740,8220.84,-1214.49,3.18107,
-64511.3,6342,-287.888,13520.2,8218.17,-1749.67,3.18791,
-64511.3,4428,826.799,-698502,8218.17,-1751.88,3.19467,
-64520.3,6368,-1217.1,23933.5,8219.31,-1757.4,3.20145,
-64520.3,4560,-246.336,-669419,8219.31,-1762.92,3.20833,
-64520.3,6175,3480.35,378288,8221.22,-1130.3,3.21512,
-64540.3,6297,-8928.83,54894.1,8218.17,-1704.13,3.22199,
-64511.3,6384,2058.34,351846,8219.31,-1236.29,3.22876,
-64511.3,6450,2518.78,12516.2,8219.31,-1780.03,3.23564,
-64511.3,6450,6064.6,391.131,8221.48,-1780.03,3.24241,
-64511.3,6450,-133.596,-1059.41,8218.17,-1780.03,3.24923,
-64511.3,6432,-147.335,-9362.97,8217.27,-1770.64,3.2561,
-64511.3,6439,203.878,138527,8218.17,-1810.39,3.26293,
-64511.3,6496,-120.778,7466.41,8217.27,-1793.83,3.26975,
-64511.3,4913,3439.37,-295121,8221.1,-1351.11,3.27652,
-64511.3,6604,447.441,37831.6,8217.27,-1820.33,3.28341,
-64532.3,6169,-8489.07,-25216.4,8217.27,-1835.78,3.29023,
-64511.3,4320,-2017.66,-773150,8217.27,-1842.96,3.29704,
-64511.3,6344,4290.81,46609.2,8220.84,-1738.08,3.30392,
-64504.3,6144,2709.51,-83040.5,8218.17,-1764.02,3.31069,
-64511.3,6450,6570.88,61616.4,8221.48,-1738.08,3.31759,
-64532.3,6416,-8824.77,-4507.5,8217.27,-1770.64,3.32434,
-64511.3,6643,5143.74,39691.2,8220.84,-1810.39,3.33117,
-64504.3,6761,322.062,3937.47,8217.27,-1865.87,3.33803,
-64537.3,6761,-5717.94,-188.261,8220.84,-1866.14,3.34482,
-64504.3,6762,5633.71,131772,8220.33,-1865.87,3.35165,
-64511.3,5334,-444.338,-515949,8217.27,-1865.87,3.35839,
-64511.3,6763,563.532,8184.29,8218.17,-1866.42,3.36529,
-64511.3,6761,225.314,-63.3147,8218.17,-1865.87,3.3721,
-64520.3,6761,-391.048,-44.3514,8219.31,-1865.87,3.37894,
-64520.3,6763,12594.6,136.719,8225.3,-1866.42,3.38574,
-64535.3,6668,2206.29,-6061.75,8221.22,-1837.99,3.39249,
-64535.3,6708,779.205,272514,8221.22,-1439.43,3.3994,
-64567.3,6744,-11775.1,10205.1,8221.22,-1862.28,3.40624,
-64535.3,6800,-1015.77,9519.57,8221.22,-1871.11,3.41304,
-64567.3,6832,-10687.2,4071.15,8222.24,-1884.36,3.41982,
-64540.3,6816,-4891.6,-37656.1,8219.31,-1928.52,3.42665,
-64520.3,6920,-1578.53,2424.53,8218.17,-1907.54,3.4335,
-64520.3,6960,2108.39,235096,8221.22,-1578.54,3.44023,
-64535.3,6984,-2342.74,7995.15,8221.22,-1928.8,3.44707,
-64520.3,7056,-536.969,5684.51,8219.31,-1947.29,3.45393,
-64511.3,7096,810.426,261430,8218.17,-1647.82,3.4607,
-64520.3,7121,-1630.3,12860.6,8219.31,-1960.54,3.46759,
-64511.3,7170,2013.11,6130.13,8219.31,-1977.1,3.4744,
-64520.3,7186,-1176.45,2239.29,8219.31,-1982.07,3.4812,
-64520.3,7206,8396.6,2047.47,8225.3,-1988.69,3.48806,
-64520.3,7220,3956.03,3534.22,8221.22,-1990.9,3.49491,
-64535.3,7228,5523.58,2031.79,8225.3,-1993.94,3.50173,
-64535.3,7234,172.612,-29.1637,8221.22,-1996.97,3.50855,
-64536.3,7246,-63.4925,1987.1,8221.35,-1998.08,3.51538,
-64536.3,7254,1262.21,87656.3,8221.22,-2002.77,3.52225,
-64545.3,7262,-3279.14,4535.9,8221.35,-2002.49,3.52907,
-64555.3,7274,-832.991,1887.07,8223.77,-2006.36,3.53583,
-64511.3,7284,4641.31,43641.7,8218.17,-2010.22,3.54272,
-64555.3,7298,-1619.47,3568.52,8223.77,-2012.98,3.54946,
-64630.3,7312,-6192.9,1715.42,8233.33,-2017.4,3.55632,
-64583.3,7322,-2796.92,47473.2,8225.43,-2021.26,3.56315,
-64600.3,7340,702.213,8597.22,8229.89,-2025.12,3.57,
-64616.3,7331,-1801.85,-3309.64,8231.54,-2026.78,3.57677,
-64628.3,7356,-1157.63,84984.1,8233.07,-2030.09,3.58358,
-64511.3,7368,2329.12,4110.45,8218.17,-2032.85,3.59044,
-64536.3,7386,-1162.46,4420.98,8221.35,-2036.44,3.59729,
-64630.3,7372,-36079,72627.1,8218.17,-2041.13,3.60407,
-64504.3,7422,25230,6907.15,8233.33,-2047.2,3.6109,
-64630.3,6303,-19353.1,-329950,8227.34,-1978.2,3.61777,
-64568.3,7315,16942.9,-10763.4,8233.33,-2062.11,3.62457,
-64583.3,7482,6590.15,91549.2,8229.89,-2064.87,3.63137,
-64568.3,7482,2973.09,2536.87,8225.43,-2064.87,3.63821,
-64583.3,7540,420.982,36841.8,8225.43,-2064.87,3.64505,
-64568.3,7444,4656.97,-2132.06,8225.43,-2052.17,3.65186,
-64568.3,7480,5799.36,11209.2,8227.34,-2048.86,3.65866,
-64583.3,7600,8876.24,29333.6,8233.33,-2070.39,3.66548,
-64583.3,7520,3485.84,-5754.68,8229.89,-2079.77,3.67231,
-64583.3,7568,-1926,3016.92,8227.34,-2085.02,3.67915,
-64583.3,7593,-872.538,12719,8225.43,-2084.19,3.68596,
-64583.3,7648,2801.05,9408.14,8227.34,-2106.55,3.69278,
-64568.3,7694,5606.3,7157.92,8227.34,-2121.18,3.69966,
-64583.3,7718,7417.95,5107.36,8227.34,-2126.14,3.7065,
-64630.3,7736,-12336.9,3037.09,8225.43,-2133.87,3.71332,
-64630.3,7744,-11496.9,1237.86,8225.43,-2136.63,3.72017,
-64568.3,7758,22120.8,1544.83,8233.33,-2140.5,3.72694,
-64630.3,7760,-18995.9,-416.274,8225.43,-2141.32,3.73383,
-64568.3,7784,22183.7,2659.73,8233.33,-2146.29,3.74059,
-64568.3,7806,7649.8,4086.45,8227.34,-2152.64,3.74744,
-64630.3,7826,-10461.1,28589,8233.33,-2132.77,3.75429,
-64630.3,7844,-13790.9,26344.7,8233.33,-2163.68,3.76104,
-64630.3,7838,-20077.8,-1474.23,8233.33,-2163.13,3.76791,
-64555.3,7824,-11296.5,-920.861,8217.27,-2157.06,3.77477,
-64567.3,7847,-13080.4,29031.2,8221.35,-2162.58,3.78156,
-64536.3,7864,2865.56,3217.15,8223.77,-2166.16,3.78841,
-64555.3,7872,-8928.22,-7687.5,8221.35,-2183,3.79523,
-64511.3,7908,11268.1,1143.79,8218.17,-2185.76,3.80204,
-64630.3,7932,-2388.29,57216.7,8233.33,-2108.48,3.80886,
-64630.3,7946,-12617.7,27495.9,8233.33,-2191.83,3.81566,
-64568.3,7956,10986,3478.36,8225.43,-2194.04,3.82248,
-64583.3,7968,-2084.74,2016.08,8227.34,-2199.01,3.82932,
-64603.3,7980,-3851.42,2052.88,8229.89,-2201.77,3.83618,
-64587.3,7992,3115.12,21490.2,8229.89,-2204.53,3.84308,
-64583.3,7943,4309.07,-7480.34,8227.34,-2196.8,3.84978,
-64583.3,8015,-2350.06,3305.86,8225.43,-2211.98,3.85658,
-64583.3,8044,-478.519,10462.7,8227.34,-2214.47,3.86351,
-64630.3,8080,-6965.02,14477.6,8233.33,-2229.92,3.87032,
-64630.3,8112,-15802.1,16800,8227.34,-2236.27,3.87711,
-64630.3,8128,-4068.49,4357.35,8233.58,-2242.07,3.88394,
-64504.3,8140,17223.3,1918.58,8217.27,-2245.93,3.89078,
-64630.3,8152,-5260.74,4397.91,8233.33,-2250.35,3.89767,
-64504.3,8174,32189,2248.56,8235.62,-2255.32,3.90444,
-64504.3,8204,43787.4,4472.04,8233.33,-2261.39,3.91126,
-64511.3,8224,34313.1,2340.35,8233.33,-2269.67,3.91813,
-64536.3,8250,-1456.92,4249.26,8221.35,-2274.08,3.92495,
-64536.3,8270,380.239,3110.15,8221.35,-2281.26,3.93178,
-64535.3,8284,-58.8221,3047.83,8221.35,-2285.12,3.93866,
-64520.3,8305,129.039,2665.43,8219.31,-2290.64,3.94549,
-64520.3,8334,2277.2,4938,8221.22,-2297.27,3.95225,
-64504.3,8358,4699.24,3505.57,8219.44,-2305.55,3.95913,
-64504.3,8382,23910.9,3683.89,8233.33,-2312.17,3.96594,
-64616.3,8398,-39362.5,2175.62,8217.27,-2317.14,3.97272,
-64616.3,8414,528.012,3428.23,8232.56,-2320.45,3.9796,
-64608.3,8436,4682.87,2806.1,8231.54,-2327.63,3.98641,
-64628.3,8225,-3653.59,-6486.41,8232.56,-2269.94,3.99328,
-64628.3,8291,-673.798,10927.6,8232.56,-2278.5,4,
-64511.3,8494,25844.6,56515.8,8233.58,-2305.27,4.00684,
-64511.3,8384,160.474,10162.7,8218.17,-2309.41,4.0137,
-64511.3,8458,5.0148,-4733.9,8218.17,-2349.71,4.02048,
-64511.3,8458,13002.9,-7772.95,8225.3,-2334.25,4.02734,
-64520.3,8459,4386.28,-6702.65,8221.35,-2334.25,4.03418,
-64511.3,8459,3665.18,-209.458,8218.17,-2334.53,4.04101,
-64511.3,8467,1410.66,-9853.8,8218.17,-2349.71,4.04779,
-64504.3,8524,2795.77,8408.02,8218.17,-2349.16,4.05464,
-64504.3,8564,3346.96,8647.66,8218.17,-2360.2,4.06145,
-64511.3,8596,989.185,6245.12,8218.17,-2369.03,4.06835,
-64520.3,8624,-3239.44,14799.6,8218.17,-2367.65,4.07519,
-64511.3,8644,3758.07,3009.57,8219.31,-2384.49,4.08201,
-64520.3,8676,-2046.01,6060.28,8218.17,-2391.11,4.08881,
-64511.3,8209,17167.9,-87582.2,8225.3,-2263.32,4.09572,
-64536.3,8305,263.744,10897.8,8221.35,-2287.33,4.1025,
-64536.3,8352,3559.29,8071.04,8225.3,-2305,4.10933,
-64536.3,8516,454.049,68286.5,8218.17,-2305.55,4.11614,
-64511.3,8483,10151.3,-6283.77,8221.22,-2344.74,4.12297,
-64567.3,8842,-3418.56,65910.5,8225.3,-2411.54,4.1301,
-64535.3,8738,-4424.37,-14778.2,8218.17,-2411.54,4.13658,
-64567.3,8738,7505.49,-19664,8234.09,-2440.24,4.14345,
-64520.3,8738,10167.7,-4010.54,8218.17,-2411.54,4.15031,
-64511.3,8843,524.848,14428.9,8218.17,-2440.52,4.15705,
-64628.3,8740,-8504.49,-722.157,8233.58,-2409.88,4.16426,
-64616.3,8796,768.651,8097.61,8231.54,-2424.51,4.17108,
-64616.3,8848,-3138.25,32551.5,8229.89,-2402.15,4.17786,
-64608.3,8833,267.427,-3157.83,8230.52,-2440.24,4.18467,
-64603.3,8960,-90.9309,13674,8229.5,-2467.29,4.19145,
-64592.3,9020,3013.07,9381.98,8229.5,-2486.06,4.19834,
-64592.3,9072,-870.987,14972.7,8228.48,-2495.17,4.2051,
-64603.3,9096,-5870.75,3378.51,8227.59,-2510.35,4.21193,
-64585.3,9121,476.155,3784.48,8227.34,-2518.07,4.21875,
-64603.3,9169,-2310.59,8385.99,8229.5,-2525.8,4.22561,
-64603.3,9212,-619.355,6760.59,8229.89,-2540.16,4.23242,
-64608.3,8264,-2188.94,-9301.92,8229.5,-2274.08,4.23931,
-64608.3,8336,2173.57,9679.45,8231.54,-2298.37,4.24613,
-64592.3,8417,5446.22,12921.9,8229.89,-2316.31,4.25295,
-64592.3,8356,2442.02,42899.3,8229.5,-2260.84,4.25977,
-64585.3,8459,6050.24,4504.85,8229.89,-2333.7,4.26664,
-64600.3,8655,-1829.87,36707.4,8228.48,-2371.24,4.27343,
-64592.3,8416,1423.33,21892.5,8228.48,-2300.3,4.28031,
-64600.3,8850,-3552.93,36302.1,8228.48,-2442.45,4.28706,
-64592.3,8850,2750.12,1134.44,8229.5,-2442.45,4.29389,
-64585.3,8800,-2984.39,11442.8,8225.43,-2420.64,4.30072,
-64580.3,8976,60.868,18333.8,8227.34,-2473.64,4.3076,
-64568.3,9381,1926.79,95637.2,8226.57,-2525.8,4.3144,
-64630.3,9381,-5638.32,3080.44,8233.33,-2589.01,4.32115,
-64566.3,9381,4375.78,142.922,8225.17,-2589.01,4.32806,
-64630.3,9381,-18298.5,120.165,8225.17,-2589.01,4.3349,
-64566.3,9381,9758.11,-24571.2,8225.17,-2625.72,4.3417,
-64566.3,9381,17673.6,-767.851,8233.33,-2589.01,4.34852,
-64566.3,9381,19749.3,-23.9953,8233.33,-2589.01,4.35535,
-64566.3,9381,-931.189,-25472.4,8223.77,-2626.55,4.36212,
-64630.3,9381,-25525.9,-796.011,8223.77,-2589.01,4.36895,
-64567.3,9381,5595.86,-24.8754,8225.17,-2589.01,4.37588,
-64536.3,9381,5294.14,-0.777355,8221.35,-2589.01,4.38268,
-64536.3,9406,25151,9044.84,8233.33,-2589.01,4.38948,
-64555.3,9220,598.859,-59301.4,8223.77,-2588.73,4.39633,
-64630.3,9252,-29897.9,1262.32,8221.35,-2553.4,4.40315,
-64567.3,9296,-7007.42,7525.12,8221.35,-2561.96,4.41002,
-64630.3,9344,-24739,5654.59,8225.3,-2577.69,4.4168,
-64567.3,9396,-4654.76,9183.41,8223.77,-2588.73,4.42369,
-64511.3,9425,19417.2,18104.8,8225.3,-2578.8,4.43054,
-64536.3,9464,3027.95,6063.17,8223.77,-2609.71,4.43735,
-64511.3,9500,18252.5,5984.55,8226.96,-2618.54,4.44415,
-64567.3,9532,-10830.9,17392.9,8221.35,-2628.48,4.45101,
-64511.3,9580,18820,19171.1,8225.3,-2625.99,4.45785,
-64511.3,9600,14189.2,3247.77,8223.77,-2653.87,4.4646,
-64536.3,9632,21254.2,-507.743,8233.33,-2669.33,4.47151,
-64536.3,9748,3166.95,9551.83,8225.3,-2688.1,4.47832,
-64536.3,9800,-3272.75,6608.86,8221.35,-2702.45,4.48514,
-64511.3,9731,13476.9,-35771.8,8221.35,-2715.7,4.49195,
-64536.3,9882,-142.112,18115.4,8221.35,-2727.29,4.49887,
-64566.3,9921,-1963,12703.9,8225.17,-2731.43,4.50564,
-64630.3,9992,-11808.8,6028.34,8233.33,-2757.65,4.51239,
-64566.3,10040,15211.2,7908.24,8233.33,-2766.48,4.51926,
-64630.3,10056,-11349.4,2014.94,8233.33,-2776.97,4.52607,
-64566.3,10153,-1875.15,13176.4,8223.77,-2795.19,4.53284,
-64536.3,10216,10978.9,10675.2,8225.17,-2816.16,4.53974,
-64580.3,8257,15195.7,-34259,8233.33,-2274.08,4.54656,
-64630.3,8328,-10905.3,9489.19,8233.33,-2293.96,4.55343,
-64630.3,8417,-24124.4,23152.6,8225.17,-2305,4.56023,
-64566.3,8545,6173.95,17387.1,8225.17,-2354.95,4.56703,
-64630.3,8672,-23757.1,24150,8223.77,-2386.7,4.57391,
-64536.3,8512,7362.55,45425.3,8225.17,-2353.85,4.58067,
-64567.3,8874,-11145.2,9652.8,8221.35,-2449.07,4.58755,
-64520.3,8863,10751.3,7046.01,8225.3,-2448.24,4.59438,
-64520.3,9203,3072.04,37725.2,8218.17,-2526.63,4.60122,
-64520.3,8448,4318.7,6032.95,8219.31,-2295.89,4.60806,
-64511.3,9557,1604.16,124737,8218.17,-2637.31,4.61491,
-64520.3,8874,6086.76,-243186,8223.77,-2637.59,4.6217,
-64567.3,9251,-12169.2,-101487,8221.35,-2634.83,4.6285,
-64536.3,9344,4600.67,-8122.98,8221.35,-2592.87,4.63537,
-64536.3,9667,8438.54,43493.3,8225.3,-2649.46,4.64221,
-64567.3,9791,-16679,-17909.8,8218.17,-2707.69,4.64901,
-64567.3,10048,-17257,11277.7,8218.17,-2781.94,4.65586,
-64520.3,10922,-1159.74,137993,8218.17,-3014.34,4.66265,
-64511.3,10922,12473.3,4312.27,8225.3,-3014.34,4.66942,
-64511.3,10922,15662,317.369,8225.3,-3014.34,4.67628,
-64536.3,10922,9331.31,9.91777,8225.3,-3014.34,4.6832,
-64630.3,10922,-12735,0.30993,8233.33,-3014.34,4.69,
-64630.3,10922,-1830.19,0.00968532,8233.33,-3014.34,4.69676,
-64566.3,10922,17491.2,0.000302666,8233.33,-3014.34,4.70369,
-64566.3,10922,16945.3,-187.046,8233.33,-3014.61,4.71045,
-64630.3,10922,-8249.01,-28.2726,8233.33,-3014.34,4.71729,
-64630.3,10922,-9092.13,23373.2,8233.33,-2979.01,4.72407,
-64630.3,10922,-11938.6,354.462,8225.43,-3014.89,4.73097,
-64566.3,10922,12655.9,-33.91,8233.33,-3014.34,4.73782,
-64555.3,10922,13292.7,-136.215,8225.17,-3014.34,4.74459,
-64566.3,10926,-985.597,1376.29,8225.17,-3014.34,4.75146,
-64555.3,10922,6208.99,-408.202,8223.77,-3014.34,4.75828,
-64511.3,10922,13393.3,-501.871,8221.35,-3014.34,4.76509,
-64520.3,10304,73.0043,-4446.51,8219.31,-2838.24,4.77187,
-64520.3,10364,-3080.69,-168012,8218.17,-3124.19,4.77875,
-64520.3,10444,-2987.24,5210.7,8218.17,-2877.99,4.78566,
-64511.3,10304,103.603,-29126.9,8218.17,-2839.35,4.79244,
-64511.3,10581,-791.78,32246.4,8218.17,-2920.22,4.79967,
-64520.3,10521,-2007.62,-6921.25,8218.17,-2898.97,4.80643,
-64511.3,10689,1391.75,20442.2,8218.17,-2940.92,4.81317,
-64555.3,10240,-7357.32,-70233.2,8223.77,-2857.84,4.81994,
-64566.3,10586,17726.9,65333.6,8233.33,-2869.99,4.82681,
-64630.3,10922,-14252.1,78912.7,8225.17,-2960.52,4.83364,
-64577.3,10922,9181.9,152.65,8229.5,-3017.37,4.84043,
-64585.3,10777,-1885.01,-54392.5,8227.59,-3017.37,4.84725,
-64608.3,10880,-2016.87,14985.4,8229.89,-2993.91,4.85409,
-64624.3,11008,-6088.85,22483.9,8230.52,-3035.87,4.86085,
-64511.3,11144,3905.91,22453.5,8218.17,-3059.88,4.86777,
-64536.3,11209,-8698.08,6526.07,8218.17,-3088.86,4.8745,
-64511.3,11264,7239.23,3542.2,8218.17,-3109.84,4.88142,
-64630.3,11296,-32324.3,4992.47,8217.27,-3114.25,4.88816,
-64568.3,11324,6169.08,5504.48,8225.43,-3121.98,4.89507,
-64756.3,11352,-59162.1,7082.08,8229.89,-3128.61,4.90181,
-64756.3,11384,-23602.1,5737.83,8249.38,-3139.65,4.90868,
-64756.3,11416,-737.564,5142.47,8249.38,-3149.31,4.91549,
-64616.3,11456,27509.7,-1993.12,8233.07,-3157.31,4.92242,
-64632.3,11500,16918.8,7136.86,8233.07,-3170.56,4.92921,
-64756.3,11315,-8044.5,-32753.4,8249.38,-3117.57,4.93605,
-64628.3,11456,8568.79,31695.1,8233.07,-3145.99,4.94287,
-64628.3,11613,13228.3,5249.35,8233.07,-3205.06,4.94971,
-64756.3,11616,-14534.9,-4148.56,8249.38,-3214.72,4.95648,
-64628.3,11728,22700.6,19118.5,8233.07,-3227.97,4.96332,
-64756.3,11800,-45836.1,7181.05,8233.07,-3254.47,4.97018,
-64756.3,11848,-24996.4,6617.15,8233.07,-3267.71,4.97696,
-64628.3,11888,37936.6,1194.29,8249.38,-3278.75,4.98379,
-64756.3,11944,-45461.7,14687.6,8233.07,-3298.35,4.99065,
-64756.3,11992,-6785,22088.5,8249.38,-3298.63,4.99748,
-64756.3,12068,-212.031,-10726.1,8249.38,-3358.8,5.00434,
-64756.3,12119,-6.62597,11799.8,8249.38,-3343.89,5.01112,
-64756.3,12180,-0.207062,10984.9,8249.38,-3357.14,5.01797,
-64756.3,12217,-33995.6,3736.52,8233.07,-3369.29,5.02477,
-64628.3,12260,46031.1,6627.11,8249.38,-3380.33,5.03165,
-64756.3,12288,-39750.8,5180.5,8233.07,-3389.16,5.03844,
-64756.3,12306,-36934.2,2511.04,8233.58,-3395.23,5.04518,
-64632.3,12338,4133.22,3968.03,8234.73,-3404.06,5.052,
-64632.3,12376,129.163,5311.35,8233.58,-3413.45,5.05888,
-64632.3,12406,828.19,3845.57,8233.58,-3422.28,5.0657,
-64632.3,12288,3785.27,-47406.7,8235.62,-3427.8,5.0725,
-64641.3,12403,-2483.96,-11245.4,8233.58,-3433.87,5.07925,
-64632.3,12419,6038.21,-16057.2,8235.49,-3440.77,5.08616,
-64656.3,12518,-4816.18,14242.3,8233.58,-3444.36,5.09292,
-64647.3,12288,-445.387,-90569.8,8235.62,-3460.92,5.09977,
-64632.3,12288,6313.7,-25605.9,8235.49,-3409.03,5.10657,
-64649.3,12528,2600.78,9141.46,8236.64,-3444.36,5.11342,
-64632.3,12642,6424.22,7529.49,8235.75,-3489.07,5.12023,
-64632.3,12613,5832.29,-5536.4,8235.75,-3481.07,5.12704,
-64647.3,12690,-4128.49,42261.5,8233.58,-3470.86,5.13386,
-64632.3,12640,4362.13,14726,8235.49,-3484.38,5.14065,
-64647.3,12704,-478.913,7396.26,8235.49,-3502.87,5.14751,
-64647.3,12764,-1050.75,7023.9,8235.49,-3521.09,5.15434,
-64656.3,12336,-6283.19,-31882.5,8233.58,-3398.27,5.16117,
-64656.3,12452,-3641.97,17999,8236.64,-3435.8,5.16797,
-64632.3,12495,5199.54,48802.9,8235.49,-3399.92,5.17484,
-64647.3,12672,-2987.16,29672.4,8233.58,-3479.69,5.18164,
-64632.3,12948,458.629,12816.2,8233.58,-3572.43,5.18838,
-64632.3,12950,5909.69,787.735,8233.58,-3573.81,5.19525,
-64632.3,13003,184.678,19751.6,8233.58,-3573.81,5.20211,
-64632.3,12951,12453.5,-450.562,8241.73,-3574.36,5.20891,
-64632.3,12864,389.172,-33429,8233.58,-3609.41,5.21574,
-64632.3,12800,12.1616,-41793.2,8233.58,-3569.12,5.22255,
-64641.3,12961,-3318.2,5647.38,8233.58,-3568.01,5.22941,
-64651.3,13068,-3749.46,11401.3,8235.75,-3602.24,5.23623,
-64647.3,13108,3404.01,6794.6,8237.53,-3614.38,5.24305,
-64647.3,13145,168.772,12334.7,8235.49,-3627.91,5.24986,
-64689.3,13192,-9851.04,13255.9,8237.66,-3631.77,5.25668,
-64696.3,13216,-1481.75,11140.7,8242.12,-3638.67,5.26352,
-64699.3,13284,-184.579,10621.1,8242.12,-3661.03,5.27036,
-64699.3,12320,-283.541,-81788,8242.12,-3393.57,5.27721,
-64699.3,12449,-975.05,18251.9,8241.73,-3426.7,5.28397,
-64696.3,12288,-931.553,-81429,8240.84,-3459.82,5.29083,
-64699.3,12613,1325.61,4312.1,8242.12,-3490.73,5.29764,
-64689.3,12704,3726.02,27872.8,8242.12,-3492.94,5.30454,
-64699.3,12480,1695.11,-1480.48,8241.73,-3435.8,5.31134,
-64699.3,12950,-171.447,12704.4,8242.12,-3588.71,5.31817,
-64699.3,13075,-600.205,49903.8,8241.73,-3581.26,5.32503,
-64704.3,13653,-937.874,156788,8242.75,-3665.99,5.33176,
-64712.3,13653,-3208.36,4991.53,8242.12,-3768.12,5.33861,
-64721.3,13739,-960.59,31714.2,8244.92,-3768.12,5.34545,
-64728.3,13653,-188.304,-3067.97,8245.81,-3768.12,5.35229,
-64737.3,13653,-1488.26,-1472.18,8245.81,-3769.5,5.35907,
-64752.3,13653,-1682.64,-184.586,8248.87,-3768.12,5.36591,
-64756.3,13312,-1010.14,-127612,8249.38,-3770.88,5.37272,
-64744.3,13368,-19232.3,5209.81,8249.38,-3685.04,5.37954,
-64728.3,13393,511.977,377.548,8245.81,-3700.5,5.38641,
-64728.3,13464,-1279.32,7184,8244.92,-3712.64,5.3932,
-64728.3,13447,-1011.2,-19064.6,8245.81,-3728.1,5.40003,
-64728.3,13572,-678.772,9294.11,8245.81,-3742.45,5.40682,
-64728.3,13616,-21.2116,65974.4,8245.81,-3691.39,5.41365,
-64737.3,13653,-1658.73,5376.08,8246.96,-3768.12,5.42043,
-64747.3,13741,-1723.27,24443.6,8246.96,-3787.71,5.42722,
-64504.3,13804,91540.1,14101.2,8249.38,-3807.59,5.43408,
-64520.3,13864,252.802,9577.48,8218.17,-3821.94,5.44082,
-64630.3,13904,-33460.5,6072.84,8225.43,-3836.29,5.44772,
-64603.3,13948,-6826.71,7000.86,8225.43,-3847.06,5.45454,
-64504.3,14007,18428.4,14865.1,8218.17,-3865.82,5.46132,
-64756.3,14032,-18796,14032.6,8249.38,-3863.89,5.46818,
-64756.3,14092,-587.376,5328.98,8249.38,-3888.18,5.475,
-64756.3,14121,-18.3555,3806.7,8249.38,-3894.81,5.48182,
-64756.3,14080,-11638.2,-10142.7,8249.38,-3885.97,5.48868,
-64756.3,14176,-363.693,10726.2,8249.38,-3906.12,5.49546,
-64756.3,14232,35.5276,7271.62,8249.38,-3926.82,5.50232,
-64756.3,14288,1.11024,10467.9,8249.38,-3940.07,5.50911,
-64756.3,14336,46.1602,7355.08,8249.38,-3954.42,5.51595,
-64756.3,14360,1.4425,3281.89,8249.38,-3962.15,5.52281,
-64632.3,14388,45756.5,2595.25,8249.38,-3970.43,5.52969,
-64647.3,14432,738.519,5275.22,8235.49,-3980.92,5.53649,
-64696.3,14464,-1797.41,4542.09,8241.73,-3990.3,5.5434,
-64753.3,14502,43266.1,5103.23,8281.61,-4000.79,5.55017,
-64753.3,14552,72235.6,9993.98,8281.61,-4009.62,5.55692,
-65009.3,14586,-89719.9,5380.78,8249.12,-4022.87,5.56378,
-64753.3,14620,13802.8,72150.9,8248.99,-3981.2,5.57066,
-64754.3,14528,6027.21,8274.55,8248.99,-3997.2,5.57753,
-64754.3,14706,-155.964,10249.5,8248.99,-4055.17,5.58425,
-64753.3,14686,6203.47,-2120,8249.12,-4055.17,5.5911,
-64754.3,14704,11615.6,3875.88,8248.99,-4055.17,5.59794,
-65009.3,14693,-89438.5,-423.301,8248.99,-4055.17,5.6048,
-64753.3,14616,3201.63,440.28,8248.99,-4030.6,5.61157,
-64753.3,14624,6021.43,-2100.67,8248.99,-4039.43,5.61839,
-64753.3,14750,12056.3,38344,8248.99,-4042.75,5.62514,
-64753.3,14624,376.76,-4496.47,8248.99,-4031.43,5.63197,
-64753.3,14770,11.7738,31540.4,8248.99,-4054.89,5.63885,
-64753.3,14712,23512.3,-2986.65,8248.99,-4058.48,5.64565,
-64760.3,14736,-1844.46,-9862.72,8248.99,-4083.04,5.65243,
-64788.3,14764,-6941.88,926.564,8251.8,-4074.76,5.6593,
-64788.3,14792,-6749.88,5097.33,8249.89,-4078.07,5.66616,
-64792.3,14807,-920.753,-846.085,8253.96,-4091.88,5.67295,
-64808.3,14828,-5840.56,5072.81,8256,-4089.12,5.67977,
-64760.3,14832,18130.8,-2607.88,8257.15,-4095.74,5.68658,
-64792.3,14353,-6398.36,-90285,8251.8,-3961.32,5.69347,
-64775.3,14387,172.858,2394.57,8251.8,-3968.78,5.70025,
-64792.3,14416,3952.26,863.882,8253.96,-3981.2,5.70707,
-64822.3,14884,-10914,156043,8253.96,-3994.17,5.71382,
-64822.3,14513,1134.95,7730.26,8257.78,-4006.31,5.72066,
-64886.3,14579,-23511.3,18572.6,8257.78,-4014.04,5.72751,
-64886.3,14479,-21383.7,-70301.7,8257.78,-4118.37,5.7343,
-64920.3,14693,-32998.6,2242.89,8258.17,-4058.75,5.74114,
-64824.3,14736,1183.09,14181.4,8258.04,-4063.45,5.74792,
-64856.3,15082,-11399.8,58390.4,8258.04,-4157.29,5.75484,
-64843.3,15082,2655.59,8288.39,8262.12,-4157.01,5.76163,
-64873.3,15061,-8040.67,-6963.46,8260.46,-4162.53,5.76843,
-64863.3,15062,-2133.8,-7459.31,8262.12,-4162.81,5.77528,
-64880.3,15083,-2257.31,6051.31,8265.17,-4157.01,5.78208,
-64863.3,15062,4941.89,-7452.82,8265.17,-4162.81,5.78893,
-64873.3,15062,3091.43,-4118.84,8265.17,-4162.81,5.79578,
-64892.3,15062,-1906.1,-1729.86,8266.19,-4157.29,5.80257,
-64891.3,15083,-1260.28,6583.87,8266.19,-4157.01,5.80936,
-64891.3,14848,-1688.47,-35451.6,8266.19,-4099.05,5.81623,
-64891.3,14856,177.692,-4639.04,8266.57,-4099.05,5.82305,
-64891.3,14860,465.449,-1145.38,8266.57,-4102.36,5.82984,
-64896.3,14880,214.612,2804.52,8267.21,-4104.57,5.83673,
-64904.3,14880,-755.534,-473.988,8268.1,-4107.88,5.8435,
-64891.3,14896,2350.58,2665.64,8266.57,-4110.09,5.85034,
-64920.3,14912,-180.285,1722.84,8271.16,-4115.61,5.85718,
-64952.3,14924,-1449.04,2800.61,8274.34,-4117.82,5.86402,
-64976.3,14920,-4515.5,433.743,8276.25,-4116.44,5.87082,
-64987.3,14932,-2232.87,480.533,8278.42,-4121.68,5.87767,
-64987.3,14932,-69.7771,948.734,8278.8,-4120.03,5.8845,
-64976.3,14924,3940.86,480.846,8278.8,-4116.44,5.89132,
-64976.3,14928,3842.1,1670.99,8278.42,-4116.44,5.89815,
-64967.3,14928,1659.21,-1366.42,8276.51,-4121.13,5.905,
-64952.3,14915,2478.67,-15447.5,8274.34,-4120.03,5.91182,
-64967.3,14932,-4357.17,-779.241,8274.34,-4121.96,5.91866,
-64967.3,14924,-2179.55,-3702.21,8276.25,-4121.68,5.92544,
-64969.3,14934,-1500.18,3075.06,8276.25,-4120.03,5.93231,
-64984.3,14932,-1899.45,-583.655,8278.42,-4121.68,5.93914,
-65000.3,14934,-5946.09,-388.872,8278.8,-4120.03,5.94593,
-64996.3,14934,-3302.39,65.0266,8278.8,-4122.51,5.95276,
-65012.3,14944,-6401.08,1047.15,8279.44,-4124.44,5.95963,
-65008.3,14944,1376.11,-1164.43,8282.62,-4125.55,5.96643,
-65017.3,14953,-583.145,1954.67,8282.62,-4125.55,5.97322,
-65020.3,14960,163.97,587.984,8283.52,-4129.69,5.9801,
-65017.3,14972,1197.16,361.357,8283.39,-4133.28,5.98692,
-65024.3,14992,-994.443,10559.5,8283.39,-4135.48,5.99376,
-65028.3,15029,-1102.9,13396.6,8284.03,-4141,6.00064,
-65017.3,15024,3464.54,2051.58,8284.03,-4146.52,6.00735,
-65047.3,15021,-9414.16,-1901.91,8282.5,-4153.15,6.01416,
-65040.3,15075,-721.26,13479.3,8285.55,-4150.94,6.02098,
-65044.3,15073,-2658.99,-4098.58,8284.92,-4166.4,6.02785,
-65017.3,15096,5812.36,2111.37,8286.06,-4164.19,6.03468,
-65035.3,15104,-3272.64,1642.19,8284.92,-4167.5,6.0415,
-65079.3,15116,-6749.71,2544.03,8290.52,-4169.71,6.04829,
-65047.3,15120,2736.75,-10706.7,8286.45,-4173.02,6.05517,
-65048.3,15128,548.057,-885.242,8286.45,-4176.33,6.06199,
-65056.3,15136,-969.201,328.97,8287.59,-4177.44,6.0688,
-65076.3,15145,-12102.8,3044.65,8282.62,-4177.44,6.07562,
-65079.3,15145,-10595.1,769.28,8290.52,-4179.65,6.08247,
-65079.3,15148,-2830.34,832.862,8291.54,-4180.75,6.0893,
-65143.3,15164,-1563.37,4093.25,8298.68,-4182.96,6.09614,
-65083.3,15120,5202.41,-328.128,8291.03,-4169.43,6.10301,
-65096.3,15180,-1869.52,25274.5,8291.03,-4168.61,6.10979,
-65112.3,15195,-7402.71,10826,8291.67,-4179.37,6.11652,
-65112.3,15278,-714.226,30735.3,8294.73,-4193.72,6.12348,
-65112.3,15195,-22.3195,-1413.12,8294.73,-4194.27,6.13027,
-65128.3,15197,-2122.2,140.07,8296.76,-4194.27,6.13706,
-65131.3,15168,-3420.39,-10105.8,8295.87,-4193.72,6.14387,
-65131.3,15195,344.62,125.826,8297.15,-4193.72,6.15068,
-65136.3,15197,1100.52,5384.73,8298.29,-4186.27,6.15749,
-65128.3,15200,3785.51,3561.29,8298.29,-4194.27,6.16428,
-65016.3,15197,12739.6,3101.41,8283.52,-4193.72,6.17111,
-65148.3,15177,-44161.2,1415.04,8282.5,-4186.27,6.17797,
-65064.3,15177,-1758.22,-1353.51,8290.52,-4188.75,6.18481,
-65035.3,15212,3403.07,7807.49,8286.96,-4195.38,6.19164,
-65064.3,15201,-561.487,7529.48,8288.61,-4188.2,6.19843,
-65047.3,15185,21651.6,-1546.74,8300.33,-4195.38,6.20531,
-65016.3,15185,15645.4,1015.44,8290.52,-4188.2,6.21203,
-65016.3,15286,27005.6,36894.8,8290.52,-4190.96,6.21898,
-65016.3,15177,4918.71,-3131.83,8282.5,-4188.75,6.22575,
-65035.3,15192,1231.62,3775,8282.5,-4188.75,6.23261,
-65016.3,15185,8275.6,1019.7,8284.92,-4188.75,6.23944,
-65016.3,15212,3526.88,5129.83,8282.5,-4197.31,6.24629,
-65047.3,15200,-4190.67,-17190.8,8282.5,-4219.94,6.25304,
-65051.3,15200,-7045.38,-651.528,8282.5,-4195.1,6.25991,
-65144.3,15216,-42085.7,2553.43,8282.5,-4199.52,6.26675,
-65016.3,15208,11637.7,-2495.98,8286.45,-4199.52,6.27357,
-65143.3,15225,-42766.1,-326.095,8282.5,-4203.94,6.2804,
-65080.3,15232,-10505.3,806.37,8282.5,-4203.94,6.28724,
-65047.3,15232,32232.6,1116.78,8298.68,-4202.83,6.29398,
-65143.3,15240,-12021.8,4370.75,8291.03,-4202,6.30087,
-65112.3,15232,6973.68,-1159.1,8298.68,-4203.94,6.30772,
-65083.3,15240,176.066,2547.98,8290.65,-4203.94,6.31449,
-65112.3,15240,-11251.7,170.258,8290.65,-4206.14,6.32132,
-65142.3,15244,-12241.3,2675.93,8294.73,-4206.14,6.32815,
-65131.3,15248,3160.15,1985.16,8298.55,-4207.25,6.33505,
-65142.3,15244,-154.375,154.762,8298.55,-4207.25,6.34185,
-65142.3,15244,-4.82421,96.7472,8298.55,-4207.25,6.34863,
-65270.3,15248,-47093.6,1474.69,8298.55,-4207.25,6.35544,
-65142.3,15248,13234.2,757.427,8298.55,-4207.25,6.3623,
-65142.3,15248,413.568,-159.208,8298.55,-4209.18,6.36911,
-65270.3,15244,-47219.5,366.559,8298.55,-4207.25,6.37592,
-65142.3,15240,19288.4,-801.513,8298.55,-4206.42,6.38276,
-65142.3,15248,25008.9,761.815,8314.85,-4207.25,6.38956,
-65270.3,15244,-46311.9,-3184.84,8298.55,-4207.25,6.3964,
-65142.3,15244,1502.61,-2190.13,8298.55,-4209.46,6.4032,
-65142.3,15240,6104.12,-1581.15,8302.75,-4206.14,6.41009,
-65142.3,15244,190.754,-2660.95,8298.55,-4210.56,6.41688,
-65142.3,15244,5.96105,-163.877,8298.55,-4206.14,6.42369,
-65270.3,15244,-47127.9,1188.76,8298.55,-4207.25,6.43055,
-65142.3,15248,1423.7,408.566,8298.55,-4208.35,6.43731,
-65142.3,15252,44.4907,5711.14,8298.55,-4203.94,6.44419,
-65142.3,15236,1658.24,-3056.92,8299.69,-4207.25,6.45104,
-65142.3,15236,51.8199,-2321.37,8298.55,-4207.25,6.45782,
-65142.3,15236,1.61937,-2322.72,8298.55,-4207.25,6.46463,
-65142.3,15236,0.0506054,-346.479,8298.55,-4206.14,6.47146,
-65142.3,15240,0.00158142,1215.19,8298.55,-4203.94,6.4783,
-65142.3,15240,4.94193e-05,316.495,8298.55,-4206.14,6.48509,
-65142.3,15244,760.509,-813.905,8298.55,-4208.35,6.49196,
-65142.3,15240,23.7659,-873.761,8298.55,-4207.25,6.49876,
-65270.3,15240,-45199,156.925,8299.69,-4206.14,6.50558,
-65142.3,15232,1539.56,-2773.94,8298.55,-4205.04,6.51239,
-65142.3,15236,48.1113,-2791.23,8298.55,-4207.25,6.51925,
-65142.3,15248,5948.68,2511.91,8298.55,-4206.14,6.52604,
-65270.3,15240,-47011.7,-1583.1,8298.55,-4208.35,6.53284,
-65142.3,15248,1474.22,3076.68,8298.55,-4206.14,6.5397,
-65142.3,15244,46.0695,-2972.8,8298.55,-4207.25,6.54653,
-65142.3,15244,1.43967,736.134,8298.55,-4206.14,6.55337,
-65142.3,15240,0.0449897,-1535.31,8298.55,-4207.25,6.56021,
-65142.3,15248,0.00140593,1149.18,8298.55,-4208.35,6.567,
-65142.3,15236,4.39353e-05,-3000.9,8298.55,-4206.14,6.57376,
-65142.3,15248,5895.35,2201.61,8298.55,-4207.25,6.58057,
-65142.3,15240,927.026,-1961.48,8298.55,-4207.25,6.5875,
-65142.3,15244,2972.31,-984.208,8298.55,-4207.25,6.59427,
-65142.3,15252,23811.6,-126.006,8314.85,-4210.56,6.60107,
-65270.3,15251,-46314.7,552.951,8298.55,-4210.56,6.60786,
-65175.3,15252,-10254,1969.76,8298.55,-4209.46,6.61476,
-65142.3,15240,1194.99,-2241.72,8298.55,-4208.35,6.62159,
-65142.3,15252,37.3435,2773.53,8298.55,-4206.14,6.62835,
-65142.3,15248,5866.21,1374.26,8298.55,-4207.25,6.63519,
-65142.3,15252,27144.8,3646.5,8314.85,-4206.14,6.64201,
-65142.3,15256,24360.3,198.029,8314.85,-4208.35,6.64885,
-65142.3,15244,761.259,1296.07,8298.55,-4203.94,6.65568,
-65142.3,15252,23.7894,2071.1,8298.55,-4207.25,6.66246,
-65142.3,15244,0.743417,-924.289,8298.55,-4208.35,6.66927,
-65142.3,15240,0.0232318,-1180.84,8298.55,-4206.14,6.6761,
-65142.3,15240,3039.79,-2620.2,8298.55,-4208.35,6.68294,
-65142.3,15240,6016.12,-1911.54,8298.55,-4207.25,6.68977,
-65142.3,15240,188.004,-2821.15,8298.55,-4208.35,6.69661,
-65142.3,15248,5.87512,2021.08,8298.55,-4207.25,6.70345,
-65142.3,15244,0.183598,-1308.72,8298.55,-4208.35,6.71024,
-65142.3,15244,23668.5,-1056.06,8314.85,-4207.25,6.71706,
-65142.3,15248,739.642,1162.26,8298.55,-4207.25,6.72386,
-65142.3,15240,23.1138,-1882,8298.55,-4207.25,6.73061,
-65142.3,15236,0.722307,-2992.84,8298.55,-4207.25,6.7375,
-65142.3,15244,0.0225721,736.592,8298.55,-4206.14,6.74428,
-65142.3,15248,11764.7,-3843.59,8298.55,-4207.25,6.75115,
-65270.3,15244,-46969.6,-491.305,8298.55,-4208.35,6.75797,
-65142.3,15248,4436.26,2471.68,8298.55,-4207.25,6.76476,
-65142.3,15236,6195.88,-2224.07,8302.75,-4206.14,6.77162,
-65142.3,15244,193.621,575.031,8298.55,-4207.25,6.77843,
-65142.3,15244,6.05066,741.97,8298.55,-4207.25,6.78521,
-65175.3,15244,-11973.7,945.423,8298.55,-4207.25,6.79206,
-65142.3,15240,12203.1,-2110.64,8298.55,-4207.25,6.79887,
-65142.3,15252,381.345,2051.15,8298.55,-4208.35,6.80567,
