1.17024,0.439272,-0.0225921,0.0405916,-0.00463094,0.00492174,5.00679e-06,
1.17063,0.440806,0.162858,0.955783,-0.0045821,0.00536342,0.0073421,
1.17024,0.439272,0.0838123,-0.208537,-0.0045821,0.00443724,0.0151832,
1.17024,0.439272,0.0675561,0.0014025,-0.0045821,0.00443724,0.0222192,
1.17024,0.440806,-0.00590907,0.824669,-0.00463094,0.00542453,0.029633,
1.17063,0.440806,0.195312,0.384347,-0.0045821,0.00486064,0.0369911,
1.17024,0.440806,0.0463543,0.497749,-0.00463094,0.00492174,0.0444641,
1.17024,0.437451,-0.0465029,-0.514026,-0.00467984,0.00498293,0.051892,
1.17024,0.439272,0.0145015,0.61989,-0.00467984,0.00582972,0.05936,
1.17063,0.439272,0.23612,-0.0491905,-0.0045821,0.00443724,0.066776,
1.17024,0.437451,-0.0331957,-0.712858,-0.00463094,0.00492174,0.074193,
1.16947,0.439272,-0.236042,-0.453334,-0.00463094,0.00449835,0.0816481,
1.17024,0.437451,0.0251143,-0.28336,-0.00463094,0.00542453,0.0890751,
1.17024,0.440806,0.0496892,0.830058,-0.0045821,0.00536342,0.096447,
1.16986,0.437451,-0.151888,-0.761884,-0.00463094,0.00449835,0.103926,
1.17024,0.439272,0.0678566,0.104258,-0.0045821,0.00486064,0.11132,
1.17024,0.437451,0.0260024,-0.449938,-0.00463094,0.00492174,0.118754,
1.17063,0.440806,0.0257237,0.925865,-0.00472868,0.00554682,0.126187,
1.17063,0.437451,0.130306,-0.375465,-0.00467984,0.00548571,0.133585,
1.16986,0.437451,-0.10108,-0.357205,-0.00463094,0.00492174,0.141005,
1.17024,0.439272,-0.059953,0.45589,-0.00467984,0.00548571,0.148388,
1.17024,0.437451,0.160322,-0.171785,-0.00453326,0.00530232,0.155824,
1.17024,0.437451,0.102164,-0.352571,-0.00463094,0.00492174,0.16327,
1.16986,0.436204,-0.150249,-1.28795,-0.00463094,0.00449835,0.170708,
1.16986,0.439272,-0.0868386,-0.373204,-0.00463094,0.00415433,0.178122,
1.17024,0.439272,-0.0189246,0.026801,-0.00463094,0.00492174,0.185538,
1.16986,0.437451,-0.0912048,-0.0760378,-0.00463094,0.00542453,0.192927,
1.17063,0.442053,0.118788,0.901048,-0.00463094,0.00449835,0.20042,
1.16986,0.437451,-0.084977,-0.347604,-0.00463094,0.00492174,0.207784,
1.16986,0.440806,-0.0992282,0.417344,-0.00463094,0.00449835,0.21525,
1.17063,0.440806,0.0697305,0.534969,-0.00467984,0.00498293,0.222663,
1.16986,0.440806,-0.0867554,0.622828,-0.00463094,0.00492174,0.23011,
1.16986,0.437451,-0.100271,-0.62662,-0.0045821,0.00486064,0.237532,
1.17024,0.437451,-0.108639,-0.476075,-0.00467984,0.00498293,0.244936,
1.16986,0.440806,-0.0436192,0.184481,-0.0045821,0.00443724,0.252329,
1.17063,0.439272,0.119358,-0.079518,-0.0045821,0.00486064,0.259768,
1.17024,0.437451,-0.036757,-0.970441,-0.00463094,0.00449835,0.267197,
1.16986,0.439272,-0.229016,0.755905,-0.00467984,0.00582972,0.27466,
1.17024,0.439272,0.162106,0.520956,-0.00453326,0.00530232,0.282045,
1.17024,0.439272,0.0215316,-0.0102773,-0.00463094,0.00492174,0.289425,
1.17024,0.439272,-0.039907,-0.0263062,-0.00463094,0.00492174,0.296858,
1.17024,0.436204,-0.0165147,-0.734278,-0.00463094,0.00542453,0.304315,
1.17024,0.440806,-0.0484355,-0.0368782,-0.00467984,0.00421552,0.31173,
1.17024,0.437451,-0.057048,-0.578566,-0.00467984,0.00498293,0.319143,
1.16986,0.439272,0.0306399,0.302141,-0.00453326,0.00530232,0.326574,
1.17024,0.439272,0.000655197,0.313953,-0.00463094,0.00492174,0.333999,
1.17024,0.437451,0.00850049,-0.747149,-0.00467984,0.00455953,0.341391,
1.17024,0.440806,0.000506129,0.764179,-0.00463094,0.00492174,0.348775,
1.17024,0.440806,-0.0400224,0.298789,-0.00467984,0.00498293,0.356167,
1.16947,0.439272,-0.171129,0.205253,-0.0045821,0.00486064,0.363656,
1.17024,0.439272,-0.0619926,0.43433,-0.00467984,0.00548571,0.371069,
1.17063,0.437451,0.119754,-0.168854,-0.00467984,0.00498293,0.378487,
1.17063,0.439272,0.166705,0.348236,-0.00463094,0.00542453,0.385899,
1.17063,0.440806,0.22468,0.928387,-0.0045821,0.00536342,0.393408,
1.17024,0.440806,-0.0978034,0.513268,-0.00467984,0.00498293,0.400762,
1.17024,0.437451,0.0285047,-0.0872417,-0.00463094,0.00542453,0.408381,
1.17024,0.439272,0.0948024,-0.404304,-0.0045821,0.00443724,0.415944,
1.17024,0.439272,-0.0782972,0.232536,-0.00467984,0.00548571,0.423351,
1.17024,0.440806,-0.0432634,0.900174,-0.00463094,0.00542453,0.430743,
1.17024,0.439272,-0.099385,0.150072,-0.00467984,0.00498293,0.438074,
1.16947,0.439272,-0.320697,0.390212,-0.00463094,0.00542453,0.445416,
1.17024,0.439272,-0.0099315,-0.474651,-0.00463094,0.00415433,0.452844,
1.17063,0.437451,0.17882,-0.388782,-0.00463094,0.00542453,0.460213,
1.17024,0.437451,-0.0351139,0.0418101,-0.00463094,0.00576854,0.467585,
1.16986,0.439272,-0.212636,0.155004,-0.00467984,0.00548571,0.474996,
1.17063,0.436204,0.244066,-1.22358,-0.0045821,0.00486064,0.482413,
1.16986,0.439272,-0.153264,0.0649212,-0.00467984,0.00498293,0.489825,
1.17101,0.437451,0.254422,-0.277057,-0.00463094,0.00492174,0.497246,
1.17063,0.440806,0.0646638,0.893102,-0.00467984,0.00548571,0.504602,
1.17024,0.439272,-0.151114,-0.0368703,-0.00467984,0.00498293,0.512084,
1.17101,0.439272,0.279629,-0.0272234,-0.00463094,0.00492174,0.519443,
1.17024,0.439272,0.0563664,-0.254314,-0.0045821,0.00443724,0.526912,
1.16986,0.437451,-0.232966,-0.161698,-0.00467984,0.00548571,0.534318,
1.17024,0.437451,-0.0552838,-0.966144,-0.00467984,0.00455953,0.541742,
1.17024,0.440806,0.0143109,0.653091,-0.00463094,0.00492174,0.549114,
1.17063,0.440806,0.113813,0.285837,-0.00467984,0.00455953,0.556527,
1.17024,0.437451,0.14063,-0.59994,-0.00453326,0.00479953,0.563977,
1.17063,0.439272,0.177137,-0.00524759,-0.00463094,0.00542453,0.571476,
1.16986,0.439272,-0.0508778,0.309204,-0.0045821,0.00536342,0.578903,
1.16986,0.440806,-0.187908,0.434719,-0.00463094,0.00492174,0.586321,
1.17024,0.437451,0.116393,-0.693546,-0.0045821,0.00486064,0.593794,
1.17024,0.439272,0.0678628,-0.434913,-0.00463094,0.00449835,0.601112,
1.17063,0.437451,0.0913854,-0.590731,-0.00463094,0.00492174,0.608515,
1.17024,0.437451,-0.0785986,-0.444218,-0.00467984,0.00498293,0.615983,
1.17024,0.439272,0.0056031,0.602786,-0.00463094,0.00542453,0.623442,
1.16947,0.439272,-0.287446,0.433209,-0.00463094,0.00542453,0.630873,
1.17063,0.439272,0.169366,0.257441,-0.00463094,0.00542453,0.638291,
1.17063,0.439272,0.248042,-0.0576473,-0.0045821,0.00443724,0.645704,
1.16986,0.439272,-0.15194,0.0712836,-0.00463094,0.00542453,0.653163,
1.17063,0.437451,0.116091,-0.703795,-0.00463094,0.00449835,0.660579,
1.17024,0.439272,0.00366167,0.0930849,-0.00463094,0.00492174,0.66794,
1.16986,0.436204,-0.219358,-1.1242,-0.00467984,0.00498293,0.675063,
1.17063,0.437451,0.133895,-0.86475,-0.00463094,0.00449835,0.681884,
1.16986,0.439272,-0.172172,-0.232429,-0.00463094,0.00492174,0.68871,
1.17024,0.439272,-0.0582216,-0.247564,-0.00463094,0.00449835,0.695513,
1.17063,0.437451,0.217613,-0.293825,-0.0045821,0.00536342,0.702343,
1.17024,0.437451,-0.0805373,-0.134203,-0.00472868,0.00554682,0.709163,
1.17024,0.436204,-0.0466246,-1.25765,-0.00467984,0.00498293,0.715988,
1.17024,0.440806,0.0071789,0.876962,-0.00463094,0.00492174,0.722843,
1.16986,0.436204,-0.211025,-1.1701,-0.00467984,0.00498293,0.72967,
1.16986,0.439272,0.0550113,-0.345638,-0.00453326,0.00437614,0.736475,
1.17024,0.439272,0.0280868,0.0734018,-0.00463094,0.00492174,0.743319,
1.17063,0.439272,0.141793,0.142196,-0.00463094,0.00492174,0.750172,
1.17024,0.440806,-0.0487909,0.313488,-0.00467984,0.00498293,0.757001,
1.17063,0.437451,0.0337042,-0.44653,-0.00467984,0.00548571,0.763804,
1.17024,0.437451,0.018335,-0.809181,-0.0045821,0.00486064,0.770646,
1.17024,0.439272,-0.00869431,-0.100326,-0.00463094,0.00449835,0.777414,
1.16986,0.439272,-0.123693,0.165271,-0.0045821,0.00486064,0.784311,
1.17101,0.439272,0.330563,0.0469607,-0.0045821,0.00486064,0.791103,
1.17063,0.437451,0.195188,-0.17372,-0.0045821,0.00570743,0.797931,
1.17024,0.437451,-0.0379753,-0.172736,-0.00463094,0.00542453,0.804746,
1.17024,0.440806,-0.0620435,0.806188,-0.00467984,0.00498293,0.811575,
1.17063,0.439272,0.0330284,-0.00995107,-0.00467984,0.00498293,0.818379,
1.17024,0.439272,0.106385,-0.212366,-0.0045821,0.00486064,0.825173,
1.16986,0.440806,-0.101357,-0.0502772,-0.0045821,0.00409323,0.832006,
1.16986,0.440806,-0.126555,0.315554,-0.00463094,0.00492174,0.838875,
1.17024,0.437451,-0.0732547,-0.171424,-0.00467984,0.00548571,0.845698,
1.17024,0.439272,0.0415922,0.119939,-0.0045821,0.00486064,0.852468,
1.17024,0.440806,0.00100574,1.2092,-0.00467984,0.00548571,0.859345,
1.17024,0.437451,0.0617218,-0.448641,-0.00463094,0.00492174,0.866089,
1.16986,0.437451,-0.136393,-0.180471,-0.00463094,0.00542453,0.873011,
1.17101,0.439272,0.238112,1.22836,-0.00463094,0.00637717,0.880514,
1.17063,0.439272,0.0398494,0.269635,-0.00467984,0.00498293,0.88785,
1.17063,0.439272,0.228156,0.405592,-0.0045821,0.00536342,0.895282,
1.17024,0.437451,0.0534061,-0.393872,-0.0045821,0.00486064,0.90273,
1.17024,0.437451,-0.0870049,-0.477517,-0.00467984,0.00548571,0.910125,
1.16986,0.439272,-0.172582,0.332108,-0.00463094,0.00542453,0.917549,
1.17024,0.437451,0.0348394,-0.786291,-0.0045821,0.00443724,0.925,
1.16986,0.440806,-0.104169,0.772147,-0.0045821,0.00536342,0.932386,
1.17063,0.439272,0.192153,-0.116008,-0.0045821,0.00443724,0.939806,
1.17024,0.439272,0.046396,0.457108,-0.00463094,0.00542453,0.947219,
1.17024,0.439272,0.06599,-0.243956,-0.0045821,0.00443724,0.954636,
1.16986,0.440806,-0.109476,1.07848,-0.0045821,0.00536342,0.962116,
1.17024,0.439272,-0.00350788,-0.0648264,-0.00463094,0.00492174,0.969691,
1.16986,0.439272,-0.131392,-0.224537,-0.00463094,0.00449835,0.976876,
1.16986,0.439272,-0.187913,0.408619,-0.00467984,0.00548571,0.986961,
1.16986,0.437451,-0.102817,-0.904464,-0.0045821,0.00486064,0.990481,
1.16986,0.439272,-0.0209843,-0.360933,-0.0045821,0.00443724,0.997296,
1.17024,0.440806,-0.0405479,0.828979,-0.00467984,0.00498293,1.00423,
1.17101,0.437451,0.350552,-0.734348,-0.0045821,0.00486064,1.01105,
1.16986,0.439272,-0.130207,-0.121529,-0.00463094,0.00492174,1.01795,
1.17024,0.439272,0.0134721,-0.31335,-0.00463094,0.00449835,1.02468,
1.17024,0.437451,0.0698123,-1.09489,-0.0045821,0.00443724,1.03151,
1.17024,0.440806,0.0639921,0.618953,-0.0045821,0.00486064,1.03834,
1.16986,0.440806,-0.0507783,0.670786,-0.0045821,0.00486064,1.04513,
1.17063,0.440806,0.122055,1.40863,-0.00463094,0.00576854,1.05211,
1.17063,0.439272,0.10077,-0.0968681,-0.00463094,0.00492174,1.05881,
1.17024,0.440806,-0.0233535,0.750831,-0.00463094,0.00542453,1.06564,
1.17024,0.439272,-0.0270374,-0.298183,-0.00463094,0.00449835,1.0725,
1.17024,0.440806,-0.0272989,0.972575,-0.00463094,0.00542453,1.0793,
1.17024,0.440806,-0.00927022,0.640382,-0.149124,0.185713,1.08611,
1.17024,0.439272,-0.00910784,0.570513,-0.149075,0.186155,1.09298,
1.16104,0.443203,-1.94734,0.770832,-0.148294,0.183589,1.09975,
1.14033,0.439272,-3.44623,-1.58196,-0.1459,0.180408,1.10663,
1.10658,0.431602,-5.75671,-3.2861,-0.142138,0.176549,1.11343,
1.06363,0.397854,-7.01039,-5.20447,-0.136911,0.176438,1.12021,
1.0084,0.316552,-8.76703,-5.24934,-0.130169,0.198805,1.12707,
0.948195,0.291337,-8.78898,-13.4847,-0.122206,0.18736,1.13389,
0.881082,0.21224,-9.57305,-2.18111,-0.11395,0.212807,1.14068,
0.813586,0.129404,-10.3549,-10.0582,-0.105645,0.206226,1.14748,
0.751076,0.203036,-8.71583,-8.10545,-0.0968998,0.177105,1.15434,
0.683963,0.135252,-9.55346,-10.3404,-0.08879,0.191515,1.16115,
0.618277,0.058552,-10.1656,-10.4338,-0.0807292,0.201752,1.16806,
0.554616,-0.0239965,-9.18699,-13.225,-0.0720684,0.208037,1.17486,
0.487887,-0.0700166,-9.69878,-2.48531,-0.063861,0.211316,1.18174,
0.424992,-0.177397,-9.10906,-3.45273,-0.0557025,0.246623,1.18851,
0.362482,-0.252467,-9.17544,-0.36853,-0.0477882,0.244766,1.1953,
0.304957,-0.309992,-8.17033,-7.52683,-0.0402159,0.25183,1.20214,
0.252034,-0.119105,-7.17097,4.41477,-0.0331321,0.194885,1.20894,
0.199494,-0.117571,-7.4443,53.3659,-0.0266346,0.239256,1.21575,
0.149639,-0.117571,-6.94391,1.35625,-0.0201371,0.177673,1.2226,
0.104769,-0.119105,-5.98363,-0.168535,-0.0141769,0.170983,1.22939,
0.0606668,-0.117571,-6.4235,0.50382,-0.00880302,0.164259,1.23623,
0.0234671,-0.270875,-5.57383,-3.51921,-0.00406423,0.204903,1.24307,
-0.0110479,-0.197243,-4.90777,19.8034,0.000674571,0.185425,1.24988,
-0.0325239,-0.103765,-3.04243,16.2136,0.00375235,0.151936,1.2567,
-0.044029,-0.0277357,-1.67098,18.0816,0.00531566,0.133045,1.26353,
-0.049398,0.0817538,-0.631401,16.6381,0.00619503,0.0955321,1.27036,
-0.0490145,0.19853,-0.0716502,13.3807,0.00619503,0.0599667,1.27719,
-0.0417279,0.146374,0.912536,-12.1289,0.00551107,0.064289,1.28408,
-0.0367424,0.275901,0.678056,16.4246,0.00477827,0.044036,1.29086,
-0.0329074,0.307348,0.460985,-13.3753,0.00424089,0.0137209,1.29767,
-0.0294559,0.39632,0.48931,13.1395,0.00385006,0.0118813,1.30452,
-0.0271549,0.434383,0.463633,9.54706,0.00355693,0.000683979,1.31132,
-0.0260044,0.459214,0.155221,3.43049,0.00331267,-0.0109449,1.3182,
-0.0248539,0.475046,0.154971,1.93927,0.00321496,-0.0140775,1.32498,
-0.0252374,0.483483,-0.161926,0.900921,0.00321496,-0.0170711,1.33178,
-0.0263879,0.484633,-0.313628,0.116239,0.00331267,-0.0175372,1.33865,
-0.0271549,0.483483,-0.106564,-0.255481,0.00341037,-0.0175272,1.34546,
-0.0256209,0.483387,0.260679,0.0528891,0.00331267,-0.0169287,1.35227,
-0.0225529,0.481949,0.386701,0.0920483,0.00292184,-0.0160163,1.3591,
-0.0217859,0.480894,0.0823474,-0.662961,0.00277527,-0.0163356,1.36593,
-0.0225529,0.483387,-0.120574,0.252094,0.00282413,-0.0163968,1.37269,
-0.0229365,0.482715,-0.162509,-0.0343397,0.00287298,-0.0164579,1.37957,
-0.0229365,0.481949,-0.110864,-0.297254,0.00287298,-0.0166432,1.38636,
-0.0225529,0.481949,-0.275285,-0.375215,0.00272642,-0.0164598,1.39314,
-0.0221694,0.482715,0.0177106,-0.0660027,0.00282413,-0.0165821,1.40007,
-0.0225529,0.481949,-0.00834981,-0.3554,0.00287298,-0.0164579,1.40686,
-0.0221694,0.481949,0.176392,0.0516084,0.00287298,-0.0159551,1.41385,
-0.0225529,0.483387,0.0338473,0.212552,0.00292184,-0.0167043,1.42089,
-0.0225529,0.482715,0.0147312,0.00885749,0.00292184,-0.016519,1.42805,
-0.0225529,0.480894,0.0466286,-0.25032,0.00292184,-0.0163074,1.43527,
-0.0221694,0.482715,0.0894347,0.228803,0.00287298,-0.0162463,1.44246,
-0.0221694,0.480894,0.0690053,-0.331981,0.00287298,-0.0159551,1.4496,
-0.0225529,0.482715,-0.103774,0.138833,0.00282413,-0.0161851,1.45672,
-0.0225529,0.481949,-0.0965402,-0.102076,0.00282413,-0.0163968,1.46388,
-0.0225529,0.483387,-0.0651314,0.383341,0.00282413,-0.0161851,1.47103,
-0.0217859,0.483387,0.251827,0.294935,0.00292184,-0.016519,1.47833,
-0.0229365,0.483387,-0.163166,0.188293,0.00287298,-0.0166432,1.48528,
-0.0221694,0.482715,0.062753,0.109608,0.00282413,-0.0163968,1.49228,
-0.0229365,0.481949,-0.135903,0.0739242,0.00287298,-0.0162463,1.49941,
-0.0217859,0.482715,0.175564,0.0100793,0.00282413,-0.0163174,1.50661,
-0.0221694,0.482715,0.0683564,-0.0927562,0.00287298,-0.0166432,1.51376,
-0.0225529,0.482715,0.00991258,0.0653664,0.00287298,-0.0164579,1.52084,
-0.0217859,0.480894,0.210736,-0.57026,0.00287298,-0.0164579,1.52801,
-0.0217859,0.482715,0.0748232,-0.0527889,0.00277527,-0.0163356,1.53525,
-0.0225529,0.483387,-0.04884,0.669344,0.00287298,-0.0159551,1.54243,
-0.0229365,0.483387,-0.212784,0.270684,0.00282413,-0.0163968,1.54958,
-0.0221694,0.481949,0.141173,0.0136186,0.00287298,-0.0162463,1.5567,
-0.0225529,0.483387,-0.0825976,0.748649,0.00287298,-0.0159551,1.56388,
-0.0229365,0.480894,-0.196126,-0.683285,0.00282413,-0.0163968,1.57107,
-0.0221694,0.482715,0.265733,0.180728,0.00297069,-0.0165801,1.57822,
-0.0225529,0.481949,-0.111704,0.123731,0.00277527,-0.0158329,1.58537,
-0.0225529,0.482715,-0.190633,0.161256,0.00272642,-0.0160629,1.59256,
-0.0225529,0.480894,-0.0789603,-0.229546,0.00282413,-0.0161851,1.59966,
-0.0225529,0.480894,0.0591177,-0.35652,0.00292184,-0.0163074,1.60688,
-0.0225529,0.481949,-0.216221,-0.146855,0.00277527,-0.0163356,1.61403,
-0.0225529,0.481949,-0.232478,-0.248134,0.00277527,-0.0163356,1.6212,
-0.0225529,0.481949,-0.0415056,-0.321602,0.00287298,-0.0166432,1.62835,
-0.0225529,0.482715,-0.115911,0.00701622,0.00282413,-0.0163968,1.63552,
-0.0221694,0.482428,0.0148812,-0.111138,0.00282413,-0.0163968,1.64267,
-0.0221694,0.483387,0.052632,0.514021,0.00282413,-0.015894,1.64984,
-0.0229365,0.483387,-0.213902,0.474863,0.00287298,-0.0162463,1.65696,
-0.0225529,0.483387,0.00538203,0.28121,0.00297069,-0.0165801,1.66409,
-0.0225529,0.481949,0.0359116,-0.181694,0.00292184,-0.016519,1.67128,
-0.0221694,0.481949,0.110581,-0.091368,0.00287298,-0.0162463,1.67845,
-0.0225529,0.482715,-0.101195,0.0498639,0.00282413,-0.0163968,1.68561,
-0.0221694,0.482715,0.16914,0.161241,0.00287298,-0.0162463,1.69276,
-0.0225529,0.483387,0.0833359,0.463071,0.00292184,-0.0163074,1.69983,
-0.0229365,0.480894,-0.143739,-0.591824,0.00287298,-0.0166432,1.70703,
-0.0221694,0.482715,0.0546752,0.267009,0.00282413,-0.0161851,1.71416,
-0.0221694,0.481949,-0.0528563,-0.16272,0.00277527,-0.0163356,1.72132,
-0.0221694,0.481949,0.078527,0.0285404,0.00287298,-0.0162463,1.72843,
-0.0225529,0.482715,-0.170758,0.197283,0.00277527,-0.0163356,1.73561,
-0.0221694,0.481949,0.00394766,-0.134916,0.00287298,-0.0164579,1.74267,
-0.0225529,0.481949,-0.196851,-0.00421612,0.00277527,-0.016124,1.74986,
-0.0225529,0.481949,0.162456,-0.0311108,0.00297069,-0.0163685,1.75697,
-0.0221694,0.482715,-0.0495636,0.414698,0.00282413,-0.015894,1.76416,
-0.0225529,0.481949,-0.237284,0.289236,0.00277527,-0.0158329,1.77132,
-0.0221694,0.482715,0.0482492,-0.0523988,0.00282413,-0.0165821,1.77856,
-0.0225529,0.482715,0.0380375,0.0954097,0.00292184,-0.0163074,1.78564,
-0.0225529,0.482715,-0.146692,0.126721,0.00277527,-0.016124,1.7928,
-0.0217859,0.481949,0.0210294,-0.0440532,0.00277527,-0.016124,1.79996,
-0.0221694,0.481949,-0.0422892,0.137472,0.00282413,-0.015894,1.8071,
-0.0225529,0.482715,-0.212675,0.180636,0.00277527,-0.0163356,1.81432,
-0.0217859,0.482715,0.132101,0.167861,0.00282413,-0.0163968,1.82154,
-0.0229365,0.482715,-0.128031,0.0457598,0.00287298,-0.0164579,1.8286,
-0.0221694,0.482715,0.0807896,0.0516471,0.00282413,-0.0163968,1.83581,
-0.0217859,0.481949,0.16624,-0.090615,0.00282413,-0.0161851,1.84305,
-0.0225529,0.480894,-0.00164577,-0.674468,0.00292184,-0.0167043,1.85013,
-0.0225529,0.481949,0.0265219,0.0395748,0.00287298,-0.0162463,1.85723,
-0.0221694,0.481949,0.107361,-0.150612,0.00287298,-0.0162463,1.86443,
-0.0214024,0.483387,0.375739,0.646929,0.00287298,-0.0162463,1.87158,
-0.0221694,0.482715,0.16157,0.146707,0.00292184,-0.0163074,1.87884,
-0.0225529,0.482715,-0.20816,-0.0101105,0.00277527,-0.0163356,1.88594,
-0.0221694,0.483387,0.0105909,0.541408,0.00282413,-0.015894,1.89309,
-0.0221694,0.482715,0.0270659,-0.05252,0.00282413,-0.0165821,1.9003,
-0.0225529,0.481949,-0.129951,-0.268405,0.00282413,-0.0165821,1.90737,
-0.0221694,0.482715,0.0427552,0.15266,0.00282413,-0.0163968,1.9146,
-0.0229365,0.482715,-0.275487,0.106998,0.00282413,-0.0163968,1.92175,
-0.0225529,0.481949,0.0965729,-0.300837,0.00292184,-0.016519,1.92885,
-0.0221694,0.483387,0.0739266,0.284986,0.00287298,-0.0164579,1.93606,
-0.0225529,0.481949,-0.0176343,0.101382,0.00282413,-0.015894,1.94324,
-0.0225529,0.481949,-0.113163,-0.119223,0.00282413,-0.0163968,1.95038,
-0.0221694,0.481949,-0.0503918,-0.236535,0.00277527,-0.0163356,1.95751,
-0.0221694,0.482715,0.156252,0.0201692,0.00287298,-0.0166432,1.96467,
-0.0221694,0.483387,0.126605,0.330911,0.00287298,-0.0164579,1.97184,
-0.0225529,0.482715,-0.145369,0.394962,0.00282413,-0.015894,1.97907,
-0.0217859,0.483387,0.1968,0.442524,0.00287298,-0.0162463,1.98615,
-0.0229365,0.482715,-0.255747,0.392479,0.00282413,-0.015894,1.99329,
-0.0225529,0.482715,-0.0975327,0.208396,0.00282413,-0.0161851,2.00047,
-0.0225529,0.482715,-0.113735,0.0236516,0.00282413,-0.0163968,2.00763,
-0.0229365,0.482715,-0.193897,0.311942,0.00287298,-0.0162463,2.01486,
-0.0221694,0.482715,-0.0173173,-0.0587904,0.00277527,-0.0165209,2.02196,
-0.0225529,0.482715,-0.115569,-0.0704716,0.00282413,-0.0165821,2.02909,
-0.0217859,0.483387,0.0995237,0.420695,0.00282413,-0.0161851,2.03627,
-0.0217859,0.481949,0.16135,-0.364268,0.00282413,-0.0165821,2.04345,
-0.0221694,0.482715,0.0902012,0.117826,0.00282413,-0.0163968,2.05063,
-0.0225529,0.481949,-0.0583331,-0.137203,0.00287298,-0.0164579,2.05778,
-0.0225529,0.481949,-0.0103526,-0.269307,0.00287298,-0.0166432,2.0649,
-0.0221694,0.481949,0.114458,-0.343549,0.00287298,-0.0166432,2.07206,
-0.0221694,0.482715,0.0571227,0.215776,0.00287298,-0.0162463,2.07931,
-0.0225529,0.482715,0.0460474,0.203539,0.00297069,-0.0163685,2.08641,
-0.0221694,0.483387,3.41088e-05,0.173033,0.00277527,-0.0163356,2.09357,
-0.0221694,0.482715,0.0378674,0.17712,0.00287298,-0.0164579,2.10073,
-0.0221694,0.482715,0.0705831,-0.0408448,0.00287298,-0.0164579,2.10791,
-0.0221694,0.481949,0.0180492,0.137421,0.00282413,-0.015894,2.11507,
-0.0229365,0.482715,-0.25323,-0.0150179,0.00282413,-0.0165821,2.12223,
-0.0225529,0.482428,-0.124595,0.145219,0.00282413,-0.0161851,2.12937,
-0.0217859,0.482715,0.193256,0.0991336,0.00282413,-0.0163968,2.13653,
-0.0217859,0.481949,0.134845,-0.277263,0.00282413,-0.0165821,2.1437,
-0.0225529,0.482715,-0.0844005,0.520857,0.00287298,-0.0157434,2.15089,
-0.0229365,0.482715,-0.274959,0.0991302,0.00277527,-0.0163356,2.15804,
-0.0229365,0.483387,-0.144123,0.668317,0.00292184,-0.0160163,2.1652,
-0.0225529,0.482715,-0.0556565,0.00593063,0.00287298,-0.0164579,2.17236,
-0.0229365,0.483387,-0.149032,0.119479,0.00287298,-0.0166432,2.17954,
-0.0225529,0.481949,-0.0563814,0.0382841,0.00292184,-0.0163074,2.18668,
-0.0221694,0.482715,-0.0428538,0.13763,0.00282413,-0.0163968,2.19385,
-0.0221694,0.481949,0.188803,-0.165788,0.00287298,-0.0164579,2.20096,
-0.0225529,0.482715,-0.0455203,0.10751,0.00287298,-0.0162463,2.20818,
-0.0229365,0.481949,-0.111758,-0.121183,0.00287298,-0.0163785,2.21531,
-0.0225529,0.481949,-0.0660054,-0.106838,0.00282413,-0.0161851,2.22248,
-0.0229365,0.481949,-0.120573,-0.122608,0.00287298,-0.0162463,2.22962,
-0.0225529,0.481949,-0.159415,0.0769137,0.00277527,-0.0158329,2.23676,
-0.0233199,0.483387,-0.196746,0.404618,0.00292184,-0.0163074,2.24394,
-0.0221694,0.482715,0.00412503,-0.0245126,0.00282413,-0.0165821,2.2511,
-0.0225529,0.480894,-0.0289459,-0.638178,0.00287298,-0.0166432,2.25829,
-0.0225529,0.483387,-0.0889926,0.112533,0.00287298,-0.0166432,2.26535,
-0.0217859,0.482428,0.206556,-0.0455945,0.00287298,-0.0163785,2.27258,
-0.0221694,0.482715,0.0846538,0.218468,0.00287298,-0.0162463,2.27971,
-0.0225529,0.481949,-0.0298984,-0.280177,0.00287298,-0.0163785,2.28692,
-0.0221694,0.482715,0.182695,0.0939894,0.00292184,-0.0167043,2.29407,
-0.0221694,0.482715,0.0569849,0.34711,0.00282413,-0.015894,2.30122,
-0.0221694,0.482715,0.0441494,0.0108472,0.00287298,-0.0164579,2.30837,
-0.0221694,0.482715,-0.0294408,0.342037,0.00277527,-0.016124,2.31554,
-0.0221694,0.480127,0.0564417,-0.895143,0.00287298,-0.0166432,2.32269,
-0.0225529,0.482715,-0.0753513,0.0147822,0.00287298,-0.0164579,2.32981,
-0.0229365,0.481949,-0.246081,-0.148245,0.00282413,-0.0163968,2.33702,
-0.0221694,0.480894,0.0369291,-0.542763,0.00287298,-0.0166432,2.34413,
-0.0229365,0.482715,-0.234592,0.137758,0.00287298,-0.0162463,2.35129,
-0.0221694,0.482715,0.10382,-0.0106493,0.00282413,-0.0163968,2.3584,
-0.0214024,0.481949,0.355723,-0.118171,0.00287298,-0.0164579,2.36558,
-0.0229365,0.482715,-0.194788,0.378452,0.00282413,-0.015894,2.37274,
-0.0217859,0.482428,0.222871,0.0336608,0.00287298,-0.0164579,2.37993,
-0.0225529,0.483387,-0.173791,0.579124,0.00277527,-0.016124,2.38714,
-0.0225529,0.482715,-0.0419234,0.285995,0.00287298,-0.0162463,2.39435,
-0.0217859,0.482715,0.129223,0.168081,0.00282413,-0.0161851,2.40144,
-0.0225529,0.481949,-0.123611,0.22187,0.00282413,-0.015894,2.40847,
-0.0221694,0.482715,0.12401,0.0865884,0.00287298,-0.0162463,2.41556,
-0.0217859,0.483387,0.165077,0.291287,0.00282413,-0.0163968,2.42262,
-0.0221694,0.481949,-0.0799568,-0.129289,0.00272642,-0.0162745,2.42967,
-0.0217859,0.481949,0.210411,-0.00404029,0.00287298,-0.0162463,2.43674,
-0.0221694,0.482715,0.0835447,-0.0432061,0.00287298,-0.0164579,2.44374,
-0.0217859,0.482715,0.248701,-0.0115619,0.00292184,-0.0167043,2.45084,
-0.0229365,0.482715,-0.102484,0.0844983,0.00292184,-0.016519,2.45788,
-0.0225529,0.483387,-0.0202727,0.414798,0.00287298,-0.0162463,2.46495,
-0.0229365,0.483387,-0.304615,0.71572,0.00282413,-0.0156822,2.47206,
-0.0221694,0.482715,0.0075052,0.0074651,0.00282413,-0.0163968,2.47926,
-0.0221694,0.481949,0.0486912,-0.348784,0.00282413,-0.0165821,2.48638,
-0.0225529,0.481949,-0.117231,-0.0469077,0.00282413,-0.0163968,2.49356,
-0.0233199,0.482715,-0.417249,0.0312009,0.00277527,-0.0163356,2.50065,
-0.0225529,0.482715,0.0204103,-0.123552,0.00292184,-0.0167043,2.50787,
-0.0229365,0.481949,-0.335823,-0.202799,0.00277527,-0.016124,2.515,
-0.0225529,0.482715,0.0058021,0.123621,0.00287298,-0.0164579,2.52217,
-0.0221694,0.481949,0.108469,-0.0542802,0.00287298,-0.0162463,2.5293,
-0.0225529,0.481949,-0.235929,-0.313038,0.00277527,-0.0163356,2.53641,
-0.0225529,0.482715,-0.0945439,0.136337,0.00282413,-0.0161851,2.54361,
-0.0221694,0.483387,-0.0165455,0.148919,0.00277527,-0.0165209,2.55077,
-0.0225529,0.482715,-0.0613372,0.088042,0.00287298,-0.0164579,2.55792,
-0.0225529,0.481949,-0.0895656,-0.224751,0.00287298,-0.0164579,2.56508,
-0.0256209,0.480894,-0.442512,-0.444018,0.00316611,-0.016613,2.5722,
-0.0275384,0.478018,-0.307043,-0.52232,0.00341037,-0.0159395,2.57943,
-0.0275384,0.475046,0.0978859,-0.298034,0.00355693,-0.0153025,2.58659,
-0.0260044,0.475429,0.117128,-0.0886543,0.00331267,-0.0149969,2.59375,
-0.0244704,0.47658,0.0734416,0.0915098,0.00311725,-0.01507,2.60083,
-0.0233199,0.479552,0.235319,0.130877,0.00301955,-0.0160062,2.60807,
-0.0237034,0.479552,0.0223458,-0.18136,0.00301955,-0.0160062,2.61516,
-0.0240869,0.478401,-0.144941,-0.360742,0.0030684,-0.0158292,2.62239,
-0.0229365,0.478881,0.339458,-0.19574,0.00301955,-0.0155829,2.6295,
-0.0237034,0.479552,0.0647794,-0.0299394,0.0030684,-0.0160674,2.63671,
-0.0240869,0.481181,-0.206201,0.759853,0.00297069,-0.0155217,2.64386,
-0.0240869,0.479552,-0.163135,0.126193,0.00301955,-0.0155829,2.65098,
-0.0233199,0.480415,0.215293,0.240748,0.00301955,-0.015768,2.65818,
-0.0240869,0.478881,-0.115111,-0.571272,0.00301955,-0.0162179,2.66525,
-0.0229365,0.478401,0.248013,-0.264486,0.00301955,-0.0155829,2.67241,
-0.0233199,0.480415,0.204323,0.428827,0.0030684,-0.015644,2.67955,
-0.0237034,0.478881,0.0257075,-0.339706,0.00301955,-0.0160062,2.68677,
-0.0237034,0.479552,0.0316889,-0.0340183,0.00297069,-0.0157069,2.69393,
-0.0233199,0.479552,0.178819,0.0534123,0.00301955,-0.015768,2.70107,
-0.0240869,0.479552,-0.114095,-0.0492226,0.00301955,-0.0160062,2.70821,
-0.0237034,0.479552,0.156584,0.0978726,0.00311725,-0.0157051,2.71535,
-0.0237034,0.480415,-0.026293,0.654023,0.00301955,-0.0154505,2.72257,
-0.0237034,0.479552,0.157899,0.0322677,0.00311725,-0.0158903,2.72971,
-0.0237034,0.478881,0.15378,-0.0272667,0.0030684,-0.015644,2.73689,
-0.0229365,0.478881,0.175389,0.0958135,0.00292184,-0.0153282,2.74399,
-0.0240869,0.479552,-0.108974,-0.0252772,0.0030684,-0.015644,2.75118,
-0.0233199,0.479552,0.21361,0.0994607,0.0030684,-0.015644,2.75831,
-0.0237034,0.479552,0.0925789,-0.066923,0.0030684,-0.0158292,2.76542,
-0.0237034,0.478881,-0.119692,-0.172234,0.00292184,-0.0154606,2.77264,
-0.0237034,0.478881,0.0582281,-0.322261,0.00301955,-0.0160062,2.7798,
-0.0237034,0.480415,0.0984419,0.325065,0.0030684,-0.0158292,2.78695,
-0.0244704,0.479552,-0.245132,0.147223,0.00301955,-0.0155829,2.79414,
-0.0237034,0.478881,0.112085,-0.20357,0.0030684,-0.0158292,2.80128,
-0.0237034,0.480415,0.0401644,0.471907,0.00301955,-0.0155829,2.8084,
-0.0237034,0.480415,0.121718,0.142591,0.0030684,-0.0160674,2.81554,
-0.0233199,0.478881,0.0403038,-0.222143,0.00297069,-0.0157069,2.82277,
-0.0240869,0.478881,-0.117708,-0.176652,0.00301955,-0.0155829,2.8299,
-0.0237034,0.478881,0.0685995,-0.224039,0.0030684,-0.015644,2.83707,
-0.0237034,0.479552,0.03256,-0.210908,0.0030684,-0.0160674,2.84423,
-0.0237034,0.479552,-0.177603,0.209281,0.00292184,-0.0153282,2.85145,
-0.0240869,0.480415,-0.243801,0.25544,0.00297069,-0.0157069,2.85856,
-0.0237034,0.478881,0.0295692,-0.164623,0.00301955,-0.015768,2.86578,
-0.0237034,0.480415,0.055797,0.44321,0.00301955,-0.0155829,2.87288,
-0.0233199,0.480415,0.200589,-0.0156369,0.0030684,-0.016279,2.8801,
-0.0233199,0.479552,0.165757,-0.126012,0.00301955,-0.0160062,2.88717,
-0.0240869,0.480415,-0.228007,0.584736,0.00297069,-0.0153893,2.89444,
-0.0237034,0.478401,0.01868,-0.663051,0.00301955,-0.0160062,2.90152,
-0.0240869,0.479552,-0.0469304,0.356672,0.0030684,-0.0155116,2.90872,
-0.0240869,0.478881,-0.00470699,-0.442212,0.0030684,-0.016279,2.91587,
-0.0240869,0.478881,0.0149077,-0.495613,0.00311725,-0.0161285,2.92308,
-0.0240869,0.478881,-0.236055,-0.0466365,0.00297069,-0.0155217,2.93022,
-0.0237034,0.479552,-0.0272908,-0.0248646,0.00301955,-0.015768,2.93736,
-0.0244704,0.478881,-0.242672,-0.0708967,0.00301955,-0.0155829,2.94456,
-0.0240869,0.478401,-0.032484,-0.614082,0.0030684,-0.0160674,2.95178,
-0.0237034,0.478881,-0.0725255,-0.325609,0.00297069,-0.0159451,2.95884,
-0.0233199,0.479552,0.158722,0.0435571,0.00301955,-0.015768,2.96605,
-0.0237034,0.479552,0.0251357,0.175702,0.00301955,-0.0155829,2.97322,
-0.0244704,0.480415,-0.134847,0.467619,0.0030684,-0.015644,2.98038,
-0.0237034,0.480415,0.0751981,0.459417,0.00301955,-0.0155829,2.98751,
-0.0237034,0.479552,-0.0404758,0.049331,0.00297069,-0.0157069,2.99469,
-0.0237034,0.478881,0.0786679,-0.379809,0.00301955,-0.015768,3.00179,
-0.0237034,0.479552,-0.0366844,-0.0889365,0.00301955,-0.0160062,3.00899,
-0.0233199,0.479552,0.256301,0.175146,0.0030684,-0.015644,3.01611,
-0.0237034,0.479552,-0.0614588,0.304661,0.00297069,-0.0153893,3.02327,
-0.0240869,0.478881,-0.219366,-0.534172,0.00297069,-0.0161568,3.03047,
-0.0237034,0.480415,0.0860809,0.427014,0.0030684,-0.0158292,3.03763,
-0.0240869,0.479552,-0.0932537,0.194451,0.0030684,-0.015644,3.04476,
-0.0240869,0.478881,-0.138958,-0.0942585,0.00301955,-0.0155829,3.05192,
-0.0240869,0.478881,-0.137592,-0.227484,0.00297069,-0.0157069,3.05909,
-0.0237034,0.479552,0.0118952,0.0849668,0.00301955,-0.015768,3.06629,
-0.0233199,0.479552,0.303583,0.0307414,0.00311725,-0.0158903,3.07339,
-0.0225529,0.480415,0.425798,0.162598,0.00301955,-0.0160062,3.08056,
-0.0240869,0.478881,-0.117442,-0.380319,0.00301955,-0.015768,3.08774,
-0.0240869,0.478881,-0.0894822,-0.467725,0.0030684,-0.0160674,3.09492,
-0.0237034,0.479552,-0.142572,0.125438,0.00292184,-0.0154606,3.10202,
-0.0233199,0.478881,0.0905811,-0.345104,0.00301955,-0.015768,3.10918,
-0.0237034,0.478881,0.0755121,-0.394659,0.0030684,-0.0160674,3.11636,
-0.0237034,0.479552,-0.125787,0.151288,0.00297069,-0.0155217,3.12357,
-0.0240869,0.479552,-0.0592725,0.0729897,0.0030684,-0.0158292,3.13073,
-0.0240869,0.480415,-0.0644598,0.324886,0.0030684,-0.0158292,3.13783,
-0.0237034,0.479552,0.109055,-0.125178,0.0030684,-0.0160674,3.14498,
-0.0240869,0.480415,-0.186581,0.357072,0.00301955,-0.015768,3.15218,
-0.0240869,0.481181,-0.119686,0.626625,0.0030684,-0.0158292,3.15933,
-0.0237034,0.479552,0.125388,0.194385,0.0030684,-0.015644,3.16647,
-0.0233199,0.480415,0.15827,0.152657,0.00301955,-0.0160062,3.17357,
-0.0240869,0.480415,-0.0432637,0.290074,0.0030684,-0.0158292,3.18078,
-0.0240869,0.479552,-0.142708,0.168923,0.00301955,-0.0155829,3.18794,
-0.0237034,0.479552,0.0571111,0.129533,0.0030684,-0.015644,3.1951,
-0.0240869,0.479552,-0.103565,0.0415463,0.00301955,-0.015768,3.20228,
-0.0237034,0.479552,-0.00984104,-0.164018,0.00301955,-0.0160062,3.20939,
-0.0244704,0.480415,-0.174193,0.387956,0.0030684,-0.015644,3.21659,
-0.0233199,0.481181,0.245344,0.668025,0.0030684,-0.0158292,3.22372,
-0.0233199,0.480415,0.0536311,0.362323,0.00292184,-0.0154606,3.23089,
-0.0229365,0.480415,0.265133,0.467996,0.00297069,-0.0155217,3.23807,
-0.0233199,0.481181,0.315152,0.731384,0.00311725,-0.0157051,3.24522,
-0.0237034,0.480415,0.106115,0.518472,0.0030684,-0.015644,3.25239,
-0.0240869,0.478401,-0.0973773,-0.255976,0.00301955,-0.0154505,3.25953,
-0.0240869,0.480415,0.019578,0.139243,0.00311725,-0.0161285,3.26672,
-0.0240869,0.480415,0.0567722,-0.000242941,0.00311725,-0.0161285,3.27385,
-0.0244704,0.479552,-0.202345,0.198148,0.00301955,-0.0155829,3.28098,
-0.0244704,0.479552,-0.0963694,0.0743649,0.00311725,-0.0157051,3.28815,
-0.0244704,0.480415,-0.100596,-0.034149,0.00311725,-0.0163401,3.29533,
-0.0237034,0.481181,0.0216934,0.453655,0.00301955,-0.0160062,3.30248,
-0.0237034,0.479552,-0.0373081,0.0325444,0.00297069,-0.0157069,3.30965,
-0.0237034,0.481181,0.0374403,0.581441,0.00301955,-0.015768,3.3168,
-0.0237034,0.480415,-0.0376702,0.371968,0.00301955,-0.0155829,3.32406,
-0.0237034,0.479552,0.0457847,0.030694,0.00301955,-0.015768,3.33112,
-0.0233199,0.480415,0.0868376,0.43408,0.00301955,-0.0155829,3.33828,
-0.0237034,0.481181,0.104305,0.868316,0.0030684,-0.015644,3.34543,
-0.0240869,0.478881,-0.0130456,-0.104149,0.0030684,-0.0155116,3.35256,
-0.0240869,0.480415,-0.164543,0.140925,0.00297069,-0.0159451,3.35976,
-0.0240869,0.480415,-0.0217636,0.2699,0.00311725,-0.0161285,3.36691,
-0.0237034,0.479552,0.112501,-0.0506221,0.0030684,-0.0158292,3.37404,
-0.0240869,0.478881,-0.0718187,-0.155522,0.0030684,-0.0158292,3.38116,
-0.0237034,0.479552,-0.207509,-0.130809,0.00287298,-0.0158229,3.38832,
-0.0237034,0.480415,-0.098941,0.286073,0.00297069,-0.0157069,3.39548,
-0.0237034,0.480415,0.0197046,0.279076,0.0030684,-0.0158292,3.40268,
-0.0237034,0.479552,-0.0305705,0.212827,0.00301955,-0.0155829,3.4098,
-0.0237034,0.479552,0.123112,0.0774818,0.0030684,-0.0158292,3.41692,
-0.0240869,0.478881,0.0203215,-0.169943,0.00311725,-0.0158903,3.42413,
-0.0237034,0.478881,0.0401506,-0.0502804,0.00301955,-0.0155829,3.43125,
-0.0237034,0.479552,0.0267952,-0.0193596,0.00301955,-0.015768,3.43842,
-0.0237034,0.478881,0.193142,-0.327192,0.00311725,-0.0158903,3.44558,
-0.0233199,0.480415,0.304867,0.364951,0.00311725,-0.0158903,3.45281,
-0.0237034,0.479552,0.0644935,-0.280173,0.0030684,-0.016279,3.45996,
-0.0233199,0.479552,0.243923,0.0224552,0.0030684,-0.0158292,3.46712,
-0.0237034,0.480415,0.0626402,0.413905,0.00301955,-0.015768,3.47433,
-0.0237034,0.479552,0.0593465,-0.120572,0.00301955,-0.0160062,3.48146,
-0.0237034,0.479552,0.107849,-0.188683,0.0030684,-0.0160674,3.48855,
-0.0237034,0.479552,-0.0418864,0.173272,0.00297069,-0.0155217,3.49546,
-0.0240869,0.479552,-0.138317,0.071318,0.00301955,-0.015768,3.50207,
-0.0237034,0.479552,-0.0242158,-0.145517,0.00297069,-0.0159451,3.50872,
-0.0240869,0.480415,-0.0611562,0.175931,0.00301955,-0.0160062,3.51533,
-0.0237034,0.480415,0.0163854,0.0261179,0.00301955,-0.0160062,3.522,
-0.0237034,0.480415,0.102567,0.669805,0.0030684,-0.0154058,3.52859,
-0.0240869,0.478881,-0.171014,-0.217354,0.00297069,-0.0157069,3.53529,
-0.0240869,0.480415,-0.104217,0.394683,0.00301955,-0.015768,3.5419,
-0.0233199,0.479552,0.067971,0.251113,0.00292184,-0.0153282,3.5485,
-0.0237034,0.479552,0.0131292,0.0649083,0.00301955,-0.0155829,3.5552,
-0.0237034,0.479552,-0.0188023,0.241746,0.00297069,-0.0155217,3.56185,
-0.0240869,0.480415,-0.0758095,0.150893,0.00301955,-0.0160062,3.56846,
-0.0237034,0.479552,0.0157752,0.120922,0.00301955,-0.0155829,3.57511,
-0.0237034,0.479552,0.211574,-0.0784261,0.00311725,-0.0161285,3.58174,
-0.0237034,0.479552,-0.0390737,-0.0731608,0.00301955,-0.015768,3.58837,
-0.0244704,0.481181,-0.21975,0.620211,0.00301955,-0.015768,3.59493,
-0.0233199,0.478881,0.16145,-0.0374493,0.00301955,-0.0155829,3.60168,
-0.0237034,0.479552,-0.050136,0.110338,0.00297069,-0.0157069,3.60822,
-0.0237034,0.478881,-0.0513382,-0.14225,0.00297069,-0.0155217,3.61492,
-0.0237034,0.479552,0.235067,-0.317986,0.00316611,-0.0164013,3.62143,
-0.0233199,0.479552,0.314472,-0.00824995,0.0030684,-0.0158292,3.62819,
-0.0237034,0.479552,-0.0628574,-0.10005,0.00297069,-0.0159451,3.63477,
-0.0237034,0.479552,-0.0591638,0.0946776,0.00301955,-0.015768,3.64151,
-0.0237034,0.479552,-0.137044,-0.0665312,0.00297069,-0.0157069,3.64811,
-0.0237034,0.480415,-0.0133823,0.501762,0.00301955,-0.0155829,3.65483,
-0.0237034,0.478881,-0.0859608,-0.406774,0.00297069,-0.0159451,3.66148,
-0.0237034,0.479552,0.0252352,-0.140777,0.00301955,-0.0160062,3.66812,
-0.0233199,0.479552,0.187641,-0.0478435,0.0030684,-0.0158292,3.67477,
-0.0233199,0.479552,0.161483,0.0152172,0.00301955,-0.015768,3.68139,
-0.0233199,0.478881,0.165384,-0.197267,0.00301955,-0.015768,3.688,
-0.0237034,0.479552,0.124258,-0.122908,0.0030684,-0.0160674,3.69467,
-0.0240869,0.479552,-0.0485274,-0.167797,0.00301955,-0.0160062,3.70132,
-0.0244704,0.479552,-0.312892,0.140126,0.00297069,-0.0155217,3.70795,
-0.0240869,0.478881,-0.000629585,-0.186292,0.0030684,-0.0158292,3.71459,
-0.0240869,0.479552,-0.000536971,0.344059,0.0030684,-0.0154058,3.7212,
-0.0240869,0.480415,-0.00920678,0.347822,0.0030684,-0.0158292,3.72786,
-0.0237034,0.479552,-0.0912828,0.00756392,0.00292184,-0.0156458,3.73449,
-0.0237034,0.480415,-0.0323608,0.50863,0.00301955,-0.0154505,3.74113,
-0.0237034,0.479552,0.163352,0.22726,0.0030684,-0.0155116,3.74774,
-0.0233199,0.478401,0.287811,-0.164854,0.0030684,-0.0155116,3.75437,
-0.0240869,0.479552,-0.190642,-0.0448062,0.00297069,-0.0157069,3.76094,
-0.0240869,0.480415,-0.104869,0.193748,0.00301955,-0.015768,3.76759,
-0.0237034,0.480415,0.179492,0.485501,0.0030684,-0.015644,3.77424,
-0.0240869,0.479552,-0.0730854,-0.256652,0.00301955,-0.0162179,3.78097,
-0.0237034,0.478881,0.10744,-0.436823,0.0030684,-0.0160674,3.78764,
-0.0233199,0.479552,0.222653,0.0718455,0.00301955,-0.015768,3.79428,
-0.0237034,0.478881,0.0122667,-0.103111,0.00301955,-0.0155829,3.80091,
-0.0237034,0.480415,-0.0556317,0.369771,0.00297069,-0.0157069,3.8076,
-0.0240869,0.478881,-0.0472851,-0.221138,0.0030684,-0.0158292,3.81424,
-0.0244704,0.479552,-0.339534,0.0576262,0.00301955,-0.015768,3.82087,
-0.0240869,0.478881,-0.189372,-0.295054,0.00301955,-0.015768,3.82753,
-0.0233199,0.478401,0.258603,-0.34781,0.0030684,-0.015644,3.83408,
-0.0237034,0.478881,-0.0924867,-0.217003,0.00297069,-0.0155217,3.84073,
-0.0237034,0.480415,0.025781,0.214062,0.0030684,-0.0158292,3.84734,
-0.0240869,0.479552,-0.0316511,-0.112113,0.0030684,-0.0158292,3.85399,
-0.0244704,0.480415,-0.0476355,0.339424,0.00316611,-0.0159514,3.86061,
-0.0237034,0.478401,0.153879,-0.565532,0.0030684,-0.0158292,3.86729,
-0.0237034,0.478881,0.0889409,-0.197359,0.00301955,-0.015768,3.87394,
-0.0237034,0.478881,0.0209368,-0.297835,0.00301955,-0.015768,3.88058,
-0.0229365,0.478881,0.324056,-0.0378533,0.00301955,-0.0154505,3.88738,
-0.0237034,0.478401,0.0461917,-0.463955,0.0030684,-0.0158292,3.89396,
-0.0237034,0.478881,0.0756934,-0.197797,0.0030684,-0.015644,3.90061,
-0.0237034,0.479552,0.039515,-0.0173538,0.0030684,-0.0158292,3.90716,
-0.0237034,0.478881,0.00123484,-0.0489564,0.00301955,-0.0154505,3.91391,
-0.0240869,0.479552,-0.164477,-0.24737,0.00301955,-0.0160062,3.92048,
-0.0233199,0.479552,0.256108,-0.118433,0.0030684,-0.0158292,3.92717,
-0.0237034,0.478401,-0.0011449,-0.492482,0.00301955,-0.015768,3.93375,
-0.0233199,0.479552,0.164752,0.219555,0.00301955,-0.0155829,3.94044,
-0.0229365,0.478881,0.252347,-0.492056,0.00301955,-0.0160062,3.947,
-0.0237034,0.479552,-0.0195452,-0.315677,0.00301955,-0.0162179,3.95371,
-0.0240869,0.480415,-0.119552,0.195487,0.00301955,-0.015768,3.96029,
-0.0229365,0.480415,0.455124,0.169725,0.00311725,-0.0161285,3.96698,
-0.0237034,0.479552,0.0785118,-0.220105,0.00301955,-0.0160062,3.97358,
-0.0240869,0.479552,0.059979,0.0753603,0.00311725,-0.0157051,3.98027,
-0.0237034,0.480415,0.148247,0.0422727,0.0030684,-0.016279,3.98682,
-0.0240869,0.479552,-0.0319047,0.0135923,0.0030684,-0.0158292,3.99342,
-0.0260044,0.479552,-0.193611,0.0889962,0.00331267,-0.0161348,4.0001,
-0.0279219,0.47658,-0.251127,-0.839413,0.00350808,-0.0159823,4.00667,
-0.0275384,0.475046,0.279104,-0.306765,0.00360579,-0.0153636,4.0133,
-0.0256209,0.476484,0.428686,0.217177,0.00336152,-0.0151639,4.01994,
-0.0252374,0.477347,-0.187587,0.15393,0.00311725,-0.0152817,4.02658,
-0.0233199,0.478881,0.25978,0.262335,0.00301955,-0.0155829,4.03317,
-0.0237034,0.479552,0.0133996,0.0720212,0.00301955,-0.015768,4.03986,
-0.0237034,0.478401,-0.0452367,-0.490852,0.00297069,-0.0159451,4.04648,
-0.0237034,0.478881,0.0661907,-0.1342,0.0030684,-0.015644,4.05312,
-0.0240869,0.479552,-0.263686,0.33468,0.00292184,-0.0154606,4.05975,
-0.0237034,0.478881,0.146885,0.0460582,0.00311725,-0.0157051,4.06637,
-0.0240869,0.480415,-0.113913,0.378832,0.00301955,-0.015768,4.07302,
-0.0240869,0.479552,-0.161875,0.270922,0.00297069,-0.0153893,4.07961,
-0.0229365,0.478401,0.167442,-0.132659,0.00297069,-0.0153893,4.08632,
-0.0240869,0.478881,-0.235859,-0.199985,0.00297069,-0.0157069,4.09294,
-0.0237034,0.478881,0.0576262,-0.202722,0.00301955,-0.015768,4.09952,
-0.0237034,0.478401,-0.098475,-0.119677,0.00297069,-0.0152835,4.10616,
-0.0237034,0.478881,0.159269,-0.119855,0.00311725,-0.0158903,4.11282,
-0.0237034,0.478881,-0.0540988,-0.0537715,0.00297069,-0.0157069,4.11949,
-0.0240869,0.478881,-0.120059,-0.0447965,0.00301955,-0.0154505,4.12612,
-0.0233199,0.478401,0.16043,-0.315671,0.00301955,-0.015768,4.13279,
-0.0233199,0.478401,0.204442,-0.260013,0.0030684,-0.015644,4.13941,
-0.0233199,0.479552,0.18941,0.246763,0.00301955,-0.0155829,4.14604,
-0.0240869,0.478881,-3.15689,-0.049316,0.00301955,-0.0154505,4.15279,
-0.0240869,0.478881,-0.217086,0.231325,0.00301955,-0.0153446,4.15936,
-0.0237034,0.479552,0.0901335,0.340054,0.0030684,-0.0155116,4.16604,
-0.0237034,0.478401,-0.0245724,-0.0802169,0.00301955,-0.0155829,4.17261,
-0.0244704,0.480415,-0.262197,0.644498,0.00301955,-0.0155829,4.1794,
-0.0229365,0.478401,0.457651,-0.215166,0.0030684,-0.015644,4.18592,
-0.0240869,0.479552,-0.144162,0.357886,0.00301955,-0.0154505,4.19259,
-0.0240869,0.479552,-0.151212,0.240019,0.00301955,-0.0155829,4.19915,
-0.0240869,0.479552,-0.0799264,-0.122016,0.00301955,-0.015768,4.20586,
-0.0240869,0.478881,-0.185366,0.0697943,0.00297069,-0.0153893,4.21245,
-0.0237034,0.480415,0.0501747,0.397977,0.00301955,-0.015768,4.2191,
-0.0237034,0.479552,-0.0444099,0.234344,0.00297069,-0.0153893,4.22575,
-0.0233199,0.480415,0.112019,0.434584,0.00301955,-0.0155829,4.23235,
-0.0240869,0.478881,0.0762424,0.102412,0.00316611,-0.0156338,4.23895,
-0.0244704,0.478401,-0.106347,-0.225785,0.00311725,-0.0157051,4.24564,
-0.0237034,0.478401,0.0424739,-0.298459,0.00301955,-0.015768,4.25222,
-0.0240869,0.478881,-0.131398,-0.0466548,0.0030684,-0.0155116,4.2589,
-0.0237034,0.478881,-0.10639,-0.112341,0.00297069,-0.0157069,4.26559,
-0.0237034,0.478881,0.0887692,0.0295932,0.0030684,-0.0155116,4.27226,
-0.0233199,0.479552,0.0378414,-0.00486528,0.00297069,-0.0157069,4.27888,
-0.0237034,0.478401,0.0696258,-0.233668,0.0030684,-0.015644,4.28548,
-0.0237034,0.478881,-0.0246425,-0.0438725,0.00297069,-0.0155217,4.29205,
-0.0237034,0.478018,-0.11505,-0.329539,0.00297069,-0.0155217,4.29876,
-0.0237034,0.478881,-0.04289,-0.00485878,0.00297069,-0.0155217,4.30541,
-0.0237034,0.478401,0.0260766,-0.396847,0.00301955,-0.015768,4.31207,
-0.0240869,0.478401,-0.218968,-0.172763,0.00297069,-0.0155217,4.31866,
-0.0237034,0.478881,0.0477964,-0.0835449,0.00301955,-0.015768,4.32531,
-0.0237034,0.478401,0.0742902,-0.359032,0.0030684,-0.0158292,4.33196,
-0.0233199,0.478401,0.269859,-0.154503,0.0030684,-0.015644,4.33865,
-0.0237034,0.478881,0.149144,-0.0133012,0.00311725,-0.0155727,4.34519,
-0.0237034,0.478881,-0.0501592,-0.0689238,0.00301955,-0.0155829,4.35192,
-0.0237034,0.479552,0.0624636,0.158234,0.00301955,-0.0155829,4.35854,
-0.0233199,0.478881,0.00953262,-0.309278,0.00292184,-0.015884,4.36519,
-0.0240869,0.479552,0.0111013,0.186581,0.0030684,-0.0158292,4.37182,
-0.0237034,0.478881,0.0381577,0.15844,0.0030684,-0.0155116,4.37845,
-0.0233199,0.479552,0.0832765,0.34044,0.00297069,-0.0155217,4.38507,
-0.0237034,0.478018,-0.0809426,-0.227281,0.00297069,-0.0153893,4.39174,
-0.0237034,0.478401,-0.00252946,-0.106846,0.00301955,-0.0154505,4.39836,
-0.0240869,0.478401,-0.183831,-0.10377,0.00301955,-0.0154505,4.40495,
-0.0240869,0.478881,-0.142184,-0.230486,0.00301955,-0.015768,4.41168,
-0.0240869,0.479552,-0.0594181,0.21981,0.00301955,-0.0155829,4.41831,
-0.0237034,0.478881,-0.0735814,-0.0748545,0.00297069,-0.0155217,4.42493,
-0.0240869,0.478881,-0.349381,-0.0990719,0.00287298,-0.0155846,4.43157,
-0.0233199,0.479552,0.153835,0.223468,0.00301955,-0.0155829,4.43821,
-0.0237034,0.478881,0.0685457,-0.0887,0.00301955,-0.015768,4.44483,
-0.0237034,0.480415,0.120771,0.579678,0.0030684,-0.015644,4.45149,
-0.0237034,0.478881,-0.0053672,-0.098509,0.00301955,-0.0155829,4.45814,
-0.0237034,0.478881,-0.0295222,-0.23353,0.00301955,-0.015768,4.46474,
-0.0240869,0.478401,-0.240508,-0.228038,0.00297069,-0.0155217,4.47139,
-0.0240869,0.479552,-0.0624056,0.0878082,0.0030684,-0.0158292,4.47802,
-0.0233199,0.479552,0.0984305,0.113178,0.00297069,-0.0155217,4.48464,
-0.0237034,0.479552,0.0531112,-0.143988,0.0030684,-0.0160674,4.49126,
-0.0233199,0.478401,0.0747902,-0.227894,0.00297069,-0.0157069,4.49788,
-0.0233199,0.479552,0.168174,0.281232,0.00301955,-0.0155829,4.5045,
-0.0237034,0.478401,0.0702144,-0.503584,0.0030684,-0.0160674,4.51114,
-0.0240869,0.479552,-0.0508898,0.27096,0.00301955,-0.0155829,4.51781,
-0.0237034,0.479552,-0.0108222,-0.102075,0.00301955,-0.0160062,4.52439,
-0.0233199,0.480415,0.201859,0.518684,0.00301955,-0.0155829,4.53103,
-0.0237034,0.479552,0.0702068,-0.024937,0.00301955,-0.015768,4.53769,
-0.0237034,0.478401,-0.010556,-0.168579,0.00301955,-0.0155829,4.54429,
-0.0237034,0.479552,0.0463449,0.224964,0.0030684,-0.015644,4.55097,
-0.0244704,0.478881,-0.201871,0.0153137,0.0030684,-0.0155116,4.55758,
-0.0244704,0.478018,-0.226753,-0.407024,0.0030684,-0.0155116,4.5642,
-0.0233199,0.478881,0.0448211,-0.0428369,0.00292184,-0.0153282,4.57086,
-0.0237034,0.479552,-0.0170211,0.204716,0.00301955,-0.0155829,4.57748,
-0.0237034,0.479552,0.0865215,0.225937,0.0030684,-0.0155116,4.58415,
-0.0237034,0.478018,-0.0789484,-0.336353,0.00297069,-0.0155217,4.5908,
-0.0244704,0.478401,-0.265712,-0.317198,0.00301955,-0.0155829,4.59739,
-0.0244704,0.479552,-0.274062,-0.0063577,0.00301955,-0.0160062,4.60405,
-0.0244704,0.478881,-0.296172,-0.225971,0.00301955,-0.015768,4.61073,
-0.0240869,0.478881,-0.119572,-0.0893814,0.00301955,-0.015768,4.6173,
-0.0237034,0.478881,-0.0294119,0.1274,0.00297069,-0.0153893,4.62397,
-0.0240869,0.478401,-0.04705,-0.0188354,0.0030684,-0.0155116,4.63062,
-0.0237034,0.478401,0.0585625,-0.301412,0.00301955,-0.015768,4.63719,
-0.0237034,0.478401,0.0932712,-0.15337,0.0030684,-0.015644,4.64386,
-0.0240869,0.478881,-0.16799,0.139419,0.00301955,-0.0154505,4.65048,
-0.0233199,0.478881,0.141123,-0.0432876,0.00297069,-0.0157069,4.65708,
-0.0237034,0.478401,0.0941587,-0.136432,0.0030684,-0.015644,4.66377,
-0.0233199,0.478881,0.0944532,0.0185532,0.00297069,-0.0155217,4.67036,
-0.0233199,0.478881,0.00295166,-0.0275041,0.00297069,-0.0155217,4.67702,
-0.0240869,0.479552,0.0471744,0.300707,0.00316611,-0.0157662,4.68363,
-0.0240869,0.479552,-0.118636,0.121557,0.00301955,-0.015768,4.6903,
-0.0240869,0.478881,-0.132741,-0.0923743,0.00301955,-0.0155829,4.69693,
-0.0233199,0.479552,0.160409,0.136318,0.00301955,-0.015768,4.70356,
-0.0240869,0.478881,-0.0219503,0.104709,0.0030684,-0.0155116,4.7102,
-0.0237034,0.478401,-0.087639,-0.120449,0.00297069,-0.0155217,4.71686,
-0.0240869,0.478881,-0.0848134,-0.107806,0.00301955,-0.015768,4.7235,
-0.0240869,0.480415,-0.0628914,0.564013,0.0030684,-0.015644,4.73013,
-0.0240869,0.478881,-0.00196536,0.0401649,0.0030684,-0.015644,4.73674,
-0.0237034,0.478881,-0.095435,-0.0658495,0.00297069,-0.0155217,4.74338,
-0.0237034,0.478401,-0.0480621,-0.201405,0.00297069,-0.0155217,4.75006,
-0.0237034,0.479552,0.0578332,0.117157,0.00297069,-0.0157069,4.75672,
-0.0244704,0.480415,-0.355179,0.480452,0.00297069,-0.0157069,4.76329,
-0.0237034,0.478401,0.0634673,-0.178479,0.0030684,-0.0155116,4.76993,
-0.0237034,0.479552,0.139746,0.2449,0.0030684,-0.015644,4.77656,
-0.0240869,0.478881,-0.0370701,-0.181118,0.0030684,-0.0158292,4.78327,
-0.0240869,0.478881,-0.156156,-0.190592,0.00297069,-0.0157069,4.78993,
-0.0240869,0.478881,-0.171502,-0.327249,0.0030684,-0.0160674,4.79655,
-0.0240869,0.478881,-0.0886184,-0.196728,0.00301955,-0.015768,4.80318,
-0.0240869,0.479552,-0.186801,0.368705,0.00297069,-0.0155217,4.80983,
-0.0233199,0.478018,0.205215,-0.244402,0.00301955,-0.0154505,4.81646,
-0.0240869,0.478881,-0.037308,0.173282,0.0030684,-0.0155116,4.82308,
-0.0244704,0.478881,-0.183658,-0.185811,0.0030684,-0.0158292,4.82966,
-0.0237034,0.478401,-0.0376231,-0.170428,0.00297069,-0.0155217,4.83625,
-0.0233199,0.479552,0.228485,0.268786,0.00301955,-0.0155829,4.84293,
-0.0233199,0.480415,0.107483,0.08652,0.00301955,-0.0160062,4.84953,
-0.0240869,0.479552,-0.0513499,0.0758872,0.0030684,-0.0158292,4.85616,
-0.0237034,0.478881,0.0146824,0.109741,0.00301955,-0.0154505,4.86287,
-0.0240869,0.479552,-0.108986,0.358979,0.00301955,-0.0153446,4.86943,
-0.0237034,0.478881,-0.0323765,0.0477564,0.00297069,-0.0155217,4.87611,
-0.0233199,0.479552,0.162962,0.0922961,0.00297069,-0.0157069,4.88275,
-0.0237034,0.478881,0.145231,0.110561,0.00311725,-0.0157051,4.88932,
-0.0240869,0.478881,-0.0959394,0.0573376,0.0030684,-0.0155116,4.89606,
-0.0237034,0.478881,0.0774723,-0.260594,0.0030684,-0.0158292,4.90263,
-0.0237034,0.479552,0.00292005,0.366657,0.0030684,-0.0155116,4.90928,
-0.0240869,0.479552,-0.177581,0.289069,0.00301955,-0.0154505,4.91587,
-0.0240869,0.479552,-0.0420308,0.235109,0.0030684,-0.015644,4.92256,
-0.0237034,0.478881,-0.166801,-0.355137,0.00292184,-0.015884,4.92917,
-0.0233199,0.478881,0.253514,-0.0724806,0.0030684,-0.015644,4.93572,
-0.0237034,0.478401,0.0245447,-0.164651,0.00301955,-0.0155829,4.94238,
-0.0237034,0.479552,0.120321,0.183508,0.0030684,-0.015644,4.94901,
-0.0233199,0.480415,0.121106,0.633992,0.0030684,-0.015644,4.95563,
-0.0237034,0.478018,0.0579671,-0.413606,0.00301955,-0.015768,4.96227,
-0.0237034,0.478881,0.0658565,0.098497,0.00301955,-0.0154505,4.96889,
-0.0237034,0.478018,-0.0716167,-0.53114,0.00297069,-0.0157069,4.97562,
-0.0237034,0.479552,0.0358321,0.242589,0.00301955,-0.0155829,4.98217,
-0.0237034,0.479552,-0.0264018,0.292658,0.00301955,-0.0155829,4.98884,
-0.0240869,0.478401,-0.0464203,-0.333541,0.0030684,-0.0158292,4.99535,
-0.0237034,0.478881,0.119893,0.0825184,0.0030684,-0.015644,5.00207,
-0.0237034,0.478881,0.21337,0.0496707,0.00311725,-0.0155727,5.00863,
-0.0237034,0.478881,0.138999,0.00155221,0.00311725,-0.0157051,5.01534,
-0.0233199,0.478881,0.259869,-0.224382,0.00297069,-0.0157069,5.0219,
-0.0244704,0.478881,-0.213218,0.0985889,0.0030684,-0.015644,5.02859,
-0.0237034,0.478881,0.0753374,-0.110882,0.0030684,-0.0158292,5.03518,
-0.0240869,0.478881,-0.120794,0.0308295,0.00301955,-0.0155829,5.04189,
-0.0229365,0.478881,0.43434,-0.158496,0.0030684,-0.0158292,5.04842,
-0.0233199,0.478881,0.174529,-0.161699,0.0030684,-0.0158292,5.05511,
-0.0237034,0.478401,0.0699315,-0.447716,0.0030684,-0.0158292,5.06173,
-0.0233199,0.478881,0.187305,0.0478605,0.00301955,-0.0154505,5.0684,
-0.0240869,0.479552,-0.0765163,0.26863,0.0030684,-0.015644,5.07498,
-0.0240869,0.478018,-0.216196,-0.242836,0.00301955,-0.0153446,5.08167,
-0.0229365,0.478401,0.331118,-0.349768,0.00301955,-0.015768,5.08826,
-0.0237034,0.479552,0.0855254,0.333284,0.0030684,-0.015644,5.09494,
-0.0233199,0.478881,0.057256,-0.0691691,0.00297069,-0.0155217,5.1015,
-0.0237034,0.478881,-0.0458914,0.00792917,0.00297069,-0.0155217,5.10818,
-0.0240869,0.479552,-0.00144802,0.22949,0.0030684,-0.015644,5.11476,
-0.0244704,0.479552,-0.325218,0.373796,0.00301955,-0.0154505,5.12144,
-0.0237034,0.478401,0.0992956,-0.283243,0.0030684,-0.015644,5.12802,
-0.0233199,0.478401,0.153315,-0.244274,0.00301955,-0.0154505,5.13475,
-0.0233199,0.480415,-0.00453135,0.294492,0.00292184,-0.0156458,5.1413,
-0.0244704,0.478881,-0.266984,-0.334493,0.0030684,-0.0160674,5.14797,
-0.0233199,0.478881,0.0191083,0.00094671,0.00297069,-0.0155217,5.15455,
-0.0240869,0.479552,-0.0814799,0.275124,0.0030684,-0.015644,5.16126,
-0.0237034,0.479552,0.0707525,0.0728115,0.00301955,-0.015768,5.16784,
-0.0233199,0.478881,0.0201517,0.0793806,0.00292184,-0.0153282,5.17453,
-0.0237034,0.478881,0.165438,-0.157906,0.00311725,-0.0158903,5.1811,
-0.0237034,0.478401,0.144973,-0.088541,0.0030684,-0.015644,5.18786,
-0.0240869,0.478401,-0.141731,-0.169589,0.00301955,-0.0155829,5.19446,
-0.0233199,0.478401,0.2445,-0.230051,0.0030684,-0.015644,5.20113,
-0.0244704,0.478018,-0.30642,-0.302873,0.0030684,-0.015644,5.20773,
-0.0237034,0.478114,0.0177927,-0.255869,0.00301955,-0.0155829,5.21438,
-0.0237034,0.478881,-0.00212578,0.0577698,0.0030684,-0.015644,5.22104,
-0.0240869,0.479552,-0.109874,0.308539,0.0030684,-0.0155116,5.22765,
-0.0237034,0.480415,0.125729,0.57826,0.00311725,-0.0157051,5.23429,
-0.0240869,0.479552,-0.253657,0.288217,0.00297069,-0.0153893,5.24094,
-0.0233199,0.478881,0.185446,0.0305001,0.00301955,-0.0155829,5.24758,
-0.0240869,0.478401,0.0173682,-0.0456606,0.00316611,-0.015528,5.25423,
-0.0237034,0.478401,-0.0542628,-0.404216,0.00297069,-0.0157069,5.26083,
-0.0240869,0.478018,-0.213209,-0.2058,0.00297069,-0.0155217,5.26749,
-0.0237034,0.478401,0.135936,-0.36751,0.00311725,-0.0158903,5.27418,
-0.0240869,0.481181,-0.132731,0.566934,0.0030684,-0.0160674,5.2808,
-0.0240869,0.478881,-0.213653,-0.0812106,0.00297069,-0.0155217,5.28745,
-0.0237034,0.478881,0.0201702,-0.124833,0.00301955,-0.015768,5.29413,
-0.0240869,0.478401,-0.273386,-0.343228,0.00297069,-0.0157069,5.30074,
-0.0237034,0.478881,0.11931,0.0459031,0.0030684,-0.015644,5.30735,
-0.0233199,0.479552,0.14096,0.0232399,0.00297069,-0.0157069,5.31414,
-0.0237034,0.479552,0.0323638,0.282905,0.00301955,-0.0155829,5.32075,
-0.0237034,0.479552,0.293255,-0.0909227,0.00311725,-0.0161285,5.32739,
-0.0237034,0.479552,0.0188002,0.289217,0.00301955,-0.0154505,5.33405,
-0.0237034,0.478881,0.183107,0.0458493,0.00311725,-0.0154669,5.34067,
-0.0233199,0.479552,0.237275,0.155377,0.0030684,-0.0158292,5.34729,
-0.0237034,0.478881,-0.0746337,-0.0639471,0.00297069,-0.0155217,5.354,
-0.0237034,0.478881,-0.0206708,-0.13442,0.00301955,-0.0155829,5.36056,
-0.0240869,0.479552,-0.164786,0.422174,0.00301955,-0.0154505,5.36717,
-0.0233199,0.478881,0.225719,-0.0506303,0.0030684,-0.015644,5.37382,
-0.0240869,0.479552,0.0441474,0.222042,0.00311725,-0.0157051,5.38049,
-0.0237034,0.478401,0.113626,-0.155679,0.0030684,-0.015644,5.38708,
-0.0240869,0.478881,0.121646,-0.362438,0.00316611,-0.0159514,5.39377,
-0.0244704,0.479552,-0.336056,0.280191,0.00292184,-0.0153282,5.40037,
-0.0237034,0.478401,-0.0106133,-0.155721,0.00301955,-0.0154505,5.40701,
-0.0237034,0.478881,0.027513,-0.0931433,0.00301955,-0.015768,5.41369,
-0.0237034,0.478881,0.128061,-0.193411,0.0030684,-0.0158292,5.42031,
-0.0237034,0.478881,0.106789,-0.126443,0.0030684,-0.0158292,5.4269,
-0.0240869,0.478401,-0.0607428,0.0114562,0.0030684,-0.0154058,5.43354,
-0.0240869,0.478881,-0.0966317,0.183143,0.00301955,-0.0153446,5.44015,
-0.0240869,0.478018,-0.112367,-0.211994,0.00301955,-0.0153446,5.44681,
-0.0229365,0.478881,0.2552,0.0551763,0.00301955,-0.0154505,5.45339,
-0.0240869,0.478881,-0.0739702,-0.126603,0.0030684,-0.0158292,5.46017,
-0.0237034,0.478401,0.0731651,-0.292896,0.0030684,-0.015644,5.46675,
-0.0237034,0.478881,0.14254,-0.0280414,0.0030684,-0.015644,5.47337,
-0.0240869,0.478881,-0.114894,0.104836,0.00301955,-0.0154505,5.48005,
-0.0233199,0.478401,0.317069,-0.181838,0.0030684,-0.0158292,5.48669,
-0.0233199,0.478881,0.165335,0.0471379,0.00301955,-0.0155829,5.4933,
-0.0237034,0.478401,0.0231184,-0.12753,0.00301955,-0.0155829,5.49994,
-0.0240869,0.478401,0.0774624,-0.345799,0.00311725,-0.0158903,5.50655,
-0.0237034,0.479552,-0.0336308,0.185194,0.00301955,-0.015768,5.51317,
-0.0240869,0.478401,-0.0878038,-0.214716,0.00301955,-0.0155829,5.51985,
-0.0240869,0.478401,-0.186538,-0.1846,0.00297069,-0.0153893,5.52647,
-0.0237034,0.478881,0.071147,-0.141318,0.0030684,-0.015644,5.5331,
-0.0237034,0.478881,0.0862647,0.0195203,0.0030684,-0.015644,5.53976,
-0.0233199,0.478018,0.0544387,-0.202596,0.00292184,-0.0152224,5.54636,
-0.0240869,0.479552,-0.0249423,0.277462,0.0030684,-0.015644,5.55301,
-0.0237034,0.478881,0.118106,-0.119016,0.0030684,-0.0158292,5.55964,
-0.0244704,0.479552,-0.259509,0.28289,0.00301955,-0.0155829,5.56628,
-0.0244704,0.478881,-0.296925,0.0984594,0.00301955,-0.0154505,5.57291,
-0.0240869,0.479552,-0.145925,0.27069,0.00301955,-0.0155829,5.57953,
-0.0244704,0.478881,-0.281119,0.0332424,0.00297069,-0.0155217,5.58619,
-0.0240869,0.478881,-0.0362295,0.00103882,0.0030684,-0.015644,5.59285,
-0.0240869,0.479552,-0.138496,0.248866,0.00301955,-0.0155829,5.59947,
-0.0237034,0.478401,-0.141857,-0.619611,0.00292184,-0.015884,5.60612,
-0.0244704,0.478401,-0.221144,-0.141606,0.00301955,-0.0155829,5.6128,
-0.0240869,0.479552,-0.0800411,0.344962,0.00301955,-0.0155829,5.61942,
-0.0237034,0.478018,-0.0488103,-0.537376,0.00301955,-0.015768,5.62609,
-0.0240869,0.478881,-0.0291474,-0.187933,0.00311725,-0.0158903,5.63273,
-0.0237034,0.479552,-0.0600252,0.250395,0.00297069,-0.0155217,5.63933,
-0.0244704,0.478881,-0.201104,0.0229904,0.0030684,-0.015644,5.64601,
-0.0233199,0.478881,0.166193,-0.145217,0.0030684,-0.0158292,5.65263,
-0.0240869,0.478881,-0.0584922,0.132675,0.00301955,-0.0154505,5.65922,
-0.0240869,0.478881,-0.0799285,-0.260198,0.0030684,-0.0158292,5.66596,
-0.0240869,0.479552,-0.00443794,-0.144236,0.00311725,-0.0163401,5.67255,
-0.0233199,0.478401,0.241521,-0.0548521,0.0030684,-0.0155116,5.67917,
-0.0240869,0.478881,-0.06648,-0.0440935,0.00311725,-0.0157051,5.68581,
-0.0237034,0.479552,0.134798,0.207509,0.0030684,-0.015644,5.69239,
-0.0244704,0.480415,-0.290024,0.699704,0.00301955,-0.0155829,5.69909,
-0.0237034,0.478401,0.0507418,-0.265454,0.00301955,-0.0155829,5.70572,
-0.0240869,0.479552,-0.0361554,0.0788566,0.0030684,-0.015644,5.71237,
-0.0244704,0.478881,-0.22526,-0.189632,0.00301955,-0.0155829,5.71899,
-0.0237034,0.478881,0.003712,0.155923,0.00301955,-0.0154505,5.72573,
-0.0240869,0.478881,-0.072931,-0.107183,0.0030684,-0.015644,5.73227,
-0.0240869,0.478881,-0.0860109,-0.0721369,0.0030684,-0.0158292,5.73902,
-0.0240869,0.478881,-0.212325,-0.193772,0.00297069,-0.0157069,5.74559,
-0.0244704,0.478401,-0.174417,-0.109503,0.0030684,-0.0154058,5.75229,
-0.0240869,0.478881,-0.124469,-0.0442437,0.00301955,-0.0155829,5.75886,
-0.0233199,0.478881,0.303124,-0.181026,0.0030684,-0.0158292,5.76562,
-0.0233199,0.478881,0.155873,-0.0832523,0.00297069,-0.0157069,5.77208,
-0.0237034,0.478401,0.0905859,-0.167062,0.0030684,-0.015644,5.77884,
-0.0244704,0.478018,-0.170735,-0.407443,0.0030684,-0.015644,5.78533,
-0.0237034,0.479552,0.123902,0.439343,0.0030684,-0.0154058,5.79214,
-0.0240869,0.478881,-0.0882374,0.0775835,0.00301955,-0.0155829,5.79862,
-0.0240869,0.478881,-0.0967114,-0.0454428,0.00301955,-0.0155829,5.80534,
-0.0237034,0.478401,0.188611,-0.165651,0.00311725,-0.0155727,5.81189,
-0.0237034,0.478881,0.128066,0.134903,0.0030684,-0.0155116,5.81869,
-0.0240869,0.478401,-0.00486738,-0.130434,0.0030684,-0.0155116,5.82518,
-0.0240869,0.478401,-0.166387,-0.195854,0.00297069,-0.0153893,5.83191,
-0.0240869,0.479552,-0.215046,0.398335,0.00301955,-0.0154505,5.83854,
-0.0237034,0.479552,-0.0923024,0.148583,0.00297069,-0.0157069,5.84519,
-0.0248539,0.478401,-0.314136,-0.354858,0.0030684,-0.0158292,5.85179,
-0.0237034,0.478401,0.207222,-0.119167,0.00311725,-0.0157051,5.85841,
-0.0240869,0.478401,-0.094344,-0.366147,0.0030684,-0.0158292,5.86504,
-0.0237034,0.478881,0.14405,-0.0635997,0.0030684,-0.015644,5.87172,
-0.0237034,0.478881,-0.0506389,0.172075,0.00297069,-0.0152835,5.87824,
-0.0240869,0.478881,-0.0311644,-0.201685,0.0030684,-0.0160674,5.88497,
-0.0233199,0.478881,0.209736,0.0853126,0.00301955,-0.0154505,5.89155,
-0.0237034,0.478881,-0.0418312,0.131918,0.00297069,-0.0153893,5.89824,
-0.0244704,0.478018,-0.219363,-0.289923,0.00301955,-0.0155829,5.90475,
-0.0237034,0.478881,-0.0832569,0.10419,0.00297069,-0.0153893,5.9115,
-0.0233199,0.478881,0.317463,-0.0724002,0.0030684,-0.0158292,5.91807,
-0.0237034,0.478881,0.0569164,0.0802175,0.0030684,-0.015644,5.92477,
-0.0240869,0.478881,-0.025541,0.135677,0.0030684,-0.0154058,5.93132,
-0.0240869,0.478401,-0.0371961,-0.150773,0.0030684,-0.0155116,5.93804,
-0.0233199,0.478881,0.190645,-0.073194,0.00301955,-0.0155829,5.9446,
-0.0237034,0.479552,-0.106577,0.0472162,0.00292184,-0.0156458,5.95126,
-0.0240869,0.480415,-0.0671596,0.601832,0.0030684,-0.015644,5.95783,
-0.0240869,0.478401,-0.069135,-0.451809,0.00301955,-0.015768,5.96461,
-0.0233199,0.478881,0.226554,-0.0715474,0.0030684,-0.0158292,5.97114,
-0.0240869,0.479552,-0.0173794,0.250612,0.00311725,-0.0157051,5.97788,
-0.0240869,0.479552,-0.137322,0.04388,0.00301955,-0.0160062,5.98437,
-0.0240869,0.478881,0.0224184,0.00941905,0.00311725,-0.0157051,5.99116,
-0.0237034,0.479552,0.0829862,0.301471,0.0030684,-0.015644,5.99774,
-0.0237034,0.479552,-0.0438297,0.394369,0.00297069,-0.0152835,6.00444,
-0.0240869,0.478401,-0.184336,-0.23459,0.00297069,-0.0155217,6.011,
-0.0237034,0.479552,-0.0663862,0.342274,0.00292184,-0.0153282,6.01771,
-0.0237034,0.478881,0.0620823,-0.0523007,0.00301955,-0.015768,6.02427,
-0.0240869,0.478881,-0.0263912,-0.180017,0.0030684,-0.0158292,6.031,
-0.0240869,0.480415,-0.147155,0.576895,0.00301955,-0.0155829,6.03756,
-0.0240869,0.478401,-0.133882,-0.2291,0.0030684,-0.015644,6.04425,
-0.0237034,0.478401,-0.0313638,0.0158546,0.00297069,-0.0152835,6.05082,
-0.0240869,0.478881,-0.0924911,0.10398,0.00301955,-0.0155829,6.05754,
-0.0237034,0.478881,0.169923,-0.0699366,0.00311725,-0.0157051,6.06414,
-0.0237034,0.478881,-0.048944,-0.296868,0.00301955,-0.015768,6.07073,
-0.0240869,0.478881,-0.166185,0.0341696,0.00297069,-0.0153893,6.07731,
-0.0237034,0.478401,0.0236273,-0.322234,0.00301955,-0.0155829,6.0841,
-0.0244704,0.478881,-0.262519,-0.491623,0.00301955,-0.0162179,6.09077,
-0.0240869,0.478881,-0.120046,-0.111098,0.00301955,-0.0155829,6.0974,
-0.0233199,0.478881,0.0315521,0.0442641,0.00297069,-0.0155217,6.10398,
-0.0244704,0.478881,-0.219811,-0.000445537,0.0030684,-0.015644,6.11063,
-0.0237034,0.478881,0.205039,-0.128245,0.00311725,-0.0158903,6.11723,
-0.0233199,0.479552,0.116613,0.305363,0.00301955,-0.0155829,6.12388,
-0.0233199,0.478881,0.186582,0.0672789,0.00301955,-0.0154505,6.13051,
-0.0237034,0.479552,0.025163,0.40431,0.0030684,-0.0155116,6.13712,
-0.0240869,0.479552,-0.00480276,0.222318,0.0030684,-0.015644,6.14376,
-0.0240869,0.478881,-0.202732,-0.0763782,0.00297069,-0.0157069,6.15049,
-0.0240869,0.478401,-0.0155114,-0.122705,0.0030684,-0.0155116,6.15707,
-0.0237034,0.478881,0.100926,0.0212206,0.0030684,-0.015644,6.16371,
-0.0240869,0.478881,-0.219793,0.111135,0.00301955,-0.0154505,6.1703,
-0.0240869,0.479552,-0.0707811,0.229727,0.0030684,-0.015644,6.17694,
-0.0240869,0.478401,-0.0827982,-0.399523,0.0030684,-0.015644,6.18367,
-0.0233199,0.478018,0.247817,-0.438769,0.0030684,-0.0158292,6.19029,
-0.0244704,0.479552,-0.328457,0.216168,0.00297069,-0.0155217,6.19689,
-0.0233199,0.478881,0.180749,0.0491596,0.0030684,-0.015644,6.20352,
-0.0240869,0.478401,-0.140836,-0.229317,0.00301955,-0.0155829,6.21018,
-0.0237034,0.478401,0.0225561,-0.03007,0.00301955,-0.0154505,6.21681,
-0.0233199,0.479552,0.257922,0.236448,0.0030684,-0.0158292,6.22349,
-0.0237034,0.478881,-0.0649674,0.0896616,0.00301955,-0.0154505,6.23016,
-0.0240869,0.479552,-0.0969274,0.270209,0.0030684,-0.015644,6.23672,
-0.0237034,0.478881,0.0517492,0.0642254,0.00301955,-0.0154505,6.24338,
-0.0233199,0.479552,0.333161,0.365525,0.00311725,-0.0157051,6.25007,
-0.0244704,0.478401,-0.199684,-0.315492,0.0030684,-0.0158292,6.25663,
-0.0233199,0.478401,0.110137,-0.126262,0.00301955,-0.0154505,6.26333,
-0.0240869,0.478881,-0.225106,0.0465145,0.00297069,-0.0153893,6.26991,
-0.0237034,0.479552,0.0683071,0.1291,0.0030684,-0.0158292,6.2766,
-0.0244704,0.480415,-0.317033,0.407405,0.00301955,-0.015768,6.28318,
-0.0237034,0.479552,0.0339341,0.0478525,0.0030684,-0.0158292,6.2898,
-0.0237034,0.478018,0.0468793,-0.186342,0.0030684,-0.0155116,6.29643,
-0.0233199,0.480415,0.096457,0.559893,0.00297069,-0.0157069,6.30308,
-0.0237034,0.478018,0.0307739,-0.468682,0.0030684,-0.0158292,6.30973,
-0.0229365,0.479552,0.230433,0.403016,0.00301955,-0.0154505,6.31633,
-0.0240869,0.478881,-0.146661,-0.160404,0.00301955,-0.015768,6.32297,
-0.0240869,0.479552,-0.183748,-0.137964,0.00301955,-0.0160062,6.32968,
-0.0240869,0.479552,-0.106322,0.257756,0.0030684,-0.0155116,6.33623,
-0.0240869,0.479552,-0.198859,0.267895,0.00297069,-0.0155217,6.343,
-0.0237034,0.478401,0.140158,-0.260685,0.0030684,-0.0158292,6.34968,
-0.0244704,0.480415,-0.251744,0.645312,0.00301955,-0.0155829,6.35628,
-0.0240869,0.478881,-0.0601858,-0.0888875,0.0030684,-0.015644,6.36292,
-0.0240869,0.478401,-0.0842367,-0.243439,0.0030684,-0.015644,6.36954,
-0.0233199,0.479552,0.152133,0.241915,0.00301955,-0.0155829,6.37615,
-0.0237034,0.478881,0.0414314,0.117048,0.0030684,-0.0155116,6.38289,
-0.0237034,0.478881,0.139027,-0.0860236,0.0030684,-0.0158292,6.38944,
-0.0240869,0.478881,-0.142279,-0.151475,0.00301955,-0.015768,6.39616,
-0.0237034,0.478401,0.0905281,-0.538146,0.0030684,-0.0160674,6.40276,
-0.0237034,0.479552,0.0304544,0.333491,0.00301955,-0.0155829,6.40937,
-0.0240869,0.478401,-0.22111,-0.298437,0.00297069,-0.0157069,6.41606,
-0.0237034,0.478881,-0.0341038,0.0589323,0.00301955,-0.0155829,6.42271,
-0.0233199,0.478401,0.160287,-0.146579,0.0030684,-0.015644,6.42929,
-0.0233199,0.479552,0.105857,0.338564,0.00301955,-0.0154505,6.43594,
-0.0233199,0.479552,0.26816,-0.147274,0.0030684,-0.016279,6.4426,
-0.0237034,0.479552,0.063423,0.114165,0.00301955,-0.015768,6.44919,
-0.0244704,0.478401,-0.290094,-0.159159,0.00301955,-0.0155829,6.45583,
-0.0237034,0.480415,-0.0635102,0.519483,0.00297069,-0.0157069,6.46252,
-0.0233199,0.478881,0.181929,0.00556689,0.00301955,-0.0155829,6.46912,
-0.0237034,0.478881,-0.0125834,-0.170821,0.00301955,-0.015768,6.47578,
-0.0244704,0.479552,-0.111513,-0.203901,0.00311725,-0.0161285,6.48245,
-0.0237034,0.478881,0.0605533,0.080682,0.0030684,-0.0155116,6.48902,
-0.0240869,0.479552,-0.175193,0.299247,0.00301955,-0.0155829,6.49575,
-0.0237034,0.480415,0.112758,0.708485,0.0030684,-0.0155116,6.50236,
-0.0237034,0.478881,0.217629,0.0591715,0.00311725,-0.0155727,6.50893,
-0.0237034,0.478401,0.0431713,-0.00502661,0.00301955,-0.0153446,6.51564,
-0.0237034,0.478401,-0.00794553,-0.249088,0.00301955,-0.015768,6.52227,
-0.0237034,0.478881,0.0749706,-0.0942826,0.00301955,-0.0155829,6.52888,
-0.0233199,0.478018,0.199275,-0.688269,0.00301955,-0.0160062,6.53559,
-0.0237034,0.478018,0.0417731,-0.318459,0.00301955,-0.0155829,6.54222,
-0.0233199,0.479552,0.206858,0.235179,0.0030684,-0.015644,6.54883,
-0.0233199,0.479552,0.197488,0.336052,0.0030684,-0.0155116,6.55541,
-0.0240869,0.478401,-0.0867448,-0.483278,0.0030684,-0.0160674,6.56208,
-0.0240869,0.478881,-0.0203649,-0.0678231,0.0030684,-0.015644,6.56866,
-0.0233199,0.478881,0.195053,0.0325591,0.0030684,-0.0155116,6.57531,
-0.0237034,0.478401,-0.00304591,-0.221262,0.00301955,-0.0155829,6.582,
-0.0244704,0.478881,-0.325311,-0.151244,0.00301955,-0.015768,6.58861,
-0.0237034,0.478881,0.00747614,-0.117334,0.00301955,-0.015768,6.59525,
-0.0237034,0.478881,0.0751327,-0.0954351,0.00301955,-0.015768,6.60189,
-0.0237034,0.478881,0.02843,0.09764,0.0030684,-0.0154058,6.60855,
-0.0240869,0.478881,-0.104195,0.163273,0.00301955,-0.0154505,6.61519,
-0.0237034,0.479552,0.125875,0.457998,0.00311725,-0.0154669,6.62182,
-0.0244704,0.479552,-0.438536,0.118876,0.00292184,-0.0156458,6.62847,
-0.0237034,0.479552,-0.0880888,0.189771,0.00297069,-0.0153893,6.63508,
-0.0237034,0.478018,0.201799,-0.421299,0.00311725,-0.0158903,6.64176,
-0.0240869,0.478401,-0.0842813,-0.303483,0.00301955,-0.015768,6.64837,
-0.0237034,0.478881,-0.129949,0.00883413,0.00292184,-0.0154606,6.65503,
-0.0233199,0.478881,0.150627,-0.0635955,0.00301955,-0.0155829,6.66167,
-0.0240869,0.478881,-0.113768,-0.107266,0.00301955,-0.015768,6.66828,
-0.0240869,0.479552,-0.108088,0.078925,0.00301955,-0.015768,6.67499,
-0.0237034,0.479552,0.042199,0.254795,0.0030684,-0.015644,6.68148,
-0.0237034,0.478881,0.0204017,-0.213544,0.00301955,-0.015768,6.68822,
-0.0237034,0.478881,0.0189341,-0.0293678,0.00301955,-0.0155829,6.69483,
-0.0240869,0.479552,-0.00836515,0.355821,0.0030684,-0.0155116,6.70146,
-0.0237034,0.479552,-0.0369655,0.12988,0.00297069,-0.0157069,6.70806,
-0.0233199,0.478881,0.186005,-0.0831263,0.00301955,-0.015768,6.7148,
-0.0240869,0.479552,-0.175985,0.341862,0.00297069,-0.0155217,6.72134,
-0.0240869,0.480415,-0.0559468,0.471966,0.00301955,-0.015768,6.728,
-0.0240869,0.478881,-0.157977,-0.150582,0.00301955,-0.015768,6.73462,
-0.0233199,0.478401,0.20887,-0.122571,0.0030684,-0.015644,6.74123,
-0.0237034,0.478401,0.107213,-0.399534,0.00311725,-0.0158903,6.74787,
-0.0240869,0.478881,-0.125822,0.0685513,0.00301955,-0.0155829,6.75453,
-0.0240869,0.478881,-0.176753,0.00214223,0.00297069,-0.0155217,6.76107,
-0.0244704,0.478881,-0.172615,-0.150021,0.0030684,-0.0158292,6.76779,
-0.0237034,0.478881,0.150211,-0.136874,0.0030684,-0.015644,6.77434,
-0.0244704,0.480415,-0.257294,0.624433,0.00301955,-0.0155829,6.781,
-0.0237034,0.479552,-0.136563,0.248759,0.00297069,-0.0155217,6.78763,
-0.0237034,0.478881,0.128664,0.127357,0.0030684,-0.0154058,6.79437,
-0.0240869,0.478881,0.050519,-0.157907,0.00311725,-0.0158903,6.80099,
-0.0233199,0.478881,0.139997,-0.183382,0.00301955,-0.0155829,6.80768,
-0.0233199,0.478401,0.113626,-0.0494031,0.00297069,-0.0153893,6.81426,
-0.0237034,0.478881,0.0310096,0.00988189,0.00301955,-0.0155829,6.8209,
-0.0244704,0.478881,-0.216714,0.18561,0.0030684,-0.0154058,6.82748,
-0.0237034,0.478401,-0.0157886,-0.259268,0.00301955,-0.015768,6.83418,
-0.0240869,0.478401,-0.158593,-0.455117,0.00301955,-0.015768,6.84076,
-0.0233199,0.478881,0.197587,0.142962,0.0030684,-0.0154058,6.84745,
-0.0240869,0.478401,-0.0363981,-0.274188,0.0030684,-0.015644,6.85414,
-0.0233199,0.479552,0.0986663,0.165241,0.00301955,-0.015768,6.86071,
-0.0237034,0.480415,-0.0699913,0.71817,0.00297069,-0.0153893,6.86742,
-0.0244704,0.478401,-0.294486,-0.264311,0.00301955,-0.015768,6.87409,
-0.0233199,0.478401,0.226452,-0.00233421,0.00311725,-0.0154669,6.88073,
