1.10965,0.437834,0.187802,0.638429,0.00318561,-0.00414387,9.53674e-07,
1.10965,0.436684,0.210145,-0.293329,0.00318561,-0.00414387,0.00675607,
1.10888,0.436684,-0.0375512,0.134812,0.00318561,-0.00414387,0.0135651,
1.10888,0.433616,-0.150739,-0.586057,0.00313677,-0.00323597,0.020432,
1.11003,0.436684,0.358427,0.371148,0.00318561,-0.00379986,0.027216,
1.10965,0.437834,0.142322,0.487893,0.00313677,-0.00440031,0.034045,
1.10965,0.433616,0.111189,-0.753043,0.00313677,-0.00323597,0.0409031,
1.10888,0.435437,-0.219062,-0.516464,0.00308793,-0.00402166,0.047755,
1.10965,0.436684,0.140499,-0.124664,0.00313677,-0.00440031,0.0545299,
1.10888,0.435437,-0.259624,-0.328672,0.00308793,-0.00402166,0.0614049,
1.10888,0.440039,-0.0865223,0.965173,0.00318561,-0.00446142,0.068305,
1.10965,0.436684,0.059406,-0.220926,0.00308793,-0.0043392,0.0750201,
1.10965,0.436684,0.14716,0.303636,0.00318561,-0.00379986,0.0818939,
1.10965,0.437834,0.146327,0.549378,0.00313677,-0.00408276,0.0886669,
1.10927,0.435437,-0.0985623,-0.530869,0.00308793,-0.0043392,0.095484,
1.10965,0.436684,0.121396,-0.0960052,0.00313677,-0.00408276,0.102353,
1.10965,0.433616,0.193117,-1.2343,0.00318561,-0.00446142,0.109187,
1.1085,0.436684,-0.329192,-0.000680417,0.00313677,-0.00373875,0.116,
1.10888,0.435437,-0.116548,0.275641,0.00318561,-0.00329708,0.122772,
1.10927,0.432369,0.128779,-1.41467,0.00318561,-0.00414387,0.129596,
1.11003,0.436684,0.275796,0.539013,0.00313677,-0.00408276,0.136483,
1.10965,0.436684,0.159804,-0.243457,0.00313677,-0.00440031,0.143344,
1.10888,0.433616,-0.188277,-0.834068,0.00313677,-0.00373875,0.150155,
1.10888,0.435437,-0.197975,-0.264597,0.00313677,-0.00408276,0.156978,
1.10888,0.435437,0.0127502,-0.125245,0.00318561,-0.00379986,0.163804,
1.10965,0.436684,0.233431,-0.0968485,0.00318561,-0.00414387,0.17059,
1.10965,0.436684,0.127371,0.140001,0.00313677,-0.00408276,0.177484,
1.10927,0.432369,0.0740025,-1.08008,0.00318561,-0.00414387,0.184313,
1.10927,0.437834,0.0213052,0.446783,0.00318561,-0.00414387,0.19105,
1.10927,0.436684,0.0624601,0.105004,0.00313677,-0.00373875,0.197951,
1.10927,0.435437,-0.0427124,-0.371931,0.00313677,-0.00408276,0.204754,
1.10927,0.436684,0.0238965,0.379634,0.00313677,-0.00373875,0.21158,
1.10927,0.435437,-0.111891,-0.492646,0.00308793,-0.00402166,0.218369,
1.10965,0.436684,0.12071,0.586096,0.00313677,-0.00373875,0.225246,
1.10927,0.436684,0.0293326,-0.125856,0.00313677,-0.00440031,0.232036,
1.10965,0.436684,0.157868,0.83426,0.00313677,-0.00323597,0.238876,
1.10965,0.437834,0.127433,0.543909,0.00313677,-0.00408276,0.2457,
1.10888,0.433616,-0.119233,-1.00766,0.00313677,-0.00373875,0.252524,
1.10888,0.433616,-0.185335,-0.775486,0.00313677,-0.00373875,0.259346,
1.10965,0.436684,-0.0139772,-0.0193309,0.00303903,-0.00427802,0.266181,
1.10927,0.437834,0.0541915,0.534961,0.00318561,-0.00414387,0.273011,
1.10965,0.435437,0.140197,-0.399121,0.00313677,-0.00408276,0.279838,
1.10965,0.440039,0.243464,1.39891,0.00318561,-0.00414387,0.286658,
1.11003,0.440039,0.317516,1.17896,0.00313677,-0.00408276,0.29347,
1.10965,0.435437,0.134178,-0.638456,0.00308793,-0.0043392,0.300342,
1.10927,0.435437,0.136187,-0.221147,0.00323444,-0.00386096,0.307211,
1.10888,0.436684,-0.214936,-0.00240897,0.00313677,-0.00408276,0.313959,
1.10965,0.437834,0.055259,0.231451,0.00308793,-0.0043392,0.320833,
1.10965,0.436684,0.345461,-0.745824,0.00323444,-0.00513116,0.327655,
1.1085,0.433616,-0.326207,-0.383699,0.00308793,-0.00317486,0.334447,
1.10927,0.437834,-0.0105389,0.464746,0.00313677,-0.00408276,0.34126,
1.10888,0.435437,-0.124643,0.038756,0.00313677,-0.00323597,0.348108,
1.10888,0.435437,-0.190403,-0.112339,0.00308793,-0.00367764,0.354826,
1.10927,0.435437,0.0205034,-0.0838391,0.00313677,-0.00408276,0.361735,
1.10927,0.436684,-0.0787004,-0.129956,0.00308793,-0.0043392,0.368561,
1.10927,0.433616,-0.00245939,-1.10525,0.00313677,-0.00408276,0.375409,
1.10927,0.436684,-0.0286195,-0.107652,0.00313677,-0.00440031,0.382169,
1.10965,0.436684,0.114635,0.238028,0.00313677,-0.00440031,0.389024,
1.10927,0.436684,-0.0317585,0.224985,0.00313677,-0.00408276,0.395893,
1.10927,0.435437,0.0437838,-0.195236,0.00313677,-0.00373875,0.402699,
1.10888,0.437834,-0.124622,0.651562,0.00318561,-0.00379986,0.409512,
1.10927,0.440039,-0.0219473,1.13715,0.00313677,-0.00440031,0.416335,
1.10927,0.436684,0.0260574,0.63355,0.00313677,-0.00373875,0.423164,
1.10927,0.435437,0.036066,-0.294164,0.00313677,-0.00408276,0.430047,
1.10927,0.436684,-0.0795549,0.0188692,0.00308793,-0.00402166,0.436854,
1.10927,0.436684,0.0586843,0.0665851,0.00313677,-0.00408276,0.44362,
1.10888,0.436684,-0.219929,0.140435,-0.141357,0.176708,0.453848,
1.1062,0.440039,-0.58967,1.11523,-0.141015,0.175963,0.457296,
1.09124,0.440039,-3.23942,0.439307,-0.139793,0.174435,0.464061,
1.06555,0.408305,-4.93041,-3.88631,-0.136911,0.178026,0.470972,
1.0249,0.353847,-6.14579,-6.7221,-0.131488,0.187542,0.477783,
0.97619,0.274367,-6.65757,-13.8185,-0.125284,0.196318,0.484582,
0.922117,0.210802,-7.38706,-15.3757,-0.118591,0.202524,0.491421,
0.862675,0.0289265,-8.96195,-33.9074,-0.111702,0.237727,0.498216,
0.807067,0.114831,-8.33756,-11.0882,-0.104228,0.204241,0.505101,
0.750692,0.0190513,-7.63033,-17.6936,-0.0967043,0.229996,0.511916,
0.687798,0.338795,-9.31923,-2.85929,-0.0894252,0.131128,0.51879,
0.625287,0.266793,-9.12345,-11.6436,-0.0811689,0.144905,0.5255,
0.559985,0.211473,-9.39496,-16.7593,-0.0728989,0.145566,0.532394,
0.495173,0.133239,-9.47029,-13.4489,-0.0647893,0.157224,0.539195,
0.434196,0.0880814,-8.91558,-7.93068,-0.0569238,0.16498,0.545985,
0.37322,0.0596065,-8.38072,-6.54526,-0.0489118,0.16173,0.552867,
0.319913,0.0596065,-7.64351,-1.16777,-0.0420235,0.15499,0.559641,
0.270058,0.0657425,-7.33035,2.02379,-0.0356725,0.148102,0.566533,
0.218669,0.0764805,-7.72153,-0.0814523,-0.0292238,0.134556,0.573323,
0.163445,0.0902866,-8.48846,3.00656,-0.022482,0.126121,0.580135,
0.11359,0.0834794,-7.9192,-2.36705,-0.0160334,0.115512,0.587011,
0.0691037,0.0834794,-6.96411,-0.158077,-0.0101221,0.110656,0.593797,
0.0303702,0.0918206,-5.02947,1.95273,-0.00455276,0.10157,0.600765,
-0.00491189,0.133239,-5.38639,7.47928,-0.00054677,0.0868199,0.607451,
-0.0279219,0.169384,-3.67248,7.5434,0.00292184,0.0706248,0.614279,
-0.040194,0.220773,-1.40533,-8.00458,0.00492484,0.0393276,0.621088,
-0.0482474,0.366407,-0.738329,24.3576,0.00609732,0.0285458,0.627945,
-0.0444125,0.139375,0.709741,-0.610867,0.0058042,0.0917607,0.634779,
-0.0371259,0.0657425,0.916201,-6.46694,0.00487598,0.102898,0.641605,
-0.0313734,0.218472,0.635074,21.7837,0.00404547,0.0653819,0.648464,
-0.0309899,0.286639,0.195956,13.5749,0.00404547,0.0456939,0.655275,
-0.033291,0.375611,-0.292102,10.6223,0.00419203,0.0123796,0.662096,
-0.0336745,0.460844,-0.00352591,9.64049,0.00433859,-0.0105614,0.668965,
-0.0317569,0.525943,0.326159,7.40957,0.00409432,-0.0248365,0.675753,
-0.0283055,0.573497,0.432615,4.64706,0.00365464,-0.0411429,0.682621,
-0.0252374,0.577428,0.032673,-0.184135,0.0030684,-0.0432674,0.689408,
-0.0202519,0.56669,0.961674,-0.0813158,0.00282413,-0.0376428,0.696209,
-0.0168004,0.494496,0.391319,-13.5109,0.00218903,-0.0257604,0.703049,
-0.0144994,0.433903,0.369226,-8.15687,0.00194477,-0.0043643,0.709877,
-0.0156499,0.365736,-0.32476,-9.26606,0.00194477,0.0136036,0.716715,
-0.0164169,0.310512,-0.196095,-4.4828,0.00204247,0.0344396,0.723504,
-0.0191014,0.338795,-0.53276,1.83067,0.00228674,0.0260894,0.730486,
-0.0210189,0.317319,-0.528043,-8.63576,0.00257986,0.0219385,0.737617,
-0.0214024,0.363339,-0.00765694,9.43835,0.00272642,0.021517,0.744427,
-0.0217859,0.397854,0.0720672,6.99375,0.00282413,0.0095396,0.751263,
-0.0214024,0.433616,0.104096,4.79363,0.00267757,-0.00170876,0.758051,
-0.0206354,0.452311,-0.00538106,0.813662,0.00262872,-0.00691365,0.764916,
-0.0187179,0.476855,0.321844,1.94992,0.00248216,-0.0133194,0.771711,
-0.0191014,0.479252,-0.0166063,-0.314659,0.0024333,-0.0153753,0.778519,
-0.0194849,0.473787,-0.0722854,-0.835121,0.0024333,-0.0134435,0.785335,
-0.0179509,0.479923,0.104474,-0.490709,0.00223788,-0.015316,0.792142,
-0.0160334,0.470719,0.144987,-1.02981,0.00204247,-0.0125311,0.798987,
-0.0152664,0.47465,0.0662414,0.0849857,0.00199362,-0.0131315,0.805776,
-0.0152664,0.476855,0.171099,0.973374,0.00204247,-0.0131927,0.812571,
-0.0164169,0.4735,-0.0914576,0.327608,0.00209132,-0.0125922,0.819395,
-0.0160334,0.4735,-0.00292308,-0.0408395,0.00204247,-0.0128751,0.826228,
-0.0156499,0.4735,0.168978,-0.15035,0.00209132,-0.0132538,0.833107,
-0.0156499,0.472253,0.143285,-0.550777,0.00209132,-0.0132538,0.839905,
-0.0156499,0.472253,0.128851,-0.823534,0.00204247,-0.0131927,0.846684,
-0.0164169,0.476855,-0.119839,0.837016,0.00204247,-0.0131927,0.85374,
-0.0164169,0.470719,-0.159305,-1.41953,0.00204247,-0.0131927,0.860701,
-0.0164169,0.476855,-0.288663,0.846287,0.00194477,-0.0130704,0.867449,
-0.0160334,0.4735,-0.0450156,-0.421112,0.00204247,-0.0131927,0.874315,
-0.0160334,0.47465,-0.0364465,0.164385,0.00204247,-0.0131927,0.881205,
-0.0160334,0.4735,-0.136225,-0.223973,0.00194477,-0.0130704,0.88804,
-0.0160334,0.476855,-0.0562019,0.682102,0.00199362,-0.0131315,0.894813,
-0.0164169,0.472253,0.0294918,-0.660202,0.00218903,-0.013376,0.901721,
-0.0160334,0.47465,-0.0677051,0.240951,0.00199362,-0.012814,0.908562,
-0.0156499,0.4735,0.164188,-0.0417771,0.00209132,-0.0129362,0.915345,
-0.0164169,0.4735,-0.0644537,-0.14712,0.00209132,-0.0125922,0.922184,
-0.0160334,0.472253,-0.0464704,-0.498414,0.00204247,-0.0128751,0.929032,
-0.0160334,0.476855,-0.170233,1.03793,0.00194477,-0.0130704,0.935859,
-0.0160334,0.4735,-0.120261,0.249463,0.00199362,-0.01247,0.942709,
-0.0160334,0.4735,0.0142648,0.27043,0.00204247,-0.0125311,0.949513,
-0.0156499,0.4735,0.0437431,0.327664,0.00199362,-0.01247,0.956374,
-0.0156499,0.472253,0.260886,-0.552845,0.00214018,-0.0129974,0.963188,
-0.0156499,0.4735,0.187479,-0.247922,0.00209132,-0.0132538,0.970023,
-0.0160334,0.47465,0.0143805,0.446075,0.00204247,-0.0128751,0.976847,
-0.0156499,0.47465,0.132938,0.914774,0.00204247,-0.0125311,0.983724,
-0.0160334,0.47465,0.174309,0.0285867,0.00214018,-0.0133149,0.99056,
-0.0156499,0.47465,0.102489,-0.149005,0.00204247,-0.0131927,0.997364,
-0.0156499,0.47465,-0.0053878,0.494224,0.00199362,-0.012814,1.00418,
-0.0156499,0.472253,0.121474,-0.694589,0.00204247,-0.0131927,1.011,
-0.0156499,0.4735,0.127449,0.473153,0.00204247,-0.0125311,1.01787,
-0.0164169,0.4735,-0.109339,-0.144536,0.00204247,-0.0128751,1.02466,
-0.0156499,0.472253,0.252864,-0.233965,0.00209132,-0.0125922,1.03144,
-0.0160334,0.4735,-0.143016,-0.374666,0.00199362,-0.0131315,1.03829,
-0.0156499,0.4735,0.226349,-0.611954,0.00209132,-0.0138624,1.04509,
-0.0160334,0.476855,0.123465,1.29154,0.00214018,-0.0126534,1.05194,
-0.0160334,0.4735,0.0925773,0.277883,0.00204247,-0.0128751,1.05873,
-0.0160334,0.472253,-0.0605978,-0.345202,0.00199362,-0.01247,1.06552,
-0.0160334,0.47465,-0.0104121,0.154849,0.00204247,-0.0131927,1.07238,
-0.0160334,0.4735,0.0658362,-0.257908,0.00209132,-0.0129362,1.07922,
-0.0156499,0.4735,0.12773,-0.357086,0.00204247,-0.0131927,1.08602,
-0.0164169,0.4735,-0.00691427,0.186506,0.00214018,-0.0126534,1.09285,
-0.0168004,0.4735,-0.289563,-0.542994,0.00199362,-0.0131315,1.09968,
-0.0168004,0.47465,-0.274073,0.381427,0.00204247,-0.0128751,1.10648,
-0.0168004,0.4735,-0.327903,-0.168745,0.00204247,-0.0131927,1.11332,
-0.0168004,0.472253,-0.265428,-0.569187,0.00209132,-0.0129362,1.12013,
-0.0160334,0.4735,0.00595877,-0.506062,0.00199362,-0.0131315,1.12693,
-0.0160334,0.4735,-0.00834559,0.135175,0.00204247,-0.0125311,1.13377,
-0.0160334,0.47465,-0.116295,-0.0195919,0.00199362,-0.0131315,1.14061,
-0.0164169,0.4735,-0.0742337,-0.266736,0.00209132,-0.0132538,1.14737,
-0.0156499,0.47465,0.130217,0.292288,0.00199362,-0.0131315,1.15422,
-0.0164169,0.472253,-0.286971,-0.660869,0.00194477,-0.0127529,1.16107,
-0.0160334,0.4735,0.0518559,0.213768,0.00204247,-0.0125311,1.16791,
-0.0156499,0.4735,0.117211,-0.2711,0.00204247,-0.0128751,1.17467,
-0.0156499,0.470719,0.197023,-0.91095,0.00209132,-0.0125922,1.1815,
-0.0160334,0.472253,-0.0276956,-2.14305,0.00204247,-0.0144629,1.18832,
-0.0156499,0.4735,0.176196,-0.00551539,0.00199362,-0.012814,1.19515,
-0.0156499,0.47465,0.2698,-0.272684,0.00209132,-0.0138624,1.202,
-0.0160334,0.4735,-0.106775,-0.406905,0.00199362,-0.0131315,1.20877,
-0.0156499,0.4735,0.154083,-0.404935,0.00204247,-0.0131927,1.21556,
-0.0164169,0.4735,-0.102118,-0.449684,0.00209132,-0.0129362,1.2224,
-0.0164169,0.47465,-0.207998,0.326125,0.00199362,-0.012814,1.22929,
-0.0160334,0.4735,-0.0680664,-0.41127,0.00199362,-0.0131315,1.23606,
-0.0168004,0.4735,-0.239994,-0.762601,0.00209132,-0.0138624,1.24291,
-0.0156499,0.47465,0.142787,0.745903,0.00204247,-0.0125311,1.24968,
-0.0164169,0.47465,-0.141615,0.699231,0.00199362,-0.01247,1.25654,
-0.0160334,0.4735,-0.101576,-0.137979,0.00199362,-0.012814,1.26336,
-0.0160334,0.4735,-0.00317427,-0.0801733,0.00204247,-0.0131927,1.27015,
-0.0164169,0.470719,-0.126056,-1.11979,0.00204247,-0.0131927,1.27703,
-0.0160334,0.4735,-0.00391331,-0.15073,0.00204247,-0.0131927,1.28385,
-0.0160334,0.472253,0.197326,-0.641021,0.00214018,-0.0129974,1.29069,
-0.0164169,0.47465,-0.123696,0.114623,0.00204247,-0.0131927,1.29753,
-0.0156499,0.472253,0.207322,-0.770089,0.00209132,-0.0132538,1.30434,
-0.0160334,0.472253,0.0321544,-0.673471,0.00204247,-0.0131927,1.31118,
-0.0156499,0.47465,0.130411,0.565916,0.00204247,-0.0125311,1.31794,
-0.0160334,0.47465,0.12765,-0.136967,0.00209132,-0.0138624,1.32483,
-0.0156499,0.47465,0.118988,0.211838,0.00204247,-0.0128751,1.33163,
-0.0152664,0.4735,0.0564474,-0.045124,0.00194477,-0.0127529,1.33846,
-0.0160334,0.472253,-0.0166609,-0.177162,0.00209132,-0.0125922,1.34527,
-0.0168004,0.47465,-0.329686,0.266092,0.00199362,-0.012814,1.35209,
-0.0164169,0.476855,-0.173422,0.687834,0.00199362,-0.0137402,1.3589,
-0.0164169,0.4735,-0.163668,0.0615564,0.00199362,-0.012814,1.36566,
-0.0156499,0.4735,0.17996,-0.340365,0.00204247,-0.0131927,1.37258,
-0.0160334,0.4735,0.0132499,-0.328811,0.00204247,-0.0131927,1.37941,
-0.0164169,0.4735,-0.202005,-0.56032,0.00199362,-0.0131315,1.38622,
-0.0164169,0.472253,-0.202477,-0.740505,0.00199362,-0.0131315,1.39304,
-0.0156499,0.476855,0.261686,0.256153,0.00209132,-0.014524,1.39987,
-0.0164169,0.472253,-0.355198,-0.46268,0.00194477,-0.0127529,1.40668,
-0.0164169,0.4735,-0.135764,0.100651,0.00204247,-0.0128751,1.41344,
-0.0164169,0.4735,-0.0949118,-0.346239,0.00204247,-0.0131927,1.42039,
-0.0160334,0.4735,-0.0283919,-0.188097,0.00199362,-0.012814,1.4272,
-0.0160334,0.47465,-0.103186,0.099946,0.00204247,-0.0131927,1.43402,
-0.0156499,0.47465,-0.031174,0.216334,0.00194477,-0.0127529,1.44086,
-0.0164169,0.47465,-0.247643,0.28219,0.00194477,-0.0130704,1.44766,
-0.0164169,0.472253,-0.0342909,-0.847674,0.00209132,-0.0132538,1.45445,
-0.0152664,0.4735,0.33947,-0.0514984,0.00204247,-0.0128751,1.46128,
-0.0164169,0.4735,-0.060716,-0.332392,0.00209132,-0.0132538,1.46814,
-0.0156499,0.4735,0.131246,-0.382374,0.00204247,-0.0131927,1.47491,
-0.0160334,0.47465,-0.202514,0.456931,0.00189591,-0.0126917,1.4818,
-0.0156499,0.47465,0.151965,0.332974,0.00204247,-0.0128751,1.48863,
-0.0156499,0.4735,0.0453004,-0.198173,0.00194477,-0.0127529,1.49543,
-0.0160334,0.47465,-0.0605768,0.615873,0.00204247,-0.0125311,1.50225,
-0.0160334,0.4735,-0.00189303,-0.0337049,0.00204247,-0.0128751,1.50908,
-0.0156499,0.4735,0.0734104,-0.132694,0.00204247,-0.0128751,1.51584,
-0.0164169,0.47465,-0.213918,0.365592,0.00199362,-0.012814,1.52271,
-0.0168004,0.47465,-0.333013,0.235066,0.00204247,-0.0131927,1.52957,
-0.0160334,0.47465,0.0249712,-0.456737,0.00204247,-0.0138013,1.53636,
-0.0160334,0.47465,0.0966091,0.170899,0.00209132,-0.0132538,1.54317,
-0.0160334,0.47465,0.0301697,0.281517,0.00204247,-0.0131927,1.55002,
-0.0156499,0.4735,0.125131,-0.307249,0.00204247,-0.0131927,1.55678,
-0.0164169,0.4735,-0.075404,0.05437,0.00209132,-0.0125922,1.56367,
-0.0152664,0.472253,0.376529,-1.12484,0.00209132,-0.0138624,1.57045,
-0.0152664,0.476855,0.324648,0.766442,0.00209132,-0.0138624,1.57733,
-0.0164169,0.47465,-0.060314,0.66287,0.00204247,-0.0128751,1.58416,
-0.0164169,0.47465,-0.125157,0.242975,0.00199362,-0.0131315,1.59088,
-0.0156499,0.4735,0.0136353,-0.134388,0.00199362,-0.0131315,1.59775,
-0.0160334,0.472253,0.0520792,-0.742647,0.00209132,-0.0132538,1.60453,
-0.0160334,0.4735,0.0188793,-0.205932,0.00204247,-0.0131927,1.6114,
-0.0156499,0.4735,0.200965,-0.135375,0.00204247,-0.0128751,1.61821,
-0.0164169,0.476855,-0.228286,0.854283,0.00199362,-0.012814,1.62505,
-0.0156499,0.47465,0.142313,0.0083867,0.00204247,-0.0131927,1.63184,
-0.0164169,0.4735,-0.234872,-0.900371,0.00199362,-0.0137402,1.63862,
-0.0160334,0.47465,0.105905,-0.0529371,0.00209132,-0.0132538,1.6454,
-0.0164169,0.4735,-0.216507,-0.212441,0.00199362,-0.0131315,1.65231,
-0.0156499,0.4735,0.160656,-0.163327,0.00204247,-0.0128751,1.65908,
-0.0160334,0.4735,-0.0546383,-0.371064,0.00199362,-0.0131315,1.66591,
-0.0160334,0.472253,0.00705904,-0.109225,0.00204247,-0.0125311,1.67267,
-0.0168004,0.4735,-0.302274,-0.103617,0.00204247,-0.0128751,1.67953,
-0.0164169,0.47465,-0.13231,0.20841,0.00204247,-0.0131927,1.68637,
-0.0168004,0.4735,-0.118344,-0.686452,0.00209132,-0.0138624,1.69314,
-0.0160334,0.47465,-0.0496102,0.433559,0.00199362,-0.012814,1.7,
-0.0160334,0.47465,0.0676527,0.346,0.00214018,-0.0133149,1.70678,
-0.0156499,0.47465,0.221916,0.122044,0.00209132,-0.0129362,1.71362,
-0.0160334,0.47465,0.0692607,-0.975647,0.00209132,-0.014524,1.72043,
-0.0164169,0.47465,-0.066202,0.18282,0.00204247,-0.0131927,1.72731,
-0.0156499,0.47465,0.269183,0.0639205,0.00214018,-0.0133149,1.73415,
-0.0156499,0.4735,-0.100456,0.376914,0.00189591,-0.0123477,1.74091,
-0.0156499,0.47465,0.0851624,0.321395,0.00199362,-0.012814,1.74788,
-0.0160334,0.476855,-0.059784,1.04195,0.00204247,-0.0131927,1.75453,
-0.0164169,0.476855,-0.179014,1.05868,0.00199362,-0.012814,1.7614,
-0.0160334,0.47465,-0.08405,0.631263,0.00204247,-0.0125311,1.76821,
-0.0160334,0.4735,-0.0364518,0.371926,0.00204247,-0.0125311,1.77502,
-0.0164169,0.47465,-0.25945,0.0857623,0.00199362,-0.0131315,1.78188,
-0.0160334,0.472253,0.0365445,-0.415697,0.00204247,-0.0128751,1.7887,
-0.0156499,0.47465,0.142237,0.0422473,0.00204247,-0.0131927,1.79555,
-0.0156499,0.472253,0.179946,-0.613737,0.00204247,-0.0128751,1.80237,
-0.0160334,0.47465,-0.0857915,0.285906,0.00199362,-0.012814,1.80922,
-0.0156499,0.476855,0.155986,1.04536,0.00204247,-0.0131927,1.81609,
-0.0152664,0.472253,0.405908,-0.556582,0.00214018,-0.0129974,1.82285,
-0.0156499,0.470719,0.0835658,-1.48741,0.00199362,-0.012814,1.82971,
-0.0160334,0.47465,-0.0508512,-0.0064849,0.00199362,-0.0131315,1.83653,
-0.0164169,0.470719,-0.136059,-1.29736,0.00199362,-0.0131315,1.84341,
-0.0156499,0.4735,0.0912787,0.281727,0.00204247,-0.0125311,1.85017,
-0.0156499,0.47465,0.0549032,0.318359,0.00199362,-0.01247,1.85698,
-0.0156499,0.47465,0.212854,0.495242,0.00204247,-0.0128751,1.8638,
-0.0156499,0.47465,-0.0360219,0.287428,0.00194477,-0.0130704,1.8706,
-0.0160334,0.4735,-0.0886428,-0.567,0.00199362,-0.0131315,1.87745,
-0.0160334,0.47465,-0.00277009,0.0116708,0.00204247,-0.0131927,1.8843,
-0.0164169,0.476855,-0.208345,0.961531,0.00199362,-0.0131315,1.89109,
-0.0160334,0.47465,0.0810563,0.415835,0.00209132,-0.0129362,1.89793,
-0.0164169,0.4735,-0.125856,-0.257225,0.00199362,-0.0131315,1.90473,
-0.0160334,0.47465,0.013392,0.328455,0.00204247,-0.0128751,1.91167,
-0.0160334,0.47465,0.0981482,0.0466153,0.00214018,-0.0133149,1.91842,
-0.0160334,0.472253,-0.112156,-0.83146,0.00199362,-0.0131315,1.92523,
-0.0164169,0.4735,-0.125658,0.0954659,0.00204247,-0.0125311,1.93207,
-0.0164169,0.472253,-0.0831846,-1.13056,0.00209132,-0.0132538,1.93898,
-0.0156499,0.47465,0.255068,0.149599,0.00209132,-0.0132538,1.9458,
-0.0152664,0.472253,0.303492,-0.748205,0.00204247,-0.0128751,1.95258,
-0.0156499,0.476855,0.105618,1.48199,0.00199362,-0.012814,1.95948,
-0.0168004,0.47465,-0.260647,0.42481,0.00209132,-0.0129362,1.96627,
-0.0156499,0.4735,0.157028,-0.0387938,0.00204247,-0.0128751,1.97305,
-0.0160334,0.4735,-0.0127297,0.0244897,0.00204247,-0.0131927,1.97994,
-0.0164169,0.47465,-0.128088,0.246056,0.00209132,-0.0129362,1.98678,
-0.0160334,0.47465,0.115251,0.318329,0.00214018,-0.0129974,1.9936,
-0.0160334,0.472253,-0.102677,-0.493228,0.00199362,-0.01247,2.00053,
-0.0160334,0.472253,0.0325094,-0.684522,0.00204247,-0.0131927,2.00728,
-0.0160334,0.47465,-0.102153,-0.35697,0.00199362,-0.0137402,2.01408,
-0.0156499,0.472253,0.119084,-0.650958,0.00204247,-0.0131927,2.02095,
-0.0164169,0.476855,-0.0832962,1.5608,0.00209132,-0.0125922,2.02788,
-0.0156499,0.472253,0.307021,-0.640112,0.00214018,-0.0133149,2.03465,
-0.0156499,0.4735,0.194099,-0.3617,0.00209132,-0.0132538,2.0414,
-0.0160334,0.4735,-0.0505106,0.252012,0.00199362,-0.01247,2.04827,
-0.0160334,0.472253,0.0671247,-0.650804,0.00209132,-0.0132538,2.05505,
-0.0160334,0.47465,-0.0258357,-0.100987,0.00204247,-0.0131927,2.06201,
-0.0164169,0.4735,-0.0449256,-0.188738,0.00209132,-0.0129362,2.06875,
-0.0168004,0.47465,-0.325758,0.954017,0.00204247,-0.0125311,2.07561,
-0.0160334,0.4735,-0.0373714,-0.251152,0.00204247,-0.0131927,2.08239,
-0.0164169,0.472253,-0.258979,-0.229263,0.00199362,-0.012814,2.0893,
-0.0168004,0.4735,-0.405668,-0.922542,0.00194477,-0.0143406,2.09605,
-0.0160334,0.47465,0.0123301,0.212202,0.00209132,-0.0132538,2.10286,
-0.0160334,0.472253,-0.0260828,-0.581288,0.00204247,-0.0131927,2.1097,
-0.0164169,0.47465,-0.0882015,0.308735,0.00209132,-0.0129362,2.11654,
-0.0168004,0.476855,-0.329967,1.28645,0.00204247,-0.0125311,2.12332,
-0.0164169,0.4735,-0.303409,-0.409169,0.00194477,-0.0130704,2.13007,
-0.0160334,0.476855,-0.000663091,1.12851,0.00204247,-0.0128751,2.13696,
-0.0164169,0.472253,-0.106691,-0.537538,0.00209132,-0.0132538,2.14379,
-0.0160334,0.4735,0.0818052,0.307336,0.00209132,-0.0125922,2.15065,
-0.0160334,0.47465,0.0198841,0.0897245,0.00204247,-0.0131927,2.15747,
-0.0160334,0.47465,-0.0438226,0.322359,0.00204247,-0.0128751,2.16429,
-0.0160334,0.4735,-0.0386467,-0.414159,0.00199362,-0.0131315,2.17108,
-0.0168004,0.4735,-0.289579,-0.230287,0.00204247,-0.0125311,2.1779,
-0.0160334,0.4735,-0.0544295,0.277605,0.00204247,-0.0125311,2.18481,
-0.0156499,0.4735,0.190814,0.00867516,0.00209132,-0.0129362,2.19167,
-0.0160334,0.4735,-0.0738523,-1.00429,0.00204247,-0.0144629,2.1985,
-0.0152664,0.47465,0.227128,-0.00488921,0.00199362,-0.0131315,2.20532,
-0.0156499,0.4735,0.176598,-0.383556,0.00204247,-0.0131927,2.21216,
-0.0160334,0.4735,0.0829823,0.0754374,0.00209132,-0.0129362,2.21892,
-0.0156499,0.4735,0.188139,0.472621,0.00204247,-0.0128751,2.22575,
-0.0152664,0.472253,0.298504,-0.918501,0.00204247,-0.0131927,2.23262,
-0.0156499,0.476855,-0.0361856,1.02911,0.00194477,-0.0124089,2.23944,
-0.0156499,0.4735,0.0261455,-0.0452302,0.00199362,-0.012814,2.24628,
-0.0168004,0.4735,-0.247292,-0.0283891,0.00204247,-0.0128751,2.2531,
-0.0152664,0.47465,0.30549,0.258298,0.00204247,-0.0128751,2.25991,
-0.0164169,0.470719,-0.2025,-0.864851,0.00204247,-0.0125311,2.26677,
-0.0160334,0.472253,0.133991,-0.311446,0.00204247,-0.0128751,2.27358,
-0.0160334,0.4735,0.0222092,-0.341949,0.00204247,-0.0128751,2.28046,
-0.0164169,0.4735,-0.17525,-0.678983,0.00204247,-0.0138013,2.28729,
-0.0152664,0.4735,0.159663,-0.7237,0.00194477,-0.013679,2.29408,
-0.0164169,0.476855,-0.187097,0.927196,0.00199362,-0.012814,2.30092,
-0.0164169,0.4735,-0.233848,-0.0746776,0.00199362,-0.012814,2.30774,
-0.0160334,0.472253,0.0472905,-0.227147,0.00209132,-0.0125922,2.31452,
-0.0164169,0.4735,-0.20716,-0.206963,0.00204247,-0.0131927,2.32136,
-0.0164169,0.472253,0.0105393,-0.422182,0.00214018,-0.0126534,2.32819,
-0.0164169,0.472253,-0.0340235,-0.467621,0.00209132,-0.0129362,2.33498,
-0.0160334,0.472253,-0.0276814,-1.82724,0.00204247,-0.0144629,2.34184,
-0.0160334,0.4735,-0.00882003,-0.0281861,0.00199362,-0.012814,2.34867,
-0.0160334,0.47465,0.0338743,0.578142,0.00204247,-0.0125311,2.35548,
-0.0160334,0.4735,0.051224,-0.789453,0.00209132,-0.0138624,2.36232,
-0.0160334,0.4735,0.00160075,-0.15544,0.00204247,-0.0128751,2.36909,
-0.0156499,0.47465,0.282452,0.297808,0.00209132,-0.0132538,2.37595,
-0.0164169,0.4735,-0.191903,-0.128358,0.00204247,-0.0125311,2.38275,
-0.0160334,0.4735,0.0846932,-0.467799,0.00209132,-0.0132538,2.38968,
-0.0164169,0.4735,-0.253923,-0.196878,0.00199362,-0.012814,2.39648,
-0.0164169,0.4735,0.0205504,-0.788702,0.00214018,-0.0139235,2.40332,
-0.0160334,0.47465,-0.0522814,0.134128,0.00204247,-0.0131927,2.41006,
-0.0152664,0.4735,0.307001,-0.507781,0.00204247,-0.0128751,2.41689,
-0.0156499,0.476855,0.13155,0.416178,0.00204247,-0.0138013,2.42374,
-0.0160334,0.4735,-0.0767809,-0.694804,0.00199362,-0.0137402,2.43056,
-0.0156499,0.47465,0.191761,0.445128,0.00209132,-0.0125922,2.4374,
-0.0160334,0.47465,-0.0363438,-0.581156,0.00199362,-0.0137402,2.44423,
-0.0160334,0.476855,0.0952725,0.954862,0.00209132,-0.0129362,2.45101,
-0.0156499,0.47465,0.144593,-0.158765,0.00204247,-0.0138013,2.45792,
-0.0160334,0.472253,0.0132003,-0.822977,0.00199362,-0.012814,2.46463,
-0.0164169,0.47465,-0.174633,-0.447116,0.00199362,-0.0137402,2.47152,
-0.0156499,0.4735,0.267973,-0.171281,0.00209132,-0.0129362,2.47832,
-0.0156499,0.47465,0.113913,0.611129,0.00199362,-0.012814,2.48517,
-0.0164169,0.476855,-0.250566,0.989403,0.00199362,-0.0131315,2.49202,
-0.0171839,0.47465,-0.352413,0.0867437,0.00209132,-0.0132538,2.49876,
-0.0160334,0.4735,0.0328586,-0.339431,0.00204247,-0.0131927,2.50562,
-0.0156499,0.476855,-0.0175875,1.37311,0.00199362,-0.01247,2.51243,
-0.0156499,0.47465,0.212627,0.26194,0.00209132,-0.0132538,2.51925,
-0.0160334,0.47465,0.0685232,0.275708,0.00204247,-0.0128751,2.52604,
-0.0160334,0.4735,-0.112583,-0.336106,0.00199362,-0.0131315,2.53286,
-0.0160334,0.47465,-0.0398792,0.386714,0.00199362,-0.012814,2.5397,
-0.0160334,0.476855,0.0675088,0.842564,0.00209132,-0.0129362,2.54648,
-0.0152664,0.4735,0.179045,0.151682,0.00199362,-0.01247,2.55334,
-0.0156499,0.47465,0.184121,0.0328536,0.00209132,-0.0132538,2.56015,
-0.0164169,0.4735,-0.141306,-0.0253904,0.00204247,-0.0128751,2.56694,
-0.0160334,0.4735,0.00441563,-0.108934,0.00204247,-0.0128751,2.5738,
-0.0160334,0.476855,-0.14823,1.25964,0.00194477,-0.0127529,2.58065,
-0.0168004,0.4735,-0.155723,-0.21566,0.00214018,-0.0133149,2.58749,
-0.0160334,0.47465,-0.0755954,0.285568,0.00199362,-0.012814,2.5943,
-0.0156499,0.4735,0.206446,-0.680042,0.00204247,-0.0138013,2.60115,
-0.0164169,0.47465,-0.142316,0.548262,0.00204247,-0.0125311,2.608,
-0.0156499,0.47465,0.251848,0.0488928,0.00209132,-0.0129362,2.61477,
-0.0160334,0.4735,0.0537725,-0.343231,0.00209132,-0.0132538,2.62165,
-0.0156499,0.47465,0.141483,-0.0605031,0.00204247,-0.0131927,2.62846,
-0.0164169,0.4735,-0.0578295,-0.0721143,0.00209132,-0.0129362,2.63522,
-0.0156499,0.47465,0.140119,0.238757,0.00204247,-0.0131927,2.64204,
-0.0164169,0.47465,-0.031242,0.0345781,0.00209132,-0.0132538,2.64887,
-0.0152664,0.47465,0.228654,0.00108057,0.00199362,-0.0131315,2.65569,
-0.0156499,0.476855,0.0881355,1.05477,0.00204247,-0.0128751,2.66253,
-0.0160334,0.4735,-0.151171,-0.304231,0.00194477,-0.0130704,2.66936,
-0.0160334,0.47465,-0.0492497,-0.0797933,0.00204247,-0.0131927,2.67619,
-0.0164169,0.47465,-0.161732,0.21618,0.00204247,-0.0128751,2.68295,
-0.0160334,0.47465,-0.0309124,0.435515,0.00199362,-0.012814,2.68978,
-0.0156499,0.4735,0.254853,0.192224,0.00209132,-0.0125922,2.69664,
-0.0164169,0.4735,-0.231691,-0.229406,0.00199362,-0.012814,2.70347,
-0.0156499,0.472253,0.0369625,-0.603148,0.00199362,-0.012814,2.71034,
-0.0160334,0.472253,0.00108995,-0.400925,0.00204247,-0.0125311,2.71716,
-0.0156499,0.4735,0.204618,-0.0140088,0.00209132,-0.0125922,2.72391,
-0.0156499,0.4735,0.201771,0.0356087,0.00209132,-0.0129362,2.73067,
-0.0156499,0.4735,0.0675049,0.17169,0.00199362,-0.012814,2.73741,
-0.0160334,0.4735,-0.0248511,0.212104,0.00204247,-0.0125311,2.74429,
-0.0160334,0.4735,-0.081773,-0.727033,0.00204247,-0.0138013,2.75105,
-0.0164169,0.4735,-0.241654,-0.319413,0.00199362,-0.0131315,2.75792,
-0.0156499,0.476855,0.0718374,0.477155,0.00204247,-0.0138013,2.76471,
-0.0156499,0.4735,0.0371044,-0.238826,0.00199362,-0.0131315,2.77153,
-0.0164169,0.47465,-0.18499,0.482194,0.00199362,-0.012814,2.77832,
-0.0164169,0.476855,-0.0169363,0.739304,0.00214018,-0.0133149,2.7852,
-0.0156499,0.47465,0.124589,-0.769457,0.00204247,-0.0144629,2.79207,
-0.0156499,0.4735,0.030633,-0.130339,0.00199362,-0.012814,2.79885,
-0.0164169,0.47465,-0.141121,-0.379589,0.00209132,-0.0138624,2.80571,
-0.0160334,0.4735,0.00440841,-0.508577,0.00204247,-0.0131927,2.81254,
-0.0160334,0.4735,0.1422,-0.412147,0.00214018,-0.0133149,2.81936,
-0.0160334,0.4735,-0.132142,-0.796147,0.00194477,-0.013679,2.82619,
-0.0164169,0.4735,-0.057066,0.0388354,0.00209132,-0.0125922,2.83307,
-0.0160334,0.4735,0.0172265,-0.232082,0.00204247,-0.0128751,2.83988,
-0.0160334,0.47465,-0.0404008,0.72084,0.00199362,-0.01247,2.84663,
-0.0156499,0.47465,0.122634,-0.16875,0.00204247,-0.0138013,2.85352,
-0.0164169,0.47465,-0.014297,0.371711,0.00209132,-0.0129362,2.86032,
-0.0160334,0.47465,-0.0798645,0.327269,0.00204247,-0.0128751,2.86715,
-0.0168004,0.47465,-0.356692,0.247833,0.00199362,-0.01247,2.87397,
-0.0156499,0.472253,0.144661,-0.52054,0.00199362,-0.012814,2.8808,
-0.0160334,0.472253,0.0373125,-0.49263,0.00209132,-0.0129362,2.88764,
-0.0160334,0.476855,-0.025115,0.959138,0.00204247,-0.0131927,2.89447,
-0.0164169,0.476855,-0.150574,1.15973,0.00204247,-0.0128751,2.90124,
-0.0156499,0.4735,0.219232,-0.713647,0.00214018,-0.0133149,2.90812,
-0.0160334,0.4735,-0.0726774,-0.199024,0.00199362,-0.012814,2.91489,
-0.0160334,0.47465,-0.081841,0.263287,0.00199362,-0.012814,2.92176,
-0.0156499,0.47465,0.00549852,0.732222,0.00199362,-0.01247,2.9286,
-0.0152664,0.470719,0.345205,-1.3189,0.00209132,-0.0132538,2.93543,
-0.0160334,0.4735,-0.0607026,-0.131706,0.00199362,-0.0131315,2.94224,
-0.0160334,0.47465,0.0756015,0.72604,0.00209132,-0.0125922,2.94907,
-0.0164169,0.470719,-0.0859648,-1.16319,0.00209132,-0.0129362,2.95593,
-0.0156499,0.472253,0.0843741,-1.02595,0.00199362,-0.0131315,2.9627,
-0.0164169,0.4735,-0.138387,-0.280636,0.00209132,-0.0129362,2.96955,
-0.0156499,0.4735,0.154053,-0.585989,0.00204247,-0.0131927,2.9764,
-0.0160334,0.472253,-0.0917694,-0.6282,0.00199362,-0.01247,2.98319,
-0.0156499,0.476855,0.0722424,0.698562,0.00204247,-0.0131927,2.99006,
-0.0160334,0.47465,-0.122016,0.210439,0.00199362,-0.012814,2.99689,
-0.0156499,0.47465,0.0368491,0.308507,0.00199362,-0.012814,3.00377,
-0.0156499,0.4735,0.0324002,-0.709946,0.00204247,-0.0138013,3.01056,
-0.0156499,0.47465,-0.00732835,0.326328,0.00199362,-0.012814,3.01743,
-0.0160334,0.4735,-0.0891071,0.14368,0.00199362,-0.01247,3.02422,
-0.0156499,0.4735,0.120998,-0.386416,0.00199362,-0.0131315,3.03099,
-0.0164169,0.4735,-0.0220381,-1.01285,0.00209132,-0.014524,3.0379,
-0.0160334,0.47465,0.0428049,0.100937,0.00209132,-0.0132538,3.0447,
-0.0160334,0.472253,-0.129854,-0.10932,0.00199362,-0.01247,3.05148,
-0.0160334,0.47465,0.0853274,0.423138,0.00209132,-0.0129362,3.05832,
-0.0168004,0.4735,-0.288299,0.167205,0.00204247,-0.0125311,3.06513,
-0.0164169,0.476855,-0.113884,1.18234,0.00204247,-0.0128751,3.07194,
-0.0156499,0.4735,0.146569,-0.359522,0.00204247,-0.0131927,3.07875,
-0.0164169,0.4735,-0.188402,0.363483,0.00204247,-0.0125311,3.08567,
-0.0160334,0.4735,0.0207109,-0.485967,0.00204247,-0.0131927,3.09246,
-0.0160334,0.4735,0.0547173,-0.150709,0.00204247,-0.0128751,3.09929,
-0.0156499,0.4735,0.151584,-0.856404,0.00204247,-0.0138013,3.10603,
-0.0160334,0.472253,0.0313483,-1.13164,0.00204247,-0.0131927,3.11292,
-0.0160334,0.4735,0.0982368,0.0574047,0.00204247,-0.0128751,3.11975,
-0.0160334,0.47465,0.126645,0.0987,0.00209132,-0.0129362,3.12655,
-0.0160334,0.4735,-0.067531,0.377809,0.00199362,-0.01247,3.13345,
-0.0156499,0.4735,0.0849553,-0.580015,0.00204247,-0.0138013,3.14027,
-0.0156499,0.4735,0.135093,-0.00694014,0.00204247,-0.0128751,3.14705,
-0.0160334,0.47465,-0.0965362,0.0518522,0.00194477,-0.0130704,3.15387,
-0.0160334,0.47465,0.0670146,0.159812,0.00204247,-0.0131927,3.16073,
-0.0160334,0.47465,-0.0693223,0.134218,0.00199362,-0.0131315,3.16752,
-0.0168004,0.470719,-0.280668,-0.996223,0.00204247,-0.0128751,3.17442,
-0.0160334,0.47465,0.00889201,0.326705,0.00204247,-0.0128751,3.18124,
-0.0164169,0.4735,-0.085354,-0.106853,0.00209132,-0.0125922,3.18806,
-0.0156499,0.479252,0.109718,2.14305,0.00204247,-0.0128751,3.19493,
-0.0160334,0.47465,-0.0406154,0.174279,0.00199362,-0.012814,3.20174,
-0.0156499,0.4735,0.157373,-0.151239,0.00204247,-0.0128751,3.20857,
-0.0160334,0.4735,0.0772096,-0.0255614,0.00204247,-0.0128751,3.21543,
-0.0164169,0.47465,-0.0848842,0.239539,0.00204247,-0.0131927,3.22228,
-0.0164169,0.4735,-0.118009,-0.305172,0.00204247,-0.0131927,3.22907,
-0.0160334,0.476855,-0.0117964,0.999954,0.00204247,-0.0131927,3.23593,
-0.0164169,0.4735,-0.123788,-0.153329,0.00209132,-0.0129362,3.24274,
-0.0164169,0.476855,-0.187267,1.11782,0.00204247,-0.0131927,3.24956,
-0.0160334,0.4735,0.0900978,-0.607746,0.00209132,-0.0138624,3.25638,
-0.0160334,0.472253,-0.0679401,-0.664108,0.00199362,-0.012814,3.26321,
-0.0164169,0.4735,-0.21494,-0.0945766,0.00199362,-0.012814,3.27003,
-0.0156499,0.472253,0.157717,-0.603144,0.00209132,-0.0132538,3.27686,
-0.0160334,0.4735,-0.173652,-0.281907,0.00194477,-0.0130704,3.28369,
-0.0156499,0.476855,0.176693,0.303231,0.00209132,-0.0138624,3.29055,
-0.0160334,0.47465,-0.0567679,-0.190339,0.00199362,-0.0131315,3.29731,
-0.0160334,0.472253,0.0424286,-0.625248,0.00204247,-0.0128751,3.30417,
-0.0160334,0.47465,0.0906107,-0.266048,0.00209132,-0.0132538,3.31095,
-0.0160334,0.476855,-0.056085,1.27471,0.00199362,-0.01247,3.31781,
-0.0164169,0.47465,-0.0990857,0.434762,0.00209132,-0.0125922,3.32462,
-0.0160334,0.47465,-0.0920485,0.585391,0.00199362,-0.012814,3.33143,
-0.0164169,0.472253,-0.275315,-1.11592,0.00204247,-0.0138013,3.33826,
-0.0160334,0.47465,0.00183918,0.371637,0.00204247,-0.0128751,3.34511,
-0.0164169,0.472253,-0.228593,-1.1708,0.00199362,-0.0137402,3.35193,
-0.0152664,0.476855,0.393449,1.12682,0.00209132,-0.0125922,3.35876,
-0.0156499,0.47465,0.189027,0.447468,0.00209132,-0.0129362,3.36555,
-0.0160334,0.47465,0.106356,0.280035,0.00214018,-0.0133149,3.37241,
-0.0160334,0.476855,-0.245064,0.484308,0.00189591,-0.0130093,3.37921,
-0.0164169,0.4735,-0.0607904,-0.554381,0.00209132,-0.0138624,3.38605,
-0.0160334,0.472253,-0.0925526,-0.555246,0.00199362,-0.012814,3.39289,
-0.0160334,0.47465,0.023911,0.270366,0.00204247,-0.0128751,3.39973,
-0.0152664,0.4735,0.318817,-1.25923,0.00204247,-0.0144629,3.40655,
-0.0160334,0.47465,0.0612774,0.201147,0.00204247,-0.0131927,3.41334,
-0.0160334,0.47465,-0.0242758,-0.257351,0.00204247,-0.0138013,3.42016,
-0.0156499,0.4735,-0.0275659,-0.19167,0.00199362,-0.0131315,3.42702,
-0.0156499,0.4735,0.0971205,-0.323461,0.00204247,-0.0131927,3.43378,
-0.0156499,0.4735,0.0896147,-0.194621,0.00204247,-0.0128751,3.44068,
-0.0160334,0.476855,-0.0148754,0.997245,0.00204247,-0.0131927,3.44747,
-0.0160334,0.47465,0.0172893,0.488578,0.00204247,-0.0128751,3.45432,
-0.0160334,0.47465,0.0813652,0.121898,0.00204247,-0.0131927,3.46116,
-0.0156499,0.47465,0.0827827,0.401899,0.00199362,-0.012814,3.46791,
-0.0164169,0.47465,-0.0771384,-0.0757064,0.00204247,-0.0131927,3.47476,
-0.0160334,0.476855,-0.0885444,1.07507,0.00199362,-0.0131315,3.48164,
-0.0160334,0.4735,0.0162741,-0.271841,0.00204247,-0.0131927,3.48847,
-0.0164169,0.476855,-0.0166997,1.34122,0.00214018,-0.0129974,3.49524,
-0.0160334,0.472253,-0.00951754,-0.359687,0.00204247,-0.0128751,3.50208,
-0.0164169,0.472253,-0.22122,-0.182897,0.00199362,-0.012814,3.50898,
-0.0160334,0.47465,-0.0351784,0.261235,0.00199362,-0.0131315,3.51578,
-0.0160334,0.472253,0.0937316,-0.755717,0.00209132,-0.0132538,3.52263,
-0.0160334,0.470719,-0.0326798,-1.12618,0.00204247,-0.0131927,3.52943,
-0.0152664,0.479252,0.30778,1.56376,0.00204247,-0.0138013,3.53626,
-0.0164169,0.472253,-0.114309,-0.697963,0.00209132,-0.0129362,3.54307,
-0.0164169,0.4735,-0.0997282,-0.283319,0.00209132,-0.0132538,3.54991,
-0.0168004,0.476855,-0.162876,1.17886,0.00209132,-0.0132538,3.55675,
-0.0156499,0.4735,0.0477948,-0.264201,0.00199362,-0.012814,3.56356,
-0.0164169,0.47465,-0.121265,0.56092,0.00204247,-0.0128751,3.57038,
-0.0160334,0.472253,-0.0387133,-0.681731,0.00204247,-0.0131927,3.5772,
-0.0160334,0.47465,0.0255627,0.292842,0.00204247,-0.0128751,3.58407,
-0.0160334,0.47465,-0.0895969,0.140773,0.00204247,-0.0131927,3.59082,
-0.0160334,0.4735,-0.0206464,-0.565593,0.00204247,-0.0138013,3.59765,
-0.0160334,0.47465,0.114205,0.24553,0.00209132,-0.0129362,3.60444,
-0.0164169,0.47465,-0.128805,-0.264699,0.00209132,-0.0138624,3.61132,
-0.0160334,0.472253,0.0579337,-0.00328434,0.00209132,-0.0121688,3.61815,
-0.0156499,0.476855,0.0548932,-0.0158447,0.00199362,-0.0144017,3.62493,
-0.0164169,0.476855,-0.23731,0.66521,0.00204247,-0.0131927,3.63175,
-0.0156499,0.4735,0.192951,0.02968,0.00204247,-0.0128751,3.63856,
-0.0156499,0.476855,0.181362,1.02212,0.00209132,-0.0132538,3.64544,
-0.0156499,0.47465,0.235861,0.0325733,0.00209132,-0.0132538,3.65227,
-0.0156499,0.4735,0.123243,-0.0446048,0.00204247,-0.0128751,3.65904,
-0.0160334,0.4735,-0.0227971,-0.107686,0.00204247,-0.0128751,3.66586,
-0.0160334,0.4735,-0.115926,-0.375548,0.00199362,-0.0131315,3.67274,
-0.0156499,0.47465,0.199172,0.947546,0.00209132,-0.0125922,3.67955,
-0.0164169,0.47465,-0.0112543,0.144726,0.00214018,-0.0133149,3.68641,
-0.0160334,0.47465,0.0182126,0.109723,0.00204247,-0.0131927,3.69323,
-0.0160334,0.4735,-0.0784303,0.0500605,0.00204247,-0.0125311,3.70008,
-0.0160334,0.47465,0.0001643,0.130715,0.00199362,-0.012814,3.70692,
-0.0160334,0.4735,0.0189272,-0.722439,0.00204247,-0.0138013,3.71368,
-0.0164169,0.4735,-0.0405704,-0.0759964,0.00209132,-0.0129362,3.72057,
-0.0168004,0.47465,-0.362599,0.28746,0.00199362,-0.012814,3.72735,
-0.0156499,0.47465,0.00382387,0.00898312,0.00199362,-0.0131315,3.73424,
-0.0160334,0.476855,0.123435,0.991851,0.00209132,-0.0132538,3.74103,
-0.0164169,0.47465,-0.107765,-0.0653096,0.00204247,-0.0131927,3.74794,
-0.0160334,0.4735,0.157028,-0.759299,0.00214018,-0.0139235,3.7547,
-0.0156499,0.4735,0.329811,-0.26767,0.00209132,-0.0132538,3.76149,
-0.0164169,0.476855,-0.167093,1.50296,0.00209132,-0.0125922,3.76831,
-0.0156499,0.47465,0.180904,0.155162,0.00209132,-0.0132538,3.77516,
-0.0156499,0.4735,0.154677,-0.422464,0.00209132,-0.0129362,3.78201,
-0.0160334,0.476855,0.0753549,0.409426,0.00209132,-0.0138624,3.7888,
-0.0164169,0.47465,-0.138948,-1.09427,0.00204247,-0.0144629,3.79565,
-0.0160334,0.476855,0.00257528,0.4709,0.00199362,-0.0137402,3.80244,
-0.0160334,0.476855,-0.082333,0.664128,0.00199362,-0.0131315,3.80933,
-0.0156499,0.47465,0.254096,-0.0298403,0.00214018,-0.0133149,3.81617,
-0.0156499,0.472253,0.236973,-0.509777,0.00209132,-0.0129362,3.82298,
-0.0164169,0.4735,-0.131848,-0.112315,0.00204247,-0.0128751,3.8298,
-0.0164169,0.4735,-0.217328,-0.054619,0.00204247,-0.0128751,3.83663,
-0.0156499,0.4735,0.160782,-0.00170684,0.00204247,-0.0128751,3.84342,
-0.0164169,0.472253,-0.177991,-0.709214,0.00204247,-0.0131927,3.85026,
-0.0164169,0.47465,-0.191114,0.032953,0.00204247,-0.0131927,3.85704,
-0.0160334,0.4735,-0.0434451,-0.317937,0.00199362,-0.0131315,3.86389,
-0.0160334,0.472253,-0.0534391,-0.728272,0.00199362,-0.0131315,3.87067,
-0.0156499,0.476855,0.156795,1.13503,0.00204247,-0.0128751,3.87756,
-0.0164169,0.4735,-0.0413613,-0.255894,0.00204247,-0.0131927,3.88437,
-0.0156499,0.4735,0.334107,0.0685449,0.00218903,-0.0130585,3.89117,
-0.0160334,0.47465,0.0284578,0.0796286,0.00204247,-0.0131927,3.89801,
-0.0160334,0.47465,-0.0601975,-0.457839,0.00204247,-0.0138013,3.9048,
-0.0160334,0.47465,0.0491545,0.171255,0.00209132,-0.0132538,3.91163,
-0.0168004,0.47465,-0.210158,0.375619,0.00209132,-0.0129362,3.91848,
-0.0160334,0.476855,0.0452896,1.06546,0.00204247,-0.0128751,3.92528,
-0.0164169,0.47465,-0.171116,0.212996,0.00199362,-0.012814,3.93218,
-0.0160334,0.47465,-0.0591563,0.297144,0.00204247,-0.0128751,3.939,
-0.0160334,0.4735,-0.0382848,0.0570143,0.00199362,-0.01247,3.94581,
-0.0164169,0.47465,-0.132035,0.193938,0.00204247,-0.0128751,3.95264,
-0.0152664,0.4735,0.296374,-0.31276,0.00204247,-0.0131927,3.95948,
-0.0156499,0.4735,0.114953,-0.379769,0.00204247,-0.0131927,3.9663,
-0.0152664,0.472253,0.314131,-0.537046,0.00209132,-0.0129362,3.97309,
-0.0156499,0.472253,0.125493,-0.525234,0.00209132,-0.0129362,3.98,
-0.0156499,0.47465,0.00297512,0.174884,0.00194477,-0.0130704,3.98682,
-0.0164169,0.472253,-0.127809,-0.433741,0.00204247,-0.0128751,3.99363,
-0.0160334,0.4735,0.128641,-0.036288,0.00209132,-0.0129362,4.00051,
-0.0164169,0.4735,-0.136505,0.0744189,0.00204247,-0.0125311,4.00725,
-0.0156499,0.47465,0.126192,0.0321798,0.00204247,-0.0131927,4.01415,
-0.0168004,0.4735,-0.305345,-0.183171,0.00204247,-0.0125311,4.02104,
-0.0164169,0.47465,-0.0972458,0.316196,0.00209132,-0.0132538,4.02789,
-0.0160334,0.476855,0.182915,1.19505,0.00214018,-0.0129974,4.03467,
-0.0160334,0.47465,0.014606,0.53919,0.00204247,-0.0125311,4.04148,
-0.0164169,0.47465,-0.159902,-0.124782,0.00199362,-0.012814,4.04829,
-0.0160334,0.47465,-0.0912888,0.155688,0.00199362,-0.0131315,4.05508,
-0.0160334,0.47465,0.00449599,0.288981,0.00204247,-0.0131927,4.06194,
-0.0160334,0.4735,0.123468,-0.0654338,0.00209132,-0.0129362,4.06873,
-0.0156499,0.476855,0.100551,0.501242,0.00199362,-0.0137402,4.07562,
-0.0160334,0.47465,-3.33747,0.362678,0.00209132,-0.0129362,4.08241,
-0.0160334,0.4735,-0.0610205,-0.346852,0.00204247,-0.0131927,4.08934,
-0.0168004,0.4735,-0.382918,-0.789864,0.00199362,-0.0137402,4.09606,
-0.0160334,0.47465,-0.0815926,0.292266,0.00199362,-0.012814,4.10283,
-0.0164169,0.47465,-0.206155,-0.299229,0.00199362,-0.0137402,4.1097,
-0.0164169,0.476855,-0.119629,1.37561,0.00204247,-0.0125311,4.11654,
-0.0168004,0.476855,-0.386056,1.20013,0.00199362,-0.0131315,4.12335,
-0.0156499,0.472253,0.128203,-0.568931,0.00204247,-0.0128751,4.13016,
-0.0160334,0.470719,-0.0385051,-1.22777,0.00199362,-0.0131315,4.13698,
-0.0156499,0.479252,0.0252975,1.85352,0.00199362,-0.0131315,4.14381,
-0.0152664,0.47465,0.155912,0.312413,0.00199362,-0.012814,4.15063,
-0.0164169,0.476855,-0.0948325,0.979122,0.00199362,-0.0131315,4.15751,
-0.0164169,0.47465,-0.1625,-0.269718,0.00204247,-0.0138013,4.1643,
-0.0160334,0.47465,0.0377651,-0.337226,0.00204247,-0.0138013,4.17115,
-0.0164169,0.4735,-0.122941,-0.12337,0.00209132,-0.0125922,4.17798,
-0.0164169,0.472253,-0.215523,-0.958891,0.00199362,-0.0131315,4.18477,
-0.0156499,0.476855,0.153418,1.52096,0.00209132,-0.0125922,4.19162,
-0.0164169,0.47465,-0.151153,0.0758864,0.00204247,-0.0131927,4.19843,
-0.0160334,0.47465,-0.0129522,0.321815,0.00204247,-0.0128751,4.20532,
-0.0160334,0.4735,0.00852896,0.125695,0.00204247,-0.0128751,4.21209,
-0.0160334,0.472253,-0.0686836,-0.387612,0.00199362,-0.012814,4.21896,
-0.0164169,0.4735,-0.233182,-0.0441454,0.00199362,-0.012814,4.22579,
-0.0156499,0.4735,0.285477,-0.398896,0.00214018,-0.0133149,4.23256,
-0.0160334,0.47465,0.031847,0.0935145,0.00209132,-0.0132538,4.23944,
-0.0164169,0.4735,-0.228513,-0.773709,0.00199362,-0.0137402,4.24621,
-0.0156499,0.47465,0.150753,0.37195,0.00204247,-0.0128751,4.25307,
-0.0156499,0.4735,0.144366,-0.296706,0.00204247,-0.0131927,4.25993,
-0.0168004,0.47465,-0.26104,0.624344,0.00209132,-0.0125922,4.26672,
-0.0160334,0.4735,0.070755,-0.238959,0.00209132,-0.0132538,4.27349,
-0.0152664,0.4735,0.225968,0.133692,0.00204247,-0.0125311,4.28039,
-0.0160334,0.4735,0.0253548,0.183023,0.00204247,-0.0125311,4.28722,
-0.0156499,0.4735,0.203852,-0.0154102,0.00209132,-0.0129362,4.294,
-0.0164169,0.47465,-0.0991386,0.30825,0.00204247,-0.0128751,4.30086,
-0.0168004,0.47465,-0.313038,0.11684,0.00204247,-0.0131927,4.30765,
-0.0160334,0.47465,-0.00283341,0.158675,0.00204247,-0.0131927,4.31443,
-0.0164169,0.4735,-0.042271,-0.123942,0.00214018,-0.0133149,4.32134,
-0.0168004,0.47465,-0.0719725,0.0575878,0.00214018,-0.0133149,4.32818,
-0.0168004,0.47465,-0.136269,0.114562,0.00209132,-0.0129362,4.33498,
-0.0164169,0.47465,-0.0661043,0.370811,0.00209132,-0.0129362,4.34182,
-0.0168004,0.47465,-0.364147,0.250023,0.00194477,-0.0127529,4.34867,
-0.0164169,0.4735,-0.169842,-0.0182025,0.00204247,-0.0128751,4.35545,
-0.0160334,0.47465,0.10752,0.0931006,0.00209132,-0.0132538,4.36222,
-0.0168004,0.4735,-0.367614,-0.344199,0.00199362,-0.0131315,4.36913,
-0.0156499,0.4735,0.155909,-0.0107562,0.00204247,-0.0128751,4.37591,
-0.0164169,0.472253,-0.238601,-0.452901,0.00199362,-0.012814,4.38276,
-0.0164169,0.4735,-0.0335076,-0.578087,0.00209132,-0.0138624,4.38956,
-0.0168004,0.47465,-0.230092,-0.357353,0.00204247,-0.0138013,4.39647,
-0.0160334,0.472253,0.0264025,-0.633561,0.00204247,-0.0128751,4.4033,
-0.0156499,0.47465,0.106932,0.0619325,0.00204247,-0.0131927,4.41005,
-0.0160334,0.4735,0.0403665,0.0608239,0.00209132,-0.0129362,4.41687,
-0.0160334,0.47465,0.0873184,0.329901,0.00209132,-0.0132538,4.42372,
-0.0160334,0.476855,0.0201585,1.04277,0.00204247,-0.0128751,4.43055,
-0.0152664,0.4735,0.352641,0.241065,0.00209132,-0.0125922,4.43741,
-0.0164169,0.4735,-0.0331371,0.0075333,0.00209132,-0.0129362,4.4442,
-0.0160334,0.472253,-0.0717,-0.799195,0.00199362,-0.0131315,4.451,
-0.0164169,0.476855,-0.119856,1.21071,0.00199362,-0.012814,4.45789,
-0.0156499,0.47465,0.260768,0.200328,0.00209132,-0.0129362,4.46469,
-0.0160334,0.4735,-0.159655,-0.229894,0.00194477,-0.0124089,4.4715,
-0.0164169,0.4735,-0.207416,-0.0071842,0.00199362,-0.012814,4.47824,
-0.0160334,0.4735,0.00159956,-0.643102,0.00204247,-0.0131927,4.48515,
-0.0160334,0.47465,0.120521,0.263488,0.00209132,-0.0132538,4.49203,
-0.0164169,0.47465,-0.119666,0.220038,0.00204247,-0.0128751,4.49882,
-0.0164169,0.4735,-0.0981691,-0.800902,0.00204247,-0.0138013,4.50571,
-0.0160334,0.4735,0.0145951,-0.739025,0.00204247,-0.0138013,4.5125,
-0.0164169,0.4735,-0.200974,-0.359283,0.00199362,-0.0131315,4.51934,
-0.0156499,0.47465,0.194996,0.903884,0.00204247,-0.0121077,4.52612,
-0.0168004,0.47465,-0.215604,0.347472,0.00209132,-0.0129362,4.53301,
-0.0160334,0.4735,0.0448931,-0.683897,0.00204247,-0.0131927,4.53974,
-0.0164169,0.472253,-0.101734,-0.325543,0.00204247,-0.0125311,4.5466,
-0.0160334,0.47465,0.0228202,0.292307,0.00204247,-0.0128751,4.55346,
-0.0156499,0.4735,0.271532,0.0420158,0.00204247,-0.0128751,4.56028,
-0.0160334,0.4735,-0.00754146,-0.127404,0.00199362,-0.012814,4.5671,
-0.0160334,0.4735,0.115249,-0.08177,0.00209132,-0.0129362,4.57394,
-0.0152664,0.476855,0.294952,0.60359,0.00204247,-0.0138013,4.58071,
-0.0160334,0.4735,0.0954923,-0.326008,0.00209132,-0.0129362,4.58756,
-0.0160334,0.47465,-0.130424,0.287593,0.00199362,-0.012814,4.59443,
-0.0164169,0.47465,-0.169901,0.303061,0.00204247,-0.0131927,4.60124,
-0.0160334,0.47465,0.0299903,0.0275245,0.00204247,-0.0128751,4.60807,
-0.0156499,0.4735,0.337274,-0.238435,0.00214018,-0.0133149,4.61487,
-0.0152664,0.4735,0.361355,-0.245736,0.00204247,-0.0131927,4.62169,
-0.0160334,0.472253,0.0271342,-0.432704,0.00209132,-0.0129362,4.62855,
-0.0152664,0.47465,0.195958,0.303908,0.00199362,-0.01247,4.63538,
-0.0156499,0.47465,0.0407504,-0.188726,0.00199362,-0.0131315,4.64215,
-0.0160334,0.4735,-0.00508094,0.00476947,0.00199362,-0.01247,4.64904,
-0.0156499,0.47465,0.0435121,0.133538,0.00199362,-0.0131315,4.65585,
-0.0164169,0.4735,-0.173726,-0.280965,0.00204247,-0.0131927,4.66266,
-0.0164169,0.47465,-0.119456,0.610833,0.00204247,-0.0128751,4.66949,
-0.0156499,0.476855,0.245386,1.0483,0.00209132,-0.0132538,4.67629,
-0.0160334,0.4735,-0.0260466,-0.223138,0.00204247,-0.0128751,4.68315,
-0.0160334,0.476855,-0.0260058,0.877129,0.00199362,-0.0131315,4.68997,
-0.0152664,0.47465,0.237773,0.215591,0.00199362,-0.012814,4.69681,
-0.0168004,0.47465,-0.299953,0.222049,0.00204247,-0.0128751,4.70361,
-0.0160334,0.47465,0.0083154,0.2679,0.00204247,-0.0128751,4.71045,
-0.0164169,0.47465,-0.176794,0.530826,0.00199362,-0.01247,4.71727,
-0.0160334,0.47465,0.0298531,0.125966,0.00204247,-0.0131927,4.72411,
-0.0156499,0.472253,0.122533,-0.734757,0.00204247,-0.0131927,4.73093,
-0.0160334,0.47465,-0.0047413,0.35227,0.00199362,-0.012814,4.73782,
-0.0168004,0.479252,-0.273456,1.94682,0.00204247,-0.0131927,4.74456,
-0.0160334,0.472253,0.0441748,-0.464638,0.00204247,-0.0128751,4.7514,
-0.0160334,0.4735,0.00947376,-0.744202,0.00204247,-0.0138013,4.75821,
-0.0160334,0.4735,0.00928857,-0.149805,0.00204247,-0.0128751,4.76501,
-0.0156499,0.4735,0.149549,-0.21076,0.00204247,-0.0131927,4.77178,
-0.0156499,0.47465,0.173332,0.31266,0.00204247,-0.0125311,4.77859,
-0.0160334,0.4735,-0.0649785,-0.0309025,0.00199362,-0.01247,4.78544,
-0.0160334,0.47465,0.119498,0.210994,0.00209132,-0.0132538,4.7923,
-0.0156499,0.476855,0.108408,1.00366,0.00204247,-0.0131927,4.79911,
-0.0156499,0.4735,0.0913639,-0.14799,0.00204247,-0.0128751,4.80595,
-0.0160334,0.4735,0.0620891,-0.137051,0.00209132,-0.0129362,4.81279,
-0.0156499,0.472253,0.178953,-0.861672,0.00204247,-0.0131927,4.81961,
-0.0160334,0.470719,0.0331608,-1.09992,0.00209132,-0.0129362,4.82642,
-0.0164169,0.4735,-0.150734,0.18065,0.00204247,-0.0125311,4.83331,
-0.0160334,0.4735,0.0129655,-0.314021,0.00204247,-0.0131927,4.84007,
-0.0156499,0.4735,0.0949147,-0.874246,0.00199362,-0.0137402,4.84681,
-0.0156499,0.4735,0.134466,-0.893945,0.00204247,-0.0138013,4.8537,
-0.0168004,0.47465,-0.228211,0.949592,0.00204247,-0.0121077,4.86054,
-0.0160334,0.4735,0.0283241,-0.103133,0.00204247,-0.0128751,4.86733,
-0.0156499,0.47465,0.133448,-0.0151829,0.00199362,-0.0131315,4.87417,
-0.0156499,0.47465,0.163506,-3.16873e-05,0.00204247,-0.0131927,4.88103,
-0.0164169,0.472253,-0.339514,-0.611592,0.00194477,-0.0130704,4.88789,
-0.0168004,0.47465,-0.293007,-0.317,0.00199362,-0.0137402,4.89463,
-0.0164169,0.47465,-0.204321,0.417282,0.00199362,-0.012814,4.90149,
-0.0160334,0.4735,0.0794302,-0.0376541,0.00209132,-0.0129362,4.90843,
-0.0156499,0.4735,0.17614,-0.00763285,0.00209132,-0.0125922,4.91564,
-0.0160334,0.4735,-0.0113393,-0.161731,0.00204247,-0.0128751,4.92251,
-0.0156499,0.47465,0.128388,-0.524409,0.00209132,-0.0138624,4.92932,
-0.0160334,0.470719,-0.0949209,-0.991601,0.00199362,-0.01247,4.93611,
-0.0156499,0.4735,0.16373,-0.225327,0.00204247,-0.0131927,4.94287,
-0.0160334,0.472253,-0.0927544,-0.545881,0.00204247,-0.0128751,4.94974,
-0.0164169,0.47465,-0.171126,0.465061,0.00204247,-0.0128751,4.95654,
-0.0156499,0.47465,0.0641706,0.443897,0.00204247,-0.0125311,4.96342,
-0.0168004,0.472253,-0.308682,-0.268814,0.00199362,-0.01247,4.97025,
-0.0160334,0.4735,0.00778533,-0.937121,0.00204247,-0.0138013,4.97703,
-0.0156499,0.4735,0.261237,-0.624963,0.00209132,-0.0132538,4.9839,
-0.0160334,0.472253,-0.0364416,-0.557929,0.00204247,-0.0128751,4.99067,
-0.0156499,0.47465,0.0773621,0.0382664,0.00199362,-0.0131315,4.99752,
-0.0156499,0.476855,0.161063,1.07103,0.00204247,-0.0128751,5.00431,
-0.0156499,0.476855,0.243289,1.21766,0.00209132,-0.0129362,5.01122,
-0.0156499,0.4735,0.0522335,-0.477794,0.00199362,-0.0131315,5.01804,
-0.0156499,0.47465,0.168888,0.015864,0.00204247,-0.0128751,5.02487,
-0.0160334,0.47465,0.0758575,0.00049575,0.00209132,-0.0132538,5.03169,
-0.0160334,0.4735,0.0738816,-0.0700773,0.00209132,-0.0129362,5.03848,
-0.0156499,0.472253,0.142373,-0.254021,0.00204247,-0.0128751,5.04531,
-0.0156499,0.47465,0.0133067,0.080386,0.00199362,-0.012814,5.05218,
-0.0168004,0.47465,-0.32266,0.218509,0.00209132,-0.0129362,5.05896,
-0.0164169,0.4735,-0.253009,0.202227,0.00199362,-0.01247,5.06581,
-0.0156499,0.47465,0.220675,-0.190971,0.00209132,-0.0138624,5.07265,
-0.0160334,0.4735,0.0159595,-0.139406,0.00204247,-0.0125311,5.07946,
-0.0156499,0.476855,0.320834,0.954882,0.00214018,-0.0133149,5.08625,
-0.0156499,0.472253,0.155384,-0.525805,0.00209132,-0.0129362,5.09311,
-0.0160334,0.472253,-0.163059,-0.475881,0.00199362,-0.01247,5.09988,
-0.0160334,0.4735,0.0369752,-0.353385,0.00209132,-0.0132538,5.10672,
-0.0160334,0.4735,-0.07982,-0.409702,0.00199362,-0.0131315,5.11354,
-0.0160334,0.4735,0.00771333,-0.16998,0.00204247,-0.0131927,5.12035,
-0.0160334,0.472253,0.0535652,-0.793975,0.00204247,-0.0131927,5.12719,
-0.0164169,0.47465,-0.0860104,0.279714,0.00209132,-0.0132538,5.13398,
-0.0160334,0.4735,0.0256045,-0.0677524,0.00204247,-0.0128751,5.14215,
-0.0160334,0.4735,0.137594,-0.00211726,0.00209132,-0.0129362,5.14911,
-0.0156499,0.476855,0.173059,1.00549,0.00204247,-0.0128751,5.15586,
-0.0156499,0.4735,-3.31782,-0.20476,0.00199362,-0.012814,5.16267,
-0.0160334,0.4735,-0.0773439,-0.316658,0.00204247,-0.0131927,5.16945,
-0.0152664,0.4735,0.266652,-0.353611,0.00199362,-0.0131315,5.17627,
-0.0152664,0.47465,0.282248,0.256726,0.00204247,-0.0128751,5.18304,
-0.0168004,0.47465,-0.314743,0.251524,0.00204247,-0.0131927,5.18988,
-0.0164169,0.4735,-0.0719423,-0.203992,0.00204247,-0.0131927,5.19675,
-0.0156499,0.47465,-0.0470137,0.506906,0.00194477,-0.0127529,5.2035,
-0.0160334,0.47465,-0.0461292,0.0949163,0.00204247,-0.0131927,5.21031,
-0.0164169,0.4735,-0.232102,-0.698806,0.00199362,-0.0131315,5.21714,
-0.0160334,0.47465,0.156044,0.223818,0.00214018,-0.0133149,5.22396,
-0.0156499,0.47465,0.242258,0.186754,0.00209132,-0.0132538,5.23075,
-0.0160334,0.47465,0.0441584,0.404253,0.00209132,-0.0129362,5.23759,
-0.0164169,0.4735,-0.051194,-0.619036,0.00204247,-0.0128751,5.24444,
-0.0160334,0.47465,-0.106017,0.217607,0.00199362,-0.012814,5.25129,
-0.0160334,0.476855,-0.0373366,0.644481,0.00204247,-0.0138013,5.25812,
-0.0164169,0.4735,-0.319439,-0.340628,0.00194477,-0.0130704,5.26492,
-0.0160334,0.472253,-0.0967455,-0.651235,0.00199362,-0.0131315,5.27174,
-0.0152664,0.470719,0.288839,-1.97353,0.00204247,-0.0138013,5.27854,
-0.0160334,0.472253,-0.0679184,-0.721085,0.00199362,-0.01247,5.28544,
-0.0160334,0.47465,-0.0468685,-0.174063,0.00204247,-0.0131927,5.29228,
-0.0164169,0.4735,-0.0889633,-0.158028,0.00209132,-0.0132538,5.2991,
-0.0164169,0.47465,-0.15685,0.722113,0.00199362,-0.0120466,5.30588,
-0.0160334,0.47465,-0.0321301,0.398444,0.00204247,-0.0128751,5.31271,
-0.0164169,0.476855,-0.186958,1.1818,0.00204247,-0.0128751,5.31956,
-0.0156499,0.4735,0.0735235,-0.318678,0.00199362,-0.0131315,5.32636,
-0.0156499,0.476855,0.126202,1.37653,0.00204247,-0.0125311,5.33322,
-0.0156499,0.472253,0.192431,-0.793521,0.00209132,-0.0132538,5.34003,
-0.0160334,0.47465,-0.105559,0.242545,0.00199362,-0.012814,5.34678,
-0.0152664,0.47465,0.236156,0.400985,0.00199362,-0.012814,5.35368,
-0.0164169,0.47465,-0.133943,0.551889,0.00204247,-0.0128751,5.36047,
-0.0156499,0.476855,0.049481,1.3716,0.00199362,-0.01247,5.36731,
-0.0160334,0.47465,0.0287252,0.100098,0.00204247,-0.0131927,5.37412,
-0.0156499,0.47465,0.0446784,0.0554681,0.00199362,-0.0131315,5.38096,
-0.0168004,0.472253,-0.28776,-0.736219,0.00209132,-0.0132538,5.38777,
-0.0152664,0.47465,0.335713,-0.5013,0.00199362,-0.0137402,5.39466,
-0.0160334,0.472253,0.074754,-0.630492,0.00209132,-0.0132538,5.40145,
-0.0152664,0.4735,0.228011,-0.382795,0.00204247,-0.0131927,5.4083,
-0.0152664,0.476855,0.0479804,0.529822,0.00189591,-0.0136179,5.41517,
-0.0160334,0.476855,-0.11401,0.689334,0.00199362,-0.0131315,5.42189,
-0.0152664,0.47465,0.181347,0.102631,0.00204247,-0.0131927,5.42878,
-0.0164169,0.4735,-0.222976,-0.183177,0.00199362,-0.012814,5.43559,
-0.0164169,0.476855,-0.155836,0.913869,0.00204247,-0.0131927,5.44241,
-0.0160334,0.472253,-0.051203,-0.463437,0.00199362,-0.01247,5.44929,
-0.0156499,0.47465,0.316956,0.0911106,0.00214018,-0.0126534,5.45605,
-0.0160334,0.4735,0.0637531,-0.102821,0.00209132,-0.0129362,5.46285,
-0.0156499,0.472253,0.0545,-0.586965,0.00199362,-0.012814,5.46964,
-0.0164169,0.4735,-0.113405,-0.277442,0.00209132,-0.0132538,5.47647,
-0.0160334,0.4735,0.0845769,-1.00612,0.00214018,-0.0139235,5.48333,
-0.0156499,0.472253,0.108439,-0.577185,0.00199362,-0.0131315,5.49016,
-0.0160334,0.4735,0.0111055,-0.61905,0.00204247,-0.0138013,5.49696,
-0.0164169,0.4735,-0.1676,-0.417298,0.00204247,-0.0131927,5.50378,
-0.0156499,0.4735,0.16989,0.364067,0.00204247,-0.0121077,5.51062,
-0.0156499,0.4735,0.119571,-0.385074,0.00204247,-0.0131927,5.51741,
-0.0160334,0.47465,-0.162874,0.0631277,0.00199362,-0.012814,5.52422,
-0.0160334,0.4735,-0.0651979,-0.184201,0.00199362,-0.012814,5.53105,
-0.0160334,0.4735,0.0943157,-0.132561,0.00209132,-0.0132538,5.53793,
-0.0160334,0.470719,0.0290786,-1.02936,0.00204247,-0.0128751,5.54475,
-0.0164169,0.4735,-0.174019,-0.127461,0.00204247,-0.0128751,5.55157,
-0.0156499,0.4735,0.222972,-0.119081,0.00209132,-0.0132538,5.55842,
-0.0156499,0.4735,-0.027359,-0.323148,0.00199362,-0.0131315,5.56519,
-0.0156499,0.4735,0.147046,0.0702325,0.00204247,-0.0131927,5.572,
-0.0164169,0.472253,-0.128145,-0.621649,0.00204247,-0.0125311,5.57884,
-0.0160334,0.470719,0.0156281,-0.650324,0.00209132,-0.0129362,5.5857,
-0.0168004,0.47465,-0.203117,0.384576,0.00214018,-0.0129974,5.59249,
-0.0156499,0.4735,0.201535,0.272504,0.00209132,-0.0125922,5.59935,
-0.0156499,0.47465,0.0238435,-0.164369,0.00199362,-0.0137402,5.60616,
-0.0164169,0.47465,-0.188557,-0.824116,0.00199362,-0.0144017,5.61299,
-0.0156499,0.47465,0.17934,0.493288,0.00209132,-0.0125922,5.61981,
-0.0148829,0.47465,0.546798,-0.251976,0.00214018,-0.0139235,5.62664,
-0.0156499,0.472253,0.287792,-0.395172,0.00209132,-0.0125922,5.63346,
-0.0164169,0.4735,-0.158564,-0.511366,0.00204247,-0.0131927,5.6403,
-0.0160334,0.47465,-0.0507245,0.644641,0.00199362,-0.01247,5.64702,
-0.0160334,0.472253,0.121778,-1.31546,0.00204247,-0.0131927,5.65392,
-0.0164169,0.472253,-0.260942,-1.0238,0.00199362,-0.0131315,5.66074,
-0.0160334,0.472253,-0.157456,-0.405755,0.00199362,-0.012814,5.66754,
-0.0164169,0.4735,-0.13721,-0.25553,0.00209132,-0.0129362,5.67442,
-0.0152664,0.4735,0.216459,-0.134126,0.00199362,-0.0131315,5.68126,
-0.0156499,0.472253,0.0870922,-0.468206,0.00204247,-0.0131927,5.68806,
-0.0156499,0.47465,0.184133,0.27268,0.00209132,-0.0129362,5.69489,
-0.0156499,0.476855,0.103931,1.06244,0.00199362,-0.0131315,5.70171,
-0.0160334,0.4735,-0.102421,-0.147896,0.00199362,-0.0131315,5.70852,
-0.0160334,0.472253,-0.10667,-0.686887,0.00199362,-0.0131315,5.71535,
-0.0168004,0.47465,-0.197612,0.305629,0.00209132,-0.0132538,5.7221,
-0.0164169,0.47465,-0.15578,0.328586,0.00204247,-0.0128751,5.72898,
-0.0164169,0.4735,-0.0845883,-0.29265,0.00209132,-0.0132538,5.73581,
-0.0156499,0.472253,0.200415,-0.757945,0.00204247,-0.0131927,5.7426,
-0.0156499,0.4735,0.0577841,-0.124288,0.00199362,-0.012814,5.74947,
-0.0164169,0.47465,-0.137233,0.0516633,0.00204247,-0.0131927,5.75627,
-0.0160334,0.47465,-0.0114015,-0.0298904,0.00204247,-0.0131927,5.76316,
-0.0152664,0.4735,0.148976,-0.0745467,0.00194477,-0.0127529,5.7699,
-0.0160334,0.4735,-0.116275,-0.0825623,0.00199362,-0.012814,5.77671,
-0.0156499,0.476855,0.0317704,1.18132,0.00199362,-0.012814,5.78358,
-0.0152664,0.476855,0.2663,1.12014,0.00204247,-0.0128751,5.79036,
-0.0160334,0.47465,0.0173383,0.143845,0.00204247,-0.0131927,5.79722,
-0.0156499,0.476855,0.158204,1.21707,0.00204247,-0.0128751,5.80411,
-0.0160334,0.47465,-0.0833569,0.45617,0.00199362,-0.012814,5.81091,
-0.0160334,0.47465,-0.0197733,0.345596,0.00204247,-0.0131927,5.81778,
-0.0156499,0.472253,0.132228,-0.944983,0.00204247,-0.0131927,5.82457,
-0.0156499,0.470719,0.0131687,-1.10784,0.00199362,-0.012814,5.8314,
-0.0164169,0.4735,-0.0959912,-0.511338,0.00209132,-0.0132538,5.83822,
-0.0152664,0.47465,0.271833,0.448559,0.00199362,-0.012814,5.84503,
-0.0160334,0.47465,-0.171873,0.124084,0.00194477,-0.0130704,5.85182,
-0.0160334,0.47465,-0.0139351,0.308026,0.00204247,-0.0125311,5.85865,
-0.0160334,0.4735,-0.159573,-0.306948,0.00194477,-0.0130704,5.86549,
-0.0156499,0.476855,0.20888,0.444869,0.00209132,-0.0138624,5.87225,
-0.0160334,0.4735,-0.00231045,0.161011,0.00204247,-0.0125311,5.87913,
-0.0156499,0.47465,0.0883465,0.351624,0.00199362,-0.012814,5.8859,
-0.0160334,0.47465,-0.0398735,0.0109882,0.00204247,-0.0131927,5.89278,
-0.0160334,0.472253,-0.134253,-0.487046,0.00199362,-0.012814,5.8996,
-0.0164169,0.47465,-0.135705,0.552799,0.00204247,-0.0128751,5.90644,
-0.0164169,0.47465,-0.0748101,-0.581733,0.00209132,-0.014524,5.91329,
-0.0164169,0.4735,-0.171026,0.161811,0.00199362,-0.01247,5.92005,
-0.0160334,0.4735,-0.0765096,-0.688781,0.00199362,-0.0137402,5.92688,
-0.0160334,0.47465,-0.108472,0.150201,0.00199362,-0.012814,5.93371,
-0.0156499,0.47465,0.147531,-0.130856,0.00204247,-0.0131927,5.94062,
-0.0156499,0.476855,0.0842104,1.28972,0.00199362,-0.012814,5.94743,
-0.0152664,0.4735,0.161845,0.117283,0.00199362,-0.01247,5.95421,
-0.0160334,0.47465,0.0226555,0.513532,0.00204247,-0.0125311,5.96106,
-0.0160334,0.47465,-0.0974494,0.492075,0.00199362,-0.01247,5.96793,
-0.0164169,0.4735,-0.091373,-0.271445,0.00209132,-0.0132538,5.97471,
-0.0164169,0.476855,-0.241739,1.12364,0.00199362,-0.012814,5.98146,
-0.0168004,0.4735,-0.255378,-0.170815,0.00209132,-0.0129362,5.98831,
-0.0160334,0.472253,0.000402136,-0.43499,0.00204247,-0.0128751,5.99509,
-0.0160334,0.4735,0.0446918,-0.324761,0.00204247,-0.0128751,6.00197,
-0.0164169,0.472253,-0.245628,-1.05192,0.00199362,-0.0137402,6.00881,
-0.0160334,0.4735,-0.0702798,-0.67472,0.00199362,-0.0131315,6.01564,
-0.0156499,0.476855,0.163376,1.09445,0.00204247,-0.0131927,6.02245,
-0.0156499,0.4735,0.0217959,-0.227698,0.00199362,-0.012814,6.02924,
-0.0160334,0.47465,0.0334452,0.290895,0.00204247,-0.0131927,6.0361,
-0.0160334,0.47465,0.130209,0.215805,0.00214018,-0.0129974,6.04291,
-0.0156499,0.47465,0.198494,0.664429,0.00209132,-0.0129362,6.04976,
-0.0160334,0.476855,-0.0638805,0.890735,0.00204247,-0.0131927,6.05656,
-0.0156499,0.4735,0.00594638,0.0391175,0.00199362,-0.012814,6.06343,
-0.0164169,0.476855,-0.158416,0.596637,0.00204247,-0.0138013,6.07027,
-0.0156499,0.4735,0.056015,0.204778,0.00199362,-0.01247,6.07706,
-0.0160334,0.4735,0.0201492,0.00639931,0.00204247,-0.0128751,6.08391,
-0.0160334,0.47465,-0.0622065,-0.452873,0.00199362,-0.0137402,6.09073,
-0.0156499,0.47465,0.175496,0.337873,0.00204247,-0.0131927,6.09755,
-0.0164169,0.47465,-0.0918937,0.154315,0.00209132,-0.0129362,6.10436,
-0.0164169,0.47465,-0.267082,0.429972,0.00194477,-0.0127529,6.1112,
-0.0160334,0.472253,0.0431687,-1.2583,0.00204247,-0.0138013,6.118,
-0.0164169,0.476855,-0.0690948,0.719523,0.00209132,-0.0138624,6.12481,
-0.0160334,0.47465,-0.0913387,-0.202956,0.00199362,-0.0137402,6.13167,
-0.0152664,0.47465,0.279543,0.160287,0.00204247,-0.0131927,6.13844,
-0.0164169,0.47465,-0.121677,1.00669,0.00204247,-0.0121077,6.1453,
-0.0156499,0.4735,0.0939422,-0.441837,0.00199362,-0.0131315,6.15215,
-0.0160334,0.47465,-0.0236805,0.599353,0.00204247,-0.0125311,6.15891,
-0.0156499,0.47465,0.0962442,0.149747,0.00199362,-0.0131315,6.16578,
-0.0156499,0.47465,0.0907161,0.16707,0.00204247,-0.0131927,6.17259,
-0.0160334,0.476855,0.00318046,1.00003,0.00204247,-0.0131927,6.17947,
-0.0156499,0.4735,0.221342,0.0262356,0.00209132,-0.0125922,6.18621,
-0.0160334,0.476855,-0.0281504,0.765713,0.00204247,-0.0138013,6.19308,
-0.0164169,0.47465,-0.0696303,-0.439881,0.00209132,-0.0132538,6.1999,
-0.0156499,0.4735,0.154021,-0.347237,0.00204247,-0.0128751,6.2067,
-0.0164169,0.47465,-0.171455,0.0676489,0.00204247,-0.0131927,6.21358,
-0.0156499,0.476855,0.190552,1.23972,0.00209132,-0.0129362,6.2204,
-0.0160334,0.472253,0.0228226,0.0974266,0.00204247,-0.0121077,6.22725,
-0.0160334,0.4735,-0.0449378,-0.420873,0.00204247,-0.0131927,6.2341,
-0.0160334,0.47465,0.113359,0.498898,0.00209132,-0.0129362,6.24092,
-0.0156499,0.47465,0.213029,0.630351,0.00204247,-0.0125311,6.24775,
-0.0160334,0.472253,-0.029466,-0.574388,0.00204247,-0.0128751,6.25455,
-0.0160334,0.4735,0.12156,-0.531405,0.00209132,-0.0132538,6.26141,
-0.0156499,0.4735,0.057276,-0.548361,0.00199362,-0.0137402,6.26825,
-0.0156499,0.47465,-0.0345313,0.645976,0.00194477,-0.0127529,6.2751,
-0.0164169,0.476855,-0.151403,0.939218,0.00204247,-0.0131927,6.28193,
-0.0152664,0.4735,0.195248,0.0402861,0.00204247,-0.0128751,6.28874,
-0.0156499,0.4735,0.0850187,-0.528432,0.00204247,-0.0138013,6.29558,
-0.0160334,0.472253,-0.0404718,-0.79443,0.00199362,-0.012814,6.30237,
-0.0160334,0.4735,-0.0369275,-0.0496826,0.00204247,-0.0128751,6.30929,
-0.0160334,0.4735,0.034068,-0.108809,0.00204247,-0.0125311,6.31606,
-0.0160334,0.472253,0.0362081,-0.727768,0.00209132,-0.0132538,6.32282,
-0.0164169,0.476855,-0.112154,0.888854,0.00204247,-0.0131927,6.32968,
-0.0156499,0.476855,0.295061,1.09015,0.00214018,-0.0133149,6.33654,
-0.0164169,0.4735,-0.0887167,-0.123977,0.00214018,-0.0133149,6.34331,
-0.0160334,0.4735,0.143774,-0.0574152,0.00209132,-0.0129362,6.35014,
-0.0164169,0.47465,-0.100455,0.132542,0.00204247,-0.0131927,6.35696,
-0.0152664,0.4735,0.242885,-0.973992,0.00199362,-0.0137402,6.36379,
-0.0164169,0.47465,-0.151545,0.103474,0.00204247,-0.0131927,6.37058,
-0.0160334,0.4735,0.135317,-0.285499,0.00214018,-0.0129974,6.37738,
-0.0156499,0.4735,0.244369,-0.138789,0.00209132,-0.0132538,6.38424,
-0.0164169,0.476855,-0.182444,1.13528,0.00199362,-0.012814,6.39106,
-0.0156499,0.476855,-0.00644255,0.796478,0.00199362,-0.0131315,6.39792,
-0.0160334,0.47465,0.124699,0.553972,0.00209132,-0.0125922,6.40479,
-0.0152664,0.47465,0.196961,-0.250719,0.00199362,-0.0137402,6.41158,
-0.0164169,0.4735,-0.205437,-0.430199,0.00204247,-0.0131927,6.41843,
-0.0160334,0.47465,0.108742,0.412242,0.00209132,-0.0125922,6.42523,
-0.0156499,0.476855,0.0917119,1.05888,0.00199362,-0.0131315,6.43206,
-0.0156499,0.47465,0.0989974,0.378996,0.00204247,-0.0128751,6.43884,
-0.0156499,0.4735,0.0387386,0.0969974,0.00199362,-0.012814,6.44565,
-0.0160334,0.47465,0.0782971,0.157745,0.00209132,-0.0129362,6.45246,
-0.0160334,0.472253,0.00244679,-0.571591,0.00204247,-0.0131927,6.45933,
-0.0152664,0.4735,0.274887,0.0396693,0.00204247,-0.0128751,6.46615,
-0.0160334,0.4735,0.0175284,-0.175328,0.00204247,-0.0131927,6.473,
-0.0156499,0.47465,0.169048,-0.0293295,0.00204247,-0.0131927,6.47982,
-0.0156499,0.4735,0.10409,-0.378103,0.00204247,-0.0128751,6.48661,
-0.0152664,0.472253,0.378695,-0.426987,0.00209132,-0.0129362,6.49346,
-0.0164169,0.4735,-0.111573,0.350546,0.00209132,-0.0125922,6.50033,
-0.0160334,0.4735,0.0138936,-0.0937101,0.00204247,-0.0128751,6.50711,
-0.0160334,0.4735,0.0621956,-0.0119266,0.00204247,-0.0125311,6.51396,
-0.0160334,0.47465,0.0205822,0.237361,0.00204247,-0.0128751,6.52079,
-0.0160334,0.4735,0.0132048,-0.507079,0.00209132,-0.0138624,6.52761,
-0.0164169,0.472253,-0.062115,-1.09363,0.00209132,-0.0138624,6.53448,
-0.0160334,0.4735,0.0693736,-0.152147,0.00204247,-0.0131927,6.54131,
-0.0160334,0.47465,-0.0601543,0.37551,0.00199362,-0.01247,6.54813,
-0.0156499,0.4735,0.0419911,0.134417,0.00199362,-0.01247,6.55495,
-0.0160334,0.4735,-0.1054,0.378488,0.00199362,-0.01247,6.56177,
-0.0168004,0.4735,-0.464175,0.0959041,0.00194477,-0.0127529,6.56863,
-0.0160334,0.47465,-0.0319732,0.478181,0.00204247,-0.0128751,6.5755,
-0.0160334,0.4735,0.0346392,-0.917841,0.00204247,-0.0144629,6.58227,
-0.0160334,0.4735,0.0382871,-0.15855,0.00209132,-0.0132538,6.58909,
-0.0160334,0.472253,-0.0425747,-0.5932,0.00199362,-0.012814,6.59594,
-0.0160334,0.47465,-0.010064,0.14577,0.00204247,-0.0131927,6.60277,
-0.0152664,0.472253,0.185948,-0.504899,0.00199362,-0.012814,6.6096,
-0.0168004,0.4735,-0.254228,0.407322,0.00204247,-0.0125311,6.61642,
-0.0160334,0.472253,0.106096,-0.837997,0.00214018,-0.0129974,6.62326,
-0.0164169,0.472253,-0.146551,0.0597145,0.00204247,-0.0121077,6.63005,
-0.0160334,0.47465,-0.108554,0.37128,0.00199362,-0.012814,6.63688,
-0.0160334,0.47465,-0.0121912,0.0893016,0.00204247,-0.0131927,6.64373,
-0.0152664,0.476855,0.242295,1.47917,0.00204247,-0.0128751,6.65059,
-0.0152664,0.472253,0.210189,-0.804714,0.00199362,-0.0131315,6.65737,
-0.0160334,0.47465,-0.117237,0.189295,0.00199362,-0.0131315,6.66421,
-0.0160334,0.4735,0.0417044,-0.366068,0.00209132,-0.0132538,6.67095,
-0.0160334,0.472253,-0.17447,-0.154802,0.00194477,-0.0124089,6.67789,
-0.0160334,0.47465,-0.0232584,0.112446,0.00204247,-0.0128751,6.68468,
-0.0168004,0.472253,-0.195099,-0.586336,0.00209132,-0.0129362,6.69149,
-0.0156499,0.472253,0.141458,-0.673275,0.00204247,-0.0128751,6.69831,
-0.0164169,0.4735,-0.0872376,0.00772593,0.00209132,-0.0129362,6.7052,
-0.0160334,0.472253,-0.135522,-0.5354,0.00199362,-0.012814,6.71204,
-0.0156499,0.47465,0.137486,0.874597,0.00204247,-0.0121077,6.71877,
-0.0160334,0.47465,0.0574286,0.199551,0.00204247,-0.0131927,6.72564,
-0.0164169,0.4735,-0.156931,-0.0197797,0.00204247,-0.0128751,6.73246,
-0.0168004,0.47465,-0.333849,0.345151,0.00199362,-0.012814,6.73936,
-0.0160334,0.4735,-0.0103285,-0.170209,0.00204247,-0.0131927,6.74618,
-0.0168004,0.4735,-0.220851,0.105245,0.00209132,-0.0129362,6.75304,
-0.0164169,0.4735,-0.168839,0.282448,0.00199362,-0.01247,6.75979,
-0.0156499,0.47465,0.135845,0.298895,0.00204247,-0.0128751,6.76655,
-0.0160334,0.4735,-0.0158147,-0.519497,0.00199362,-0.0131315,6.77342,
-0.0164169,0.47465,-0.157083,-0.115484,0.00204247,-0.0138013,6.78023,
-0.0160334,0.472253,-0.0130881,-0.726635,0.00204247,-0.0131927,6.78727,
-0.0168004,0.4735,-0.306793,-0.335456,0.00204247,-0.0131927,6.79438,
-0.0156499,0.4735,0.0746073,0.125551,0.00199362,-0.01247,6.80126,
-0.0164169,0.472253,-0.226516,-0.771402,0.00199362,-0.0131315,6.80802,
-0.0160334,0.4735,0.0368278,-0.614577,0.00204247,-0.0128751,6.81477,
-0.0160334,0.47465,0.0585998,0.6023,0.00209132,-0.0125922,6.82162,
