1.14838,0.46239,-0.14565,-0.747946,-0.00189511,-0.00538485,2.14577e-06,
1.14838,0.464212,-0.021872,0.734104,-0.00184627,-0.00459917,0.00663209,
1.148,0.465746,-0.180878,0.533518,-0.00184627,-0.00544595,0.013284,
1.14838,0.46239,0.031055,-0.317226,-0.00179743,-0.00500431,0.019846,
1.14877,0.465746,0.175009,0.617494,-0.00179743,-0.00550706,0.026406,
1.14877,0.464212,0.106973,0.465746,-0.00184627,-0.0049432,0.0330691,
1.148,0.464212,-0.147858,0.333644,-0.00184627,-0.00544595,0.0396821,
1.14838,0.46239,-0.114211,-0.482101,-0.00184627,-0.0049432,0.0461631,
1.14838,0.464212,0.0237741,0.269329,-0.00179743,-0.00500431,0.0528471,
1.14877,0.464212,0.208775,0.0814912,-0.00174853,-0.00556824,0.059473,
1.14838,0.464212,-0.139025,0.305819,-0.00189511,-0.00538485,0.0660322,
1.14877,0.465746,0.187611,1.15883,-0.00179743,-0.00500431,0.072629,
1.14915,0.46239,0.122096,-0.728654,-0.00194401,-0.00574706,0.079242,
1.14838,0.464212,-0.0691206,0.302598,-0.00184627,-0.00544595,0.085835,
1.14761,0.464212,-0.14869,-0.0638968,-0.00174853,-0.00556824,0.092416,
1.14838,0.464212,-0.159214,0.604795,-0.00194401,-0.00482091,0.0989962,
1.14838,0.46239,0.0549653,-0.353327,-0.00179743,-0.00500431,0.105589,
1.14877,0.461144,0.00174808,-0.702634,-0.00189511,-0.00488209,0.11222,
1.148,0.465746,-0.151448,0.76296,-0.00179743,-0.00550706,0.118856,
1.14877,0.46239,0.125215,-0.73964,-0.00184627,-0.00544595,0.125426,
1.14838,0.46239,-0.160305,-0.475606,-0.00189511,-0.00488209,0.132082,
1.14838,0.466992,-0.0260199,1.02227,-0.00184627,-0.00544595,0.138651,
1.14838,0.464212,0.00838813,0.30692,-0.00184627,-0.00544595,0.145265,
1.14838,0.46239,-0.109043,-0.164085,-0.00189511,-0.00488209,0.151862,
1.14877,0.464212,0.0334844,0.177539,-0.00189511,-0.00538485,0.158412,
1.14877,0.464212,0.231895,0.0106551,-0.00179743,-0.00593045,0.165087,
1.14838,0.46239,-0.111335,-0.692424,-0.00189511,-0.00580824,0.171656,
1.14915,0.46239,0.224985,-0.326686,-0.00189511,-0.00488209,0.178237,
1.148,0.46239,-0.238851,0.184801,-0.00189511,-0.00453806,0.184832,
1.14838,0.46239,-0.121225,-0.334729,-0.00189511,-0.00488209,0.191468,
1.14877,0.465746,-0.0587351,1.27027,-0.00194401,-0.00482091,0.198024,
1.14838,0.464212,-0.00185098,0.217297,-0.00179743,-0.00550706,0.204634,
1.14877,0.461144,0.127602,-1.16151,-0.00184627,-0.00544595,0.211296,
1.14877,0.464212,-0.0882178,0.0701348,-0.00194401,-0.00574706,0.217909,
1.14915,0.464212,0.129556,0.270574,-0.00194401,-0.00482091,0.224533,
1.14877,0.464212,0.122753,0.690976,-0.00184627,-0.00459917,0.231107,
1.14838,0.464212,-0.124368,0.151782,-0.00189511,-0.00580824,0.237659,
1.14838,0.465746,0.0601593,0.730997,-0.00179743,-0.00550706,0.244301,
1.14877,0.46239,0.0474957,-0.463576,-0.00189511,-0.00488209,0.250891,
1.14915,0.465746,0.248735,1.0919,-0.00184627,-0.0049432,0.257484,
1.14838,0.464212,0.0258855,0.559828,-0.00184627,-0.0049432,0.264114,
1.14838,0.46239,-0.0792742,0.0869491,-0.00184627,-0.00459917,0.270647,
1.14915,0.465746,0.176824,0.703389,-0.00189511,-0.00538485,0.277367,
1.14877,0.464212,0.0817084,0.199452,-0.00184627,-0.00544595,0.283993,
1.14877,0.464212,0.0209694,0.0937321,-0.00189511,-0.00538485,0.290622,
1.14877,0.46239,-0.00473227,-0.498883,-0.00189511,-0.00488209,0.297247,
1.14877,0.465746,0.164261,0.867592,-0.00184627,-0.00544595,0.303843,
1.14877,0.464212,0.0479417,-0.350006,-0.00189511,-0.00580824,0.310451,
1.14838,0.464212,-0.0167927,0.249246,-0.00184627,-0.00544595,0.317115,
1.14877,0.464212,0.0739805,0.61612,-0.00189511,-0.00488209,0.323809,
1.14915,0.461144,0.157326,-0.714801,-0.00189511,-0.00488209,0.330396,
1.14838,0.465746,-0.0456397,1.03694,-0.00184627,-0.0049432,0.337131,
1.14838,0.46239,-0.0496441,-0.404377,-0.00189511,-0.00488209,0.343756,
1.14877,0.46239,0.0842944,-0.142894,-0.00184627,-0.0049432,0.350329,
1.14877,0.465746,0.0760759,1.26498,-0.00189511,-0.00488209,0.357028,
1.14838,0.46239,-0.125743,-0.243758,-0.00189511,-0.00488209,0.363657,
1.14915,0.46239,0.240602,-0.525216,-0.00184627,-0.00544595,0.370287,
1.14838,0.46239,-0.252712,0.00278771,-0.00194401,-0.00482091,0.376958,
1.14915,0.46239,0.267758,-0.512926,-0.00189511,-0.00538485,0.383585,
1.148,0.46239,-0.292331,-0.214137,-0.00189511,-0.00488209,0.390178,
1.14877,0.46239,-0.0259494,-0.88292,-0.00194401,-0.00609109,0.396786,
1.14838,0.464212,0.0581732,-0.114337,-0.00179743,-0.00550706,0.403497,
1.14838,0.464212,-0.0715589,-0.00357304,-0.00184627,-0.00544595,0.410088,
1.148,0.46239,-0.153253,-0.564725,-0.00179743,-0.00550706,0.416771,
1.14877,0.464212,0.106065,-0.0541362,-0.00184627,-0.00544595,0.423399,
1.14838,0.461144,-0.166154,-1.51068,-0.00189511,-0.00580824,0.429974,
1.14838,0.461144,-0.179569,-1.06211,-0.00194401,-0.00482091,0.436643,
1.14838,0.464212,0.0486549,0.3837,-0.00179743,-0.00550706,0.443298,
1.14838,0.461144,-0.162423,-1.02353,-0.00189511,-0.00538485,0.449965,
1.14877,0.46239,-0.0640562,-0.189027,-0.00194401,-0.00482091,0.456605,
1.148,0.464212,-0.182964,0.190809,-0.00184627,-0.00544595,0.463236,
1.14838,0.46239,-0.0384155,-0.539843,-0.00184627,-0.00544595,0.469874,
1.14838,0.46239,0.0526507,0.0101993,-0.00179743,-0.00500431,0.476503,
1.14877,0.465746,0.129709,1.23753,-0.00184627,-0.0049432,0.483847,
1.14838,0.465746,-0.104747,0.723728,-0.00189511,-0.00538485,0.489703,
1.14838,0.464212,0.0345221,0.576509,-0.00184627,-0.0049432,0.496378,
1.14877,0.464212,0.102169,0.405434,-0.00189511,-0.00488209,0.50297,
1.148,0.464212,-0.130005,0.843862,-0.00179743,-0.00466027,0.509638,
1.14877,0.464212,0.123469,0.37293,-0.00179743,-0.00500431,0.516274,
1.148,0.464212,-0.348675,0.424536,-0.00189511,-0.00488209,0.522915,
1.14877,0.464212,0.0631827,-0.0637637,-0.00189511,-0.00580824,0.529534,
1.14877,0.464212,0.0243042,0.00275463,-0.00189511,-0.00580824,0.536183,
1.148,0.464212,-0.291895,0.0913645,-0.00189511,-0.00538485,0.542837,
1.14877,0.46239,0.164002,0.121922,-0.00184627,-0.00459917,0.549433,
1.14838,0.464212,-0.158372,0.726337,-0.00194401,-0.00482091,0.556107,
1.14915,0.464212,0.329177,0.0725107,-0.00179743,-0.00550706,0.562698,
1.14877,0.464212,0.137661,0.858549,-0.00179743,-0.00500431,0.56935,
1.14877,0.464212,0.0773756,0.547594,-0.00184627,-0.0049432,0.576004,
1.14877,0.46239,-0.0155576,-0.528378,-0.00194401,-0.00482091,0.582603,
1.14838,0.46239,-0.000527905,-0.0404003,-0.00184627,-0.0049432,0.58928,
1.14838,0.46239,-0.208952,-0.265395,-0.00194401,-0.00482091,0.595946,
1.148,0.464212,-0.236282,0.121599,-0.00184627,-0.00544595,0.602551,
1.14877,0.464212,-0.0168318,-0.393431,-0.00194401,-0.00574706,0.609154,
1.14877,0.465746,0.0452126,0.42295,-0.14634,0.175345,0.617988,
1.14646,0.46728,-0.791121,1.27614,-0.146291,0.175284,0.62247,
1.13573,0.496138,-1.63534,4.60515,-0.14502,0.16438,0.629086,
1.11195,0.458076,-3.47957,-0.582755,-0.142187,0.172028,0.635752,
1.07859,0.472649,-5.13221,-2.43688,-0.138279,0.162269,0.642432,
1.0318,0.422794,-7.3963,-6.40283,-0.132758,0.168275,0.64902,
0.978875,0.442736,-8.24328,24.1336,-0.126163,0.178124,0.655699,
0.924418,0.362201,-7.76421,-12.8121,-0.118933,0.16307,0.662385,
0.867659,0.324618,-8.22659,-6.38947,-0.111898,0.167473,0.668974,
0.807834,0.293266,-9.46444,-7.00418,-0.104814,0.167713,0.675739,
0.752993,0.280994,-8.19023,0.798216,-0.0970463,0.16109,0.682346,
0.692783,0.239193,-9.01097,-2.04579,-0.0899137,0.168016,0.688976,
0.633341,0.203431,-9.15284,-12.0971,-0.0822436,0.165194,0.695657,
0.572256,0.171217,-9.12555,-5.74502,-0.0744622,0.163979,0.702238,
0.509746,0.140525,-9.75185,-4.80222,-0.0666945,0.16326,0.708941,
0.44992,0.111667,-8.90583,-4.09722,-0.0588779,0.159487,0.715539,
0.390477,0.0665098,-8.83849,-4.39009,-0.0512079,0.165476,0.72218,
0.336403,0.102175,-8.3187,3.19962,-0.0443684,0.14718,0.728831,
0.286165,0.102175,-7.70962,0.00205636,-0.037822,0.139492,0.735439,
0.23631,0.0703448,-7.76233,-0.84605,-0.0316176,0.140118,0.74215,
0.185688,0.0794529,-7.94272,1.15282,-0.0251201,0.130295,0.748725,
0.137367,0.0779189,-7.53533,-0.517765,-0.0189157,0.122108,0.755365,
0.0898125,0.0794529,-7.63847,-0.116378,-0.0129067,0.114246,0.762017,
0.0495449,0.0611408,-5.85778,-6.78085,-0.00728852,0.107216,0.768646,
0.0108113,0.0849178,-5.36865,6.18986,-0.00211004,0.102536,0.775278,
-0.0156503,0.114735,-3.57079,5.88869,0.00150513,0.0891745,0.781916,
-0.0352088,0.129308,-2.63543,3.1796,0.00414322,0.0814015,0.788592,
-0.0451798,0.165848,-1.6052,5.35889,0.00541341,0.0697268,0.795269,
-0.0505488,0.226154,-0.792141,11.546,0.00629278,0.0559246,0.801836,
-0.0497818,0.296334,0.406235,15.208,0.0064882,0.03713,0.808535,
-0.0424953,0.321549,1.0534,7.66811,0.00560883,0.0288362,0.815146,
-0.0382768,0.388758,0.601098,13.1287,0.00497373,0.0133035,0.82178,
-0.0340583,0.396715,0.582903,0.0626345,0.00443634,0.0129438,0.828396,
-0.0306068,0.434395,0.494796,7.0813,0.00394781,-0.0021106,0.835062,
-0.0283058,0.479264,0.0954345,6.09864,0.00355698,-0.0139001,0.84169,
-0.0279223,0.457404,0.0480695,-5.48833,0.00350812,-0.00918166,0.848313,
-0.0275388,0.473128,-0.155915,1.60525,0.00341042,-0.0135316,0.85492,
-0.0271553,0.470348,-0.125219,-0.423735,0.00341042,-0.0141401,0.861592,
-0.0267718,0.466609,0.086151,0.0250697,0.00341042,-0.0126848,0.868189,
-0.0237037,0.457404,0.51602,-1.4479,0.00311729,-0.0108096,0.874875,
-0.0237037,0.45472,0.219835,-0.774535,0.00311729,-0.00903668,0.881481,
-0.0237037,0.457404,-0.0114824,-0.137319,0.00301958,-0.00984058,0.888088,
-0.0233202,0.458076,0.239294,0.0117369,0.00301958,-0.00984058,0.894802,
-0.0240872,0.458938,0.286092,0.422615,0.003215,-0.0100851,0.901383,
-0.0244707,0.458076,-0.0819303,0.0592744,0.00306844,-0.00990171,0.908022,
-0.0240872,0.45472,-0.0583292,-0.478786,0.00301958,-0.00891443,0.914657,
-0.0240872,0.458076,0.0807623,0.0644769,0.00311729,-0.00996283,0.921274,
-0.0244707,0.457404,-0.0894501,-0.243145,0.00306844,-0.0101398,0.927937,
-0.0240872,0.457404,0.107246,-0.0745747,0.00316615,-0.00983866,0.934552,
-0.0229367,0.458076,0.463054,0.0268704,0.00306844,-0.00990171,0.941264,
-0.0237037,0.457404,0.132842,-0.147739,0.00306844,-0.0097164,0.947901,
-0.0244707,0.45472,-0.224124,-0.56473,0.00306844,-0.00897556,0.954505,
-0.0233202,0.457404,0.179816,0.591494,0.00301958,-0.00891443,0.961165,
-0.0233202,0.457404,0.234337,-0.293222,0.00301958,-0.00984058,0.96778,
-0.0248543,0.45472,-0.270934,-0.955994,0.00311729,-0.00996283,0.974435,
-0.0240872,0.457404,-0.0369934,-0.0318234,0.00306844,-0.00990171,0.981035,
-0.0240872,0.45472,-0.00115605,-0.970358,0.00306844,-0.00990171,0.987695,
-0.0240872,0.45472,-0.05487,-0.816383,0.00306844,-0.0097164,0.994294,
-0.0237037,0.45472,-0.0277517,-1.12971,0.00297073,-0.00977945,1.001,
-0.0237037,0.45472,0.00852917,-1.04338,0.00301958,-0.00965527,1.00764,
-0.0237037,0.458076,0.167043,0.175762,0.00306844,-0.0097164,1.01426,
-0.0244707,0.45472,-0.0677436,-1.27523,0.00311729,-0.00996283,1.02088,
-0.0240872,0.458938,-0.113238,1.03339,0.00301958,-0.00891443,1.02751,
-0.0240872,0.457404,0.0138401,0.061133,0.00306844,-0.0097164,1.03413,
-0.0240872,0.453474,-0.0787799,-1.25922,0.00301958,-0.00965527,1.04079,
-0.0244707,0.457404,-0.18395,-0.158061,0.00306844,-0.00990171,1.04749,
-0.0244707,0.457404,-0.0788232,0.412177,0.00311729,-0.00903668,1.05405,
-0.0237037,0.457404,0.0791334,-0.120835,0.00306844,-0.0097164,1.06071,
-0.0240872,0.458076,-0.0886064,0.394234,0.00301958,-0.00984058,1.06738,
-0.0244707,0.457404,-0.4069,-0.0989611,0.00297073,-0.00959415,1.07396,
-0.0240872,0.45472,0.0100278,-0.37123,0.00306844,-0.00863153,1.08069,
-0.0237037,0.45472,0.0731107,-1.13185,0.00301958,-0.00984058,1.08727,
-0.0237037,0.458076,0.11417,0.128246,0.00306844,-0.00990171,1.09398,
-0.0244707,0.45472,-0.161213,-1.34278,0.00306844,-0.00990171,1.10054,
-0.0244707,0.457404,-0.114957,0.0569696,0.00311729,-0.00977752,1.10724,
-0.0240872,0.458076,0.0147182,0.0979488,0.00306844,-0.00990171,1.11384,
-0.0240872,0.458076,-0.051038,0.0831671,0.00301958,-0.00984058,1.12042,
-0.0240872,0.45472,-0.165967,-0.360079,0.00301958,-0.0085704,1.12714,
-0.0233202,0.458076,0.293775,0.148716,0.00306844,-0.00990171,1.13371,
-0.0237037,0.457404,0.00912467,-0.12309,0.00301958,-0.00965527,1.14033,
-0.0237037,0.458076,0.0892611,-0.135552,0.00306844,-0.0101398,1.14703,
-0.0237037,0.458076,0.195662,0.032871,0.00311729,-0.0102009,1.1536,
-0.0240872,0.457404,-0.019288,0.41559,0.00306844,-0.00897556,1.16028,
-0.0240872,0.45472,-0.0277061,-0.601272,0.00306844,-0.00897556,1.16692,
-0.0244707,0.457404,-0.0993097,0.160227,0.00306844,-0.00990171,1.17355,
-0.0237037,0.457404,0.0508992,0.371174,0.00301958,-0.00965527,1.18017,
-0.0233202,0.457404,0.211549,-0.375605,0.00301958,-0.0100787,1.18681,
-0.0237037,0.458076,0.126102,0.0270385,0.00306844,-0.00990171,1.19349,
-0.0237037,0.45472,0.072005,-1.23061,0.00301958,-0.00965527,1.20006,
-0.0233202,0.458076,0.139894,0.134109,0.00297073,-0.00977945,1.20673,
-0.0237037,0.457404,0.123544,-0.540145,0.00301958,-0.0100787,1.21331,
-0.0252378,0.458076,-0.50897,0.0303778,0.00306844,-0.00990171,1.21999,
-0.0248543,0.45472,-0.233111,-1.24715,0.00311729,-0.00996283,1.22659,
-0.0240872,0.457404,0.0563251,0.313903,0.00311729,-0.00977752,1.23328,
-0.0240872,0.457404,-0.0328184,-0.274929,0.00306844,-0.00990171,1.23991,
-0.0244707,0.458076,-0.146842,0.0176653,0.00306844,-0.00990171,1.24649,
-0.0248543,0.458076,-0.359083,0.655954,0.00306844,-0.00897556,1.25319,
-0.0233202,0.45472,0.189169,-1.11581,0.00301958,-0.00965527,1.25979,
-0.0240872,0.458076,-0.0759012,0.0452375,0.00301958,-0.00984058,1.26639,
-0.0244707,0.458076,0.0438915,0.149992,0.00316615,-0.010024,1.27303,
-0.0240872,0.457404,0.0535653,-0.157042,0.00311729,-0.00977752,1.27976,
-0.0240872,0.458076,-0.0982674,0.170157,0.00301958,-0.00965527,1.28636,
-0.0237037,0.458076,-0.0620236,-0.0911786,0.00301958,-0.0100787,1.29298,
-0.0240872,0.45472,-0.102543,-1.25159,0.00301958,-0.00984058,1.29967,
-0.0240872,0.457404,-0.105942,-0.18588,0.00306844,-0.00990171,1.3063,
-0.0237037,0.458076,0.253488,0.578994,0.00316615,-0.00983866,1.31287,
-0.0244707,0.45472,-0.322897,-0.84315,0.00301958,-0.00965527,1.31957,
-0.0240872,0.457404,-0.0105418,-0.205698,0.00306844,-0.00990171,1.32624,
-0.0237037,0.457404,0.173119,0.314188,0.00306844,-0.00990171,1.33288,
-0.0237037,0.457404,0.234527,-0.0714871,0.00311729,-0.00996283,1.33955,
-0.0233202,0.457404,0.289903,-0.148495,0.00306844,-0.0097164,1.34624,
-0.0233202,0.457404,0.259432,0.132694,0.00301958,-0.00965527,1.35289,
-0.0237037,0.45472,0.0810709,-1.01954,0.00301958,-0.00965527,1.35952,
-0.0240872,0.458076,-0.319492,0.0146568,0.00292188,-0.00995641,1.36615,
-0.0237037,0.458076,0.0173633,0.351813,0.00301958,-0.00965527,1.37286,
-0.0244707,0.458076,-0.18767,0.287832,0.00306844,-0.0097164,1.37941,
-0.0244707,0.458076,-0.243039,0.879222,0.00306844,-0.00863153,1.38601,
-0.0229367,0.457404,0.420451,-0.211632,0.00306844,-0.00990171,1.39268,
-0.0237037,0.461144,0.187039,1.37136,0.00311729,-0.00977752,1.39933,
-0.0233202,0.458076,0.133212,-0.0263181,0.00301958,-0.00984058,1.40595,
-0.0240872,0.457404,0.041744,0.62136,0.00306844,-0.00897556,1.41258,
-0.0233202,0.458076,0.166211,0.658049,0.00301958,-0.00891443,1.41924,
-0.0240872,0.458076,-0.103206,0.991702,0.00301958,-0.00891443,1.42582,
-0.0237037,0.458076,0.0242057,0.122922,0.00301958,-0.00984058,1.43243,
-0.0248543,0.458076,-0.493427,0.0675149,0.00297073,-0.00977945,1.43907,
-0.0233202,0.458076,0.341531,0.902751,0.00311729,-0.00903668,1.44569,
-0.0237037,0.45472,0.0654509,-1.21965,0.00306844,-0.00990171,1.45236,
-0.0237037,0.458076,0.206583,0.314412,0.00311729,-0.00977752,1.459,
-0.0244707,0.458076,-0.276772,0.378403,0.00301958,-0.00965527,1.46563,
-0.0240872,0.457404,0.0304587,0.424299,0.00311729,-0.00977752,1.47224,
-0.0240872,0.458076,0.093281,0.108819,0.00316615,-0.010024,1.47894,
-0.0240872,0.458076,-0.0398001,0.110311,0.00306844,-0.00990171,1.48552,
-0.0240872,0.453474,0.126623,-1.54708,0.00311729,-0.00977752,1.49213,
-0.0237037,0.457404,0.174699,-0.0247353,0.00306844,-0.0097164,1.49875,
-0.0244707,0.45472,-0.158918,-1.21349,0.00306844,-0.00990171,1.50544,
-0.0244707,0.457404,-0.127966,-0.751433,0.00301958,-0.0106874,1.51202,
-0.0240872,0.458076,-0.0312213,0.0721504,0.00306844,-0.00990171,1.51866,
-0.0240872,0.458076,-0.000921041,0.0022547,0.00311729,-0.00996283,1.52536,
-0.0240872,0.458076,-0.0275711,0.471432,0.00306844,-0.00990171,1.53204,
-0.0240872,0.458076,-0.257952,0.158078,0.00292188,-0.00953302,1.53859,
-0.0237037,0.45472,-0.0538373,-1.27286,0.00301958,-0.00984058,1.54524,
-0.0233202,0.458076,0.215273,0.187346,0.00301958,-0.0100787,1.55197,
-0.0240872,0.458076,-0.10351,0.530835,0.00301958,-0.00965527,1.55855,
-0.0244707,0.45472,0.00303853,-1.24246,0.00316615,-0.010024,1.56519,
-0.0244707,0.458938,-0.247476,1.0107,0.00301958,-0.00891443,1.57176,
-0.0237037,0.457404,0.102685,-0.164791,0.00306844,-0.00990171,1.57835,
-0.0240872,0.45472,-0.0285188,-1.50196,0.00306844,-0.0101398,1.58497,
-0.0237037,0.458076,0.14537,0.237936,0.00306844,-0.0097164,1.59171,
-0.0237037,0.45472,0.0663876,-1.09504,0.00301958,-0.00965527,1.59839,
-0.0237037,0.458076,0.0964517,0.125505,0.00306844,-0.00990171,1.60502,
-0.0240872,0.45472,-0.0520012,-1.44007,0.00306844,-0.0101398,1.61164,
-0.0240872,0.458076,-0.113628,0.13341,0.00306844,-0.00990171,1.61828,
-0.0240872,0.457404,0.00586682,-0.251305,0.00306844,-0.00990171,1.62496,
-0.0233202,0.458076,0.232096,0.0390644,0.00306844,-0.00990171,1.63157,
-0.0240872,0.458938,-0.0113909,0.362262,0.00306844,-0.00990171,1.63822,
-0.0237037,0.458076,0.0782193,-0.0923274,0.00301958,-0.00965527,1.64482,
-0.0237037,0.458076,-0.0341765,-0.0278672,0.00297073,-0.00977945,1.65152,
-0.0240872,0.457404,-0.138806,-0.199207,0.00301958,-0.00984058,1.65815,
-0.0237037,0.457404,0.0874268,-0.226007,0.00301958,-0.00965527,1.6648,
-0.0244707,0.458076,-0.256294,0.124407,0.00301958,-0.00984058,1.67143,
-0.0237037,0.457404,0.100909,-0.172849,0.00301958,-0.00965527,1.67801,
-0.0237037,0.458938,0.150092,0.184542,0.00306844,-0.0101398,1.68469,
-0.0240872,0.458076,0.0870875,0.177378,0.00311729,-0.00977752,1.69134,
-0.0244707,0.45472,-0.266882,-1.22513,0.00301958,-0.00984058,1.69792,
-0.0237037,0.458076,0.155912,0.0740363,0.00306844,-0.00990171,1.70457,
-0.0240872,0.457404,-0.0797602,-0.0444716,0.00301958,-0.00965527,1.7112,
-0.0237037,0.458076,0.0897225,-0.0569675,0.00306844,-0.0101398,1.71784,
-0.0240872,0.458076,-0.0718898,0.17948,0.00301958,-0.00965527,1.72454,
-0.0237037,0.458076,0.226907,0.214133,0.00311729,-0.00977752,1.73113,
-0.0233202,0.457404,0.253529,-0.175179,0.00306844,-0.00990171,1.73778,
-0.0244707,0.458076,-0.147605,-0.150577,0.00311729,-0.0102009,1.74437,
-0.0240872,0.453474,-0.1056,-1.69942,0.00301958,-0.00965527,1.75111,
-0.0244707,0.457404,-0.158856,-0.112505,0.00306844,-0.0097164,1.75769,
-0.0240872,0.457404,-0.0581521,-0.0797051,0.00306844,-0.0097164,1.76429,
-0.0244707,0.457404,-0.212326,0.669281,0.00306844,-0.00863153,1.77094,
-0.0240872,0.461144,0.0746213,1.05017,0.00311729,-0.0102009,1.77755,
-0.0240872,0.45472,0.0654831,-0.632801,0.00316615,-0.00909782,1.78421,
-0.0240872,0.458076,-0.217345,0.0147279,0.00297073,-0.00977945,1.791,
-0.0240872,0.458076,-0.0711359,0.000460246,0.00301958,-0.00984058,1.79747,
-0.0237037,0.458076,0.125408,-0.229239,0.00306844,-0.0101398,1.80411,
-0.0237037,0.45472,0.0770356,-0.567411,0.00301958,-0.00891443,1.81074,
-0.0244707,0.457404,-0.118404,-0.0281794,0.00311729,-0.00977752,1.81738,
-0.0244707,0.457404,-0.177239,-0.144341,0.00306844,-0.00990171,1.82404,
-0.0237037,0.458076,-0.00391285,-0.0109845,0.00297073,-0.00977945,1.83063,
-0.0244707,0.457404,-0.18227,0.0771155,0.00306844,-0.00990171,1.8373,
-0.0240872,0.458938,-0.162072,0.478852,0.00301958,-0.00965527,1.84399,
-0.0229367,0.457404,0.461897,-0.257345,0.00311729,-0.00977752,1.85056,
-0.0240872,0.457404,-0.0296534,-0.0570548,0.00306844,-0.0097164,1.85725,
-0.0240872,0.458076,-0.0101795,0.0752185,0.00306844,-0.0097164,1.86391,
-0.0237037,0.458076,0.151509,0.727096,0.00306844,-0.00897556,1.87055,
-0.0240872,0.45472,-0.196597,-1.11189,0.00297073,-0.00959415,1.87717,
-0.0237037,0.458076,0.0458241,0.150266,0.00306844,-0.0097164,1.88387,
-0.0244707,0.457404,-0.0899952,-0.0113323,0.00311729,-0.00977752,1.89044,
-0.0248543,0.458076,-0.149701,0.254926,0.00311729,-0.00977752,1.8971,
-0.0244707,0.458076,-0.123082,-0.0949986,0.00306844,-0.00990171,1.90376,
-0.0240872,0.457404,-0.15104,-0.241793,0.00301958,-0.00984058,1.91036,
-0.0244707,0.458076,-0.059359,0.184878,0.00311729,-0.00977752,1.91702,
-0.0240872,0.458076,-0.0328726,0.0225655,0.00301958,-0.00984058,1.92364,
-0.0237037,0.458076,0.145457,-0.116324,0.00306844,-0.0101398,1.9303,
-0.0237037,0.458076,0.150807,0.959844,0.00306844,-0.00897556,1.93691,
-0.0240872,0.45472,-0.0226766,-1.13368,0.00306844,-0.00990171,1.94353,
-0.0233202,0.458938,0.259017,0.444069,0.00306844,-0.00990171,1.95017,
-0.0240872,0.458076,-0.101267,0.26511,0.00306844,-0.0097164,1.95679,
-0.0237037,0.457404,0.185608,-0.0816806,0.00311729,-0.00977752,1.96344,
-0.0240872,0.457404,0.024055,-0.195086,0.00311729,-0.00996283,1.97006,
-0.0233202,0.458938,0.487928,0.649593,0.00316615,-0.00983866,1.9767,
-0.0244707,0.45472,-0.176504,-1.19707,0.00306844,-0.00990171,1.98339,
-0.0237037,0.45472,0.206754,-1.07666,0.00311729,-0.00977752,1.98998,
-0.0233202,0.458076,0.207222,0.28636,0.00301958,-0.00965527,1.99662,
-0.0244707,0.457404,-0.251393,0.435227,0.00306844,-0.00897556,2.0033,
-0.0240872,0.457404,0.0200504,-0.211881,0.00306844,-0.00990171,2.00992,
-0.0237037,0.458076,0.0715918,0.189067,0.00301958,-0.00965527,2.01658,
-0.0240872,0.457404,-0.0249772,0.639923,0.00306844,-0.00863153,2.02317,
-0.0240872,0.45472,-0.128787,-1.16806,0.00301958,-0.00965527,2.02989,
-0.0240872,0.458076,0.0131161,0.219328,0.00306844,-0.0097164,2.03647,
-0.0244707,0.458938,-0.105512,0.42443,0.00311729,-0.00996283,2.04319,
-0.0240872,0.458076,-0.124115,0.0403654,0.00301958,-0.00984058,2.04979,
-0.0248543,0.457404,-0.219025,0.212798,0.00311729,-0.00977752,2.05644,
-0.0240872,0.458076,-0.133513,0.648078,0.00301958,-0.00891443,2.06305,
-0.0248543,0.457404,-0.373586,-0.160004,0.00301958,-0.00984058,2.06967,
-0.0240872,0.458076,0.0521767,0.247437,0.00311729,-0.00977752,2.07634,
-0.0240872,0.457404,-0.0659669,0.172048,0.00301958,-0.00965527,2.08297,
-0.0244707,0.458076,-0.2219,0.118907,0.00301958,-0.00984058,2.08956,
-0.0244707,0.457404,-0.0577253,0.0320477,0.00311729,-0.00996283,2.09624,
-0.0240872,0.458938,-0.0184214,0.825394,0.00306844,-0.0097164,2.10281,
-0.0233202,0.45472,0.369269,-1.21443,0.00311729,-0.00977752,2.10951,
-0.0237037,0.458938,0.284638,0.667142,0.00316615,-0.00983866,2.11616,
-0.0237037,0.45472,0.298993,-1.24445,0.00316615,-0.010024,2.12281,
-0.0237037,0.461144,0.219803,1.43789,0.00311729,-0.00977752,2.12943,
-0.0237037,0.458076,0.0109973,0.0844747,0.00301958,-0.00984058,2.13609,
-0.0237037,0.457404,0.00869762,-0.110862,0.00301958,-0.00965527,2.14267,
-0.0244707,0.457404,-0.224279,0.145986,0.00306844,-0.0097164,2.14933,
-0.0233202,0.458938,0.173517,0.362473,0.00301958,-0.00984058,2.15596,
-0.0240872,0.458076,-0.16352,0.602646,0.00301958,-0.00891443,2.16261,
-0.0237037,0.457404,0.187143,-0.21072,0.00311729,-0.00977752,2.16922,
-0.0233202,0.458938,0.170364,0.426393,0.00301958,-0.00984058,2.17593,
-0.0237037,0.458938,-0.00380352,0.881779,0.00301958,-0.00984058,2.18244,
-0.0240872,0.457404,0.0284564,-0.0408088,0.00306844,-0.0097164,2.18909,
-0.0240872,0.458076,0.0373152,0.157489,0.00306844,-0.0097164,2.19578,
-0.0240872,0.45472,0.0454396,-1.04839,0.00311729,-0.00977752,2.20243,
-0.0237037,0.45472,0.249331,-1.00778,0.00311729,-0.00977752,2.20903,
-0.0240872,0.458076,0.0847562,0.0555396,0.00311729,-0.00996283,2.21572,
-0.0244707,0.458076,-0.2077,0.113664,0.00301958,-0.00984058,2.22224,
-0.0240872,0.457404,-0.0926707,-0.147737,0.00301958,-0.00984058,2.22895,
-0.0244707,0.457404,-0.193847,-0.147357,0.00306844,-0.00990171,2.23557,
-0.0237037,0.458076,0.212896,0.0831683,0.00306844,-0.00990171,2.2422,
-0.0240872,0.458076,-0.0581072,0.676052,0.00306844,-0.00897556,2.24885,
-0.0244707,0.457404,-0.133614,-0.0678174,0.00306844,-0.0097164,2.25549,
-0.0233202,0.458076,0.316494,0.028354,0.00306844,-0.00990171,2.26207,
-0.0237037,0.457404,0.143482,-0.478266,0.00306844,-0.00990171,2.26876,
-0.0240872,0.457404,-0.131584,-0.419894,0.00301958,-0.0100787,2.27539,
-0.0240872,0.457404,-0.113224,-0.0387366,0.00301958,-0.00965527,2.28203,
-0.0240872,0.458938,0.27165,0.569312,0.003215,-0.00989978,2.28866,
-0.0244707,0.457404,-0.233118,-0.148623,0.00301958,-0.0100787,2.29531,
-0.0240872,0.458076,-0.188952,0.0855154,0.00297073,-0.00977945,2.30191,
-0.0240872,0.457404,-0.0833157,0.439578,0.00301958,-0.00891443,2.30856,
-0.0240872,0.45472,-0.0281421,-1.02513,0.00306844,-0.0101398,2.31519,
-0.0240872,0.458076,-0.0886509,0.120569,0.00306844,-0.00990171,2.32178,
-0.0233202,0.457404,0.274498,-0.142214,0.00306844,-0.0097164,2.32851,
-0.0244707,0.457404,-0.213702,-0.0682829,0.00301958,-0.00984058,2.33509,
-0.0244707,0.458076,-0.252784,0.110815,0.00301958,-0.00984058,2.34163,
-0.0240872,0.458076,0.110979,1.01126,0.00311729,-0.00903668,2.3484,
-0.0240872,0.457404,-0.00468536,0.134769,0.00306844,-0.0097164,2.35514,
-0.0240872,0.45472,0.0451007,-1.25661,0.00311729,-0.00996283,2.3617,
-0.0233202,0.457404,0.162206,-0.131244,0.00297073,-0.00977945,2.36846,
-0.0240872,0.458076,0.0176855,0.0947741,0.00306844,-0.00990171,2.37511,
-0.0244707,0.45472,-0.127977,-0.604735,0.00306844,-0.00897556,2.38176,
-0.0237037,0.458076,0.0529076,0.540858,0.00306844,-0.0097164,2.38841,
-0.0237037,0.457404,0.00253808,-0.155584,0.00301958,-0.00984058,2.39503,
-0.0237037,0.458076,-0.0215788,0.663048,0.00297073,-0.00885331,2.40167,
-0.0240872,0.457404,-0.110565,-0.0906229,0.00306844,-0.0097164,2.40831,
-0.0240872,0.457404,-0.108193,-0.21456,0.00301958,-0.00984058,2.41495,
-0.0244707,0.457404,-0.176501,0.391589,0.00306844,-0.00897556,2.42152,
-0.0244707,0.458938,-0.32827,1.08417,0.00301958,-0.00891443,2.42819,
-0.0244707,0.458076,-0.139808,-0.0671291,0.00306844,-0.00990171,2.43486,
-0.0240872,0.457404,-0.0593846,0.426039,0.00306844,-0.00897556,2.44152,
-0.0237037,0.458938,0.17308,0.497357,0.00311729,-0.00977752,2.44814,
-0.0244707,0.453474,-0.239715,-1.42299,0.00301958,-0.00965527,2.45471,
-0.0240872,0.458076,0.0472036,0.0100407,0.00311729,-0.00996283,2.46141,
-0.0240872,0.458076,-0.0967937,-0.119946,0.00301958,-0.0100787,2.46802,
-0.0237037,0.45472,0.133752,-1.2186,0.00306844,-0.0097164,2.47463,
-0.0237037,0.458076,0.0205144,0.872125,0.00301958,-0.0085704,2.48132,
-0.0237037,0.457404,0.00120984,0.733842,0.00297073,-0.00885331,2.48792,
-0.0240872,0.458076,-0.0823875,0.23479,0.00301958,-0.00965527,2.49457,
-0.0237037,0.458076,0.0150364,-0.265734,0.00301958,-0.0100787,2.50127,
-0.0233202,0.458076,0.330088,0.392532,0.00306844,-0.00990171,2.50798,
-0.0237037,0.458076,0.162505,0.230172,0.00306844,-0.00990171,2.51456,
-0.0240872,0.458076,-0.0222344,0.311552,0.00306844,-0.00990171,2.52123,
-0.0240872,0.458076,-0.0188798,0.175952,0.00306844,-0.0097164,2.52785,
-0.0240872,0.458076,-0.0270955,0.965554,0.00306844,-0.00897556,2.53445,
-0.0240872,0.458076,-0.0529639,0.062571,0.00306844,-0.00990171,2.54113,
-0.0237037,0.457404,0.19071,1.00224,0.00306844,-0.00897556,2.54775,
-0.0240872,0.457404,-0.0539706,-0.0176604,0.00306844,-0.0097164,2.55436,
-0.0237037,0.457404,-0.0199694,-0.322457,0.00297073,-0.00977945,2.56105,
-0.0233202,0.458076,0.274244,0.0800284,0.00306844,-0.00990171,2.56766,
-0.0240872,0.453474,-0.0828152,-1.72316,0.00306844,-0.00990171,2.57428,
-0.0244707,0.458938,-0.200163,0.539633,0.00306844,-0.00990171,2.58085,
-0.0240872,0.45472,0.121994,-1.23652,0.00311729,-0.00996283,2.58757,
-0.0240872,0.458076,-0.0570778,1.17534,0.00306844,-0.00897556,2.59408,
-0.0240872,0.458076,-0.0746356,-0.250788,0.00301958,-0.0100787,2.60082,
-0.0237037,0.457404,0.123039,0.0422942,0.00306844,-0.00990171,2.60744,
-0.0233202,0.458076,0.279497,-0.132271,0.00311729,-0.0102009,2.61402,
-0.0240872,0.457404,-0.026592,-0.147976,0.00311729,-0.00977752,2.62069,
-0.0237037,0.458076,0.0814271,-0.0961258,0.00301958,-0.00984058,2.62733,
-0.0240872,0.457404,-0.0424729,-0.00856899,0.00301958,-0.00965527,2.63394,
-0.0237037,0.457404,-0.00110449,0.0565042,0.00297073,-0.00959415,2.64064,
-0.0240872,0.458076,-0.0365163,0.0178062,0.00306844,-0.00990171,2.6473,
-0.0240872,0.458076,-0.0628188,0.862135,0.00306844,-0.00863153,2.65402,
-0.0244707,0.45472,-0.165504,-1.3976,0.00301958,-0.0100787,2.66052,
-0.0240872,0.457404,0.00398326,0.873816,0.00306844,-0.00897556,2.6673,
-0.0237037,0.458076,-0.0272714,0.123734,0.00301958,-0.00984058,2.67382,
-0.0240872,0.45472,0.000292227,-1.19808,0.00306844,-0.00990171,2.68055,
-0.0237037,0.457404,0.100634,0.0889264,0.00301958,-0.00965527,2.68711,
-0.0240872,0.457404,-0.0528351,0.452353,0.00306844,-0.00897556,2.69377,
-0.0240872,0.457404,0.0438253,-0.225687,0.00311729,-0.00996283,2.70038,
-0.0240872,0.458076,-0.0818451,0.236027,0.00301958,-0.00965527,2.70707,
-0.0240872,0.458076,-0.0208542,0.682705,0.00306844,-0.00897556,2.71359,
-0.0240872,0.458076,-0.0760152,0.633881,0.00306844,-0.00897556,2.72035,
-0.0240872,0.457404,-0.112532,-0.319711,0.00306844,-0.00990171,2.72687,
-0.0237037,0.45472,0.160166,-1.14673,0.00311729,-0.00977752,2.73359,
-0.0237037,0.457404,0.169354,-0.182191,0.00306844,-0.00990171,2.74014,
-0.0237037,0.458076,0.184336,0.604424,0.00311729,-0.00903668,2.74684,
-0.0240872,0.457404,-0.113461,-0.403005,0.00301958,-0.0100787,2.75342,
-0.0244707,0.458076,-0.142089,-0.605414,0.00301958,-0.0106874,2.76014,
-0.0237037,0.457404,0.0230326,0.477071,0.00301958,-0.00891443,2.76663,
-0.0237037,0.458076,0.175839,0.569964,0.00306844,-0.00897556,2.77333,
-0.0237037,0.45472,0.133084,-1.13601,0.00306844,-0.0097164,2.77996,
-0.0237037,0.458076,0.0314853,-0.0566075,0.00301958,-0.0100787,2.78659,
-0.0248543,0.453474,-0.301059,-1.42727,0.00311729,-0.00996283,2.79312,
-0.0244707,0.45472,-0.438807,-1.03574,0.00297073,-0.00959415,2.79992,
-0.0237037,0.457404,0.0600735,-0.0161288,0.00301958,-0.00965527,2.80639,
-0.0240872,0.457404,-0.0710307,-0.0453631,0.00306844,-0.00990171,2.81313,
-0.0240872,0.457404,-0.130269,0.0614561,0.00301958,-0.00965527,2.81972,
-0.0233202,0.45472,0.179261,-0.706454,0.00301958,-0.00984058,2.82636,
-0.0240872,0.458076,-0.0857835,0.1865,0.00306844,-0.0097164,2.83291,
-0.0240872,0.45472,-0.00268073,-0.601013,0.00306844,-0.00897556,2.83963,
-0.0240872,0.458076,0.0636676,-0.5059,0.00311729,-0.0108096,2.84618,
-0.0240872,0.458076,0.0412905,0.368233,0.00311729,-0.00977752,2.85288,
-0.0237037,0.458938,0.119606,0.610558,0.00306844,-0.0097164,2.85946,
-0.0237037,0.457404,0.105423,0.86719,0.00301958,-0.00891443,2.86611,
-0.0240872,0.458076,-0.0834195,0.0911633,0.00301958,-0.00984058,2.87267,
-0.0240872,0.457404,-0.10367,0.447119,0.00301958,-0.00891443,2.8793,
-0.0237037,0.457404,0.0750319,-0.209251,0.00301958,-0.00984058,2.88593,
-0.0237037,0.458076,0.0579322,0.216108,0.00301958,-0.00965527,2.89258,
-0.0237037,0.458076,0.129483,0.140951,0.00306844,-0.0097164,2.89922,
-0.0237037,0.457404,0.0763755,0.36317,0.00301958,-0.00965527,2.90584,
-0.0240872,0.457404,-0.0250372,0.0531488,0.00306844,-0.00990171,2.91247,
-0.0237037,0.458076,0.15337,0.578925,0.00306844,-0.00990171,2.91911,
-0.0237037,0.458938,0.0640391,1.24223,0.00306844,-0.00897556,2.92575,
-0.0237037,0.457404,0.113125,-0.314239,0.00301958,-0.00984058,2.93241,
-0.0240872,0.45472,-0.0479548,-1.17621,0.00306844,-0.00990171,2.93904,
-0.0240872,0.457404,-0.147871,0.417442,0.00297073,-0.00959415,2.94565,
-0.0240872,0.45472,-0.00792329,-0.94561,0.00306844,-0.00990171,2.95236,
-0.0240872,0.458076,-0.0907533,0.498915,0.00301958,-0.00965527,2.95898,
-0.0240872,0.458076,-0.139122,0.152746,0.00297073,-0.00977945,2.96556,
-0.0240872,0.458076,0.00471029,0.197258,0.00306844,-0.0097164,2.97225,
-0.0237037,0.458076,0.137114,0.696772,0.00306844,-0.00897556,2.97881,
-0.0240872,0.457404,-0.04992,0.253542,0.00306844,-0.00990171,2.98549,
-0.0237037,0.457404,-0.00643895,-0.0162526,0.00301958,-0.00965527,2.99211,
-0.0237037,0.457404,-0.000201217,-0.0411101,0.00301958,-0.00965527,2.99871,
-0.0244707,0.458076,-0.0704534,0.0147557,0.00316615,-0.010024,3.00535,
-0.0244707,0.458076,-0.266325,-0.231988,0.00297073,-0.0100175,3.012,
-0.0240872,0.458076,-0.108884,0.359467,0.00301958,-0.00984058,3.01862,
-0.0240872,0.457404,-0.167232,-0.19712,0.00297073,-0.00977945,3.02522,
-0.0240872,0.457404,-0.133386,-0.131795,0.00301958,-0.00965527,3.03192,
-0.0240872,0.458076,-0.0108861,0.0717058,0.00306844,-0.00990171,3.03859,
-0.0244707,0.457404,-0.33838,0.0330338,0.00297073,-0.00959415,3.04517,
-0.0240872,0.458076,-0.104356,0.950916,0.00301958,-0.00891443,3.05188,
-0.0240872,0.458938,0.0329419,0.485937,0.00311729,-0.00977752,3.05843,
-0.0240872,0.45472,-0.00934877,-0.646718,0.00301958,-0.00891443,3.06518,
-0.0240872,0.457404,-0.119401,-0.118503,0.00301958,-0.00965527,3.07173,
-0.0237037,0.45472,0.118581,-1.27578,0.00306844,-0.0101398,3.07842,
-0.0237037,0.458076,-0.188143,0.16736,0.00292188,-0.00953302,3.08497,
0.115891,0.457404,51.2607,-0.0734788,0.00301958,-0.00984058,3.09169,
-0.0237037,0.458076,-1.66386,0.714297,0.00301958,-0.00891443,3.09825,
-0.0240872,0.458076,-0.0692765,0.306241,0.00306844,-0.0097164,3.10492,
-0.0244707,0.458076,-0.249622,0.468087,0.00301958,-0.00965527,3.11154,
-0.0237037,0.458938,0.0185857,0.520897,0.00301958,-0.00965527,3.11821,
-0.0233202,0.458076,0.329333,0.155351,0.00311729,-0.00996283,3.12481,
-0.0237037,0.458076,0.139653,0.884814,0.00306844,-0.00897556,3.13156,
-0.0240872,0.45472,-0.124429,-1.10166,0.00301958,-0.0100787,3.13817,
-0.0240872,0.458938,-0.0962587,0.356904,0.00301958,-0.00984058,3.14487,
-0.0240872,0.461144,0.0372016,1.57539,0.00311729,-0.00996283,3.15149,
-0.0237037,0.458076,0.128828,0.403617,0.00311729,-0.00903668,3.15815,
-0.0240872,0.458076,-0.0996919,-0.00797991,0.00301958,-0.00984058,3.16477,
-0.0237037,0.457404,0.118841,0.0511057,0.00311729,-0.00996283,3.17141,
-0.0244707,0.45472,-0.16963,-1.37694,0.00306844,-0.0101398,3.17801,
-0.0240872,0.458938,-0.060972,0.605457,0.00301958,-0.00965527,3.18462,
-0.0244707,0.458076,-0.195668,0.0651568,0.00306844,-0.00990171,3.19126,
-0.0244707,0.458076,-0.098313,0.179354,0.00306844,-0.0097164,3.19792,
-0.0237037,0.458076,-0.00308624,0.144694,0.00297073,-0.00977945,3.20451,
-0.0240872,0.45472,-0.0459982,-1.26986,0.00306844,-0.0101398,3.21118,
-0.0240872,0.45472,-0.0578734,-1.09308,0.00306844,-0.0097164,3.21781,
-0.0240872,0.458076,0.0448256,0.118408,0.00311729,-0.00977752,3.22443,
-0.0233202,0.458076,0.163145,0.228069,0.00306844,-0.0097164,3.23107,
-0.0237037,0.458938,0.0697634,0.381681,0.00306844,-0.00990171,3.23776,
-0.0237037,0.457404,0.167874,0.64226,0.00306844,-0.00863153,3.24435,
-0.0244707,0.458076,-0.26972,0.234224,0.00301958,-0.00965527,3.25104,
-0.0237037,0.458076,0.15585,0.0499247,0.00306844,-0.0097164,3.25765,
-0.0244707,0.458076,-0.105743,0.115363,0.00306844,-0.0097164,3.26427,
-0.0240872,0.457404,-0.160751,0.672048,0.00297073,-0.00850928,3.27088,
-0.0237037,0.457404,0.0497408,-0.271126,0.00301958,-0.0100787,3.27755,
-0.0240872,0.458938,-0.0199195,0.560555,0.00306844,-0.0097164,3.28416,
-0.0240872,0.458076,-0.0464546,0.271645,0.00306844,-0.0097164,3.29083,
-0.0237037,0.457404,0.0383455,0.365603,0.00301958,-0.00984058,3.29743,
-0.0237037,0.458076,0.0385996,0.00254637,0.00306844,-0.00990171,3.30411,
-0.0237037,0.457404,0.171364,0.438208,0.00306844,-0.0097164,3.31069,
-0.0237037,0.457404,-0.0407662,0.287931,0.00297073,-0.00885331,3.31738,
-0.0240872,0.457404,-0.0404057,-0.184976,0.00306844,-0.00990171,3.32396,
-0.0237037,0.458076,0.146047,0.233879,0.00306844,-0.00990171,3.33061,
-0.0240872,0.457404,-0.0202452,-0.0931083,0.00306844,-0.0097164,3.33727,
-0.0237037,0.45472,0.110559,-0.604299,0.00306844,-0.00897556,3.34392,
-0.0237037,0.458076,-0.0440858,0.205401,0.00297073,-0.00959415,3.35054,
-0.0240872,0.458076,0.108845,0.619434,0.00311729,-0.00903668,3.35719,
-0.0248543,0.458076,-0.267325,0.571182,0.00306844,-0.00897556,3.36381,
-0.0240872,0.458076,-0.0447091,0.0563919,0.00306844,-0.00990171,3.37044,
-0.0240872,0.457404,0.0325284,0.237993,0.00311729,-0.00977752,3.37709,
-0.0244707,0.45472,-0.182559,-1.13398,0.00306844,-0.00990171,3.38374,
-0.0237037,0.458076,0.0692683,0.833915,0.00306844,-0.00897556,3.39034,
-0.0240872,0.458076,-0.0947436,0.0696264,0.00301958,-0.00984058,3.39702,
-0.0240872,0.458076,0.101334,0.0823432,0.00316615,-0.010024,3.40367,
-0.0244707,0.458076,-0.189651,0.0346539,0.00306844,-0.00990171,3.4103,
-0.0240872,0.457404,-0.0058568,-0.254391,0.00306844,-0.00990171,3.41692,
-0.0240872,0.45472,-0.110074,-0.921915,0.00301958,-0.00965527,3.42355,
-0.0240872,0.458076,-0.131558,0.259937,0.00301958,-0.00984058,3.4302,
-0.0237037,0.458076,0.0789902,0.170492,0.00306844,-0.0097164,3.43687,
-0.0237037,0.457404,0.0920227,-0.0267039,0.00301958,-0.00965527,3.44351,
-0.0248543,0.457404,-0.408802,-0.112836,0.00301958,-0.00965527,3.4502,
-0.0240872,0.45472,0.0782643,-0.476266,0.00311729,-0.00903668,3.45674,
-0.0244707,0.458076,-0.245349,0.354357,0.00301958,-0.00965527,3.4634,
-0.0244707,0.45472,-0.23534,-1.29118,0.00301958,-0.00984058,3.47,
-0.0240872,0.458938,0.00261718,0.414368,0.00311729,-0.00996283,3.47666,
-0.0237037,0.45472,0.228573,-1.07653,0.00311729,-0.00977752,3.48329,
-0.0244707,0.458076,-0.122644,0.125719,0.00306844,-0.00990171,3.48993,
-0.0240872,0.457404,0.0306307,0.062919,0.00311729,-0.00996283,3.49655,
-0.0240872,0.458076,-0.00820506,0.130191,0.00306844,-0.00990171,3.50318,
-0.0240872,0.458076,-0.0474725,0.0291685,0.00306844,-0.0101398,3.50981,
-0.0237037,0.458938,0.135714,0.452619,0.00301958,-0.00965527,3.51649,
-0.0244707,0.458076,-0.138611,0.233582,0.00306844,-0.0097164,3.52311,
-0.0237037,0.458076,0.199254,-0.063451,0.00311729,-0.00996283,3.52973,
-0.0244707,0.457404,-0.059637,-0.200732,0.00311729,-0.00977752,3.53637,
-0.0244707,0.458076,-0.149614,0.155248,0.00306844,-0.0097164,3.54299,
-0.0240872,0.45472,-0.0590803,-1.23186,0.00306844,-0.00990171,3.54965,
-0.0233202,0.458076,0.200636,0.37995,0.00301958,-0.00965527,3.55629,
-0.0240872,0.457404,0.0138325,-0.0492061,0.00311729,-0.00977752,3.5629,
-0.0237037,0.458076,0.0478693,0.190389,0.00306844,-0.00990171,3.56953,
-0.0240872,0.458076,-0.0715788,1.43819,0.00306844,-0.00863153,3.57616,
-0.0240872,0.458938,0.0811524,0.379803,0.00311729,-0.00996283,3.58284,
-0.0237037,0.453474,-0.008041,-1.07687,0.00301958,-0.00891443,3.58942,
-0.0244707,0.457404,-0.183662,-0.244769,0.00301958,-0.0100787,3.59609,
-0.0237037,0.457404,0.00167622,0.108675,0.00297073,-0.00959415,3.60273,
-0.0240872,0.457404,0.0742958,-0.0972045,0.00311729,-0.00977752,3.60934,
-0.0237037,0.458938,0.100532,0.580227,0.00306844,-0.0097164,3.61609,
-0.0244707,0.457404,-0.236259,0.107995,0.00306844,-0.00990171,3.62261,
-0.0244707,0.458076,-0.128112,0.691067,0.00306844,-0.00897556,3.62928,
-0.0244707,0.458076,-0.159839,0.198394,0.00306844,-0.0097164,3.63599,
-0.0244707,0.457404,-0.180755,-0.287349,0.00306844,-0.00990171,3.64259,
-0.0244707,0.457404,-0.171475,0.374416,0.00306844,-0.0097164,3.64926,
-0.0237037,0.458938,0.0387108,0.501728,0.00301958,-0.00984058,3.65589,
-0.0244707,0.457404,-0.173791,0.220218,0.00306844,-0.0097164,3.66246,
-0.0240872,0.45472,-0.0251931,-1.21281,0.00306844,-0.00990171,3.66909,
-0.0237037,0.458076,0.109095,0.13824,0.00306844,-0.00990171,3.67578,
-0.0233202,0.457404,0.131611,0.00170803,0.00297073,-0.00959415,3.68234,
-0.0237037,0.458076,0.0510081,0.31592,0.00306844,-0.00990171,3.68907,
-0.0233202,0.458076,0.309695,0.472237,0.00311729,-0.00996283,3.69571,
-0.0237037,0.45472,0.0567305,-0.577265,0.00306844,-0.00897556,3.70229,
-0.0240872,0.457404,-0.0806381,0.446978,0.00301958,-0.00891443,3.70892,
-0.0240872,0.458076,-0.00208713,-0.246148,0.00311729,-0.00996283,3.7156,
-0.0240872,0.45472,0.086116,-0.808512,0.00311729,-0.00996283,3.7222,
-0.0244707,0.45472,-0.0612983,-1.03941,0.00311729,-0.00996283,3.72887,
-0.0240872,0.45472,-0.0911679,-1.00497,0.00301958,-0.00965527,3.73549,
-0.0240872,0.458076,-0.0698853,0.00579165,0.00301958,-0.00984058,3.74212,
-0.0240872,0.453474,0.0996193,-1.73755,0.00311729,-0.00996283,3.74876,
-0.0240872,0.457404,-0.0243667,0.831639,0.00306844,-0.00897556,3.75542,
-0.0240872,0.457404,-0.103036,0.538615,0.00306844,-0.00897556,3.76196,
-0.0233202,0.458076,0.180698,0.47791,0.00301958,-0.00965527,3.76863,
-0.0240872,0.45472,-0.0292102,-0.632302,0.00306844,-0.00897556,3.77526,
-0.0240872,0.458076,-0.0739042,0.254855,0.00306844,-0.0097164,3.78191,
-0.0237037,0.458076,0.0328092,0.300321,0.00301958,-0.00984058,3.78856,
-0.0244707,0.457404,-0.171859,-0.245895,0.00306844,-0.00990171,3.7952,
-0.0237037,0.457404,0.0516113,-0.232348,0.00301958,-0.00984058,3.80182,
-0.0240872,0.45472,0.112323,-1.06071,0.00316615,-0.00983866,3.80846,
-0.0237037,0.458076,0.213045,0.464143,0.00311729,-0.00996283,3.81514,
-0.0237037,0.458076,-0.00213841,0.815085,0.00297073,-0.00885331,3.82174,
-0.0240872,0.458076,-0.0301381,0.170076,0.00301958,-0.00965527,3.8284,
-0.0237037,0.457404,0.135608,-0.834507,0.00306844,-0.0107485,3.83505,
-0.0237037,0.458938,0.0978239,0.812298,0.00301958,-0.00965527,3.84168,
-0.0240872,0.457404,0.0150996,-0.201727,0.00306844,-0.00990171,3.84841,
-0.0237037,0.45472,0.173573,-0.978328,0.00306844,-0.0097164,3.85504,
-0.0237037,0.45472,-0.0286878,-1.15133,0.00297073,-0.00977945,3.86167,
-0.0237037,0.458076,0.136251,0.765325,0.00306844,-0.00897556,3.86832,
-0.0240872,0.458076,0.0139823,0.996572,0.00306844,-0.00863153,3.87498,
-0.0244707,0.458076,-0.228514,-0.0220472,0.00301958,-0.0100787,3.88164,
-0.0237037,0.458938,0.180253,0.488008,0.00306844,-0.00990171,3.88823,
-0.0240872,0.458076,0.0234841,0.106687,0.00311729,-0.00996283,3.8949,
-0.0240872,0.458938,-0.093894,0.625477,0.00301958,-0.00984058,3.90153,
-0.0244707,0.458076,-0.204364,0.816049,0.00301958,-0.00891443,3.90813,
-0.0237037,0.45472,0.171882,-0.956444,0.00311729,-0.00977752,3.91479,
-0.0237037,0.458076,0.133447,0.226395,0.00306844,-0.00990171,3.92142,
-0.0237037,0.458076,0.200484,0.00707485,0.00311729,-0.00996283,3.92807,
-0.0244707,0.458076,-0.103179,0.112247,0.00311729,-0.00996283,3.93474,
-0.0240872,0.458076,0.114171,0.758685,0.00311729,-0.00903668,3.94142,
-0.0240872,0.45472,-0.0513216,-1.11267,0.00301958,-0.00984058,3.94809,
-0.0237037,0.457404,0.120701,0.0120583,0.00306844,-0.0101398,3.95471,
-0.0237037,0.458076,0.0220683,0.513139,0.00301958,-0.00965527,3.96128,
-0.0240872,0.457404,-0.0359035,0.362219,0.00306844,-0.0097164,3.96792,
-0.0244707,0.457404,-0.101788,0.74338,0.00311729,-0.00903668,3.97458,
-0.0240872,0.453474,-0.0326539,-1.55868,0.00311729,-0.00996283,3.98125,
-0.0248543,0.458938,-0.284256,0.367947,0.00306844,-0.00990171,3.98788,
-0.0244707,0.457404,-0.0718927,0.044091,0.00306844,-0.0097164,3.99445,
-0.0240872,0.458076,-0.057067,0.0562642,0.00301958,-0.00984058,4.0011,
-0.0237037,0.458076,0.149523,0.0337412,0.00306844,-0.00990171,4.00772,
-0.0240872,0.457404,-0.0313365,-0.0153359,0.00301958,-0.00965527,4.01434,
-0.0240872,0.457404,0.0983846,0.636291,0.00316615,-0.00909782,4.02108,
-0.0237037,0.458076,0.112215,1.26784,0.00301958,-0.0085704,4.02769,
-0.0240872,0.457404,-0.19195,0.0827117,0.00297073,-0.00977945,4.03434,
-0.0237037,0.458938,0.10477,0.445371,0.00306844,-0.00990171,4.04091,
-0.0240872,0.45472,-0.0764528,-1.20418,0.00306844,-0.00990171,4.04759,
-0.0240872,0.457404,-0.0481863,-0.119751,0.00306844,-0.0097164,4.05423,
-0.0240872,0.458076,-0.139101,0.0871401,0.00301958,-0.00984058,4.0611,
-0.0240872,0.458076,-0.00434692,0.176753,0.00306844,-0.00990171,4.06751,
-0.0240872,0.457404,0.0665907,0.494542,0.00311729,-0.00903668,4.07407,
-0.0237037,0.458076,0.0750195,0.647267,0.00301958,-0.00891443,4.08079,
-0.0240872,0.458076,-0.00617132,0.328787,0.00311729,-0.00977752,4.08741,
-0.0240872,0.458076,0.063352,0.488592,0.00311729,-0.00977752,4.09399,
-0.0240872,0.457404,-0.0742582,-0.0167389,0.00301958,-0.00965527,4.10062,
-0.0248543,0.461144,-0.346581,1.12107,0.00306844,-0.0101398,4.10733,
-0.0237037,0.458076,0.087932,-0.0183277,0.00306844,-0.00990171,4.11391,
-0.0237037,0.458938,0.13088,1.01644,0.00306844,-0.00897556,4.12055,
-0.0237037,0.45472,0.158421,-0.588437,0.00311729,-0.00903668,4.12729,
-0.0237037,0.457404,0.177278,-0.115169,0.00306844,-0.00990171,4.13388,
-0.0237037,0.458938,0.0917121,0.343108,0.00306844,-0.0101398,4.14053,
-0.0240872,0.458076,0.00264321,0.618725,0.00306844,-0.0097164,4.1472,
-0.0244707,0.458076,-0.218447,0.0673706,0.00301958,-0.00984058,4.15381,
-0.0244707,0.458076,-0.172672,0.657782,0.00306844,-0.00897556,4.16048,
-0.0244707,0.458076,-0.137434,0.10919,0.00306844,-0.00990171,4.16714,
-0.0240872,0.457404,0.0413838,0.0730307,0.00306844,-0.0097164,4.17372,
-0.0237037,0.458076,0.174064,0.226504,0.00311729,-0.00977752,4.18039,
-0.0244707,0.458076,-0.110399,0.189556,0.00306844,-0.00990171,4.18712,
-0.0244707,0.458076,-0.140354,0.643361,0.00306844,-0.00897556,4.19364,
-0.0240872,0.457404,-0.059192,-0.0296591,0.00306844,-0.0097164,4.20038,
-0.0244707,0.457404,-0.0931098,-0.10136,0.00311729,-0.00977752,4.20698,
-0.0248543,0.458076,-0.368372,0.381273,0.00301958,-0.00984058,4.21369,
-0.0240872,0.457404,-0.157729,-0.30998,0.00297073,-0.00977945,4.22024,
-0.0237037,0.457404,0.0613687,0.589979,0.00306844,-0.00863153,4.22695,
-0.0240872,0.458938,-0.170612,0.278803,0.00297073,-0.0100175,4.23347,
-0.0244707,0.458076,-0.105061,-0.0943144,0.00306844,-0.00990171,4.24027,
-0.0244707,0.458076,-0.185831,0.0131293,0.00306844,-0.00990171,4.24685,
-0.0233202,0.458938,0.153246,0.564781,0.00301958,-0.00984058,4.25351,
-0.0240872,0.457404,-0.0408134,0.477349,0.00306844,-0.00897556,4.2601,
-0.0240872,0.457404,0.0926995,0.106406,0.00311729,-0.00996283,4.26677,
-0.0240872,0.458076,-0.0520767,0.0193411,0.00306844,-0.00990171,4.27339,
-0.0237037,0.45472,0.145991,-1.35563,0.00306844,-0.0101398,4.28009,
-0.0237037,0.458076,0.1506,0.500373,0.00306844,-0.0097164,4.28664,
-0.0233202,0.457404,0.219144,0.826422,0.00306844,-0.00897556,4.29333,
-0.0237037,0.457404,0.135022,0.70681,0.00306844,-0.00897556,4.2999,
-0.0237037,0.457404,0.134654,0.616045,0.00306844,-0.00897556,4.30656,
-0.0237037,0.457404,0.00461239,0.115967,0.00297073,-0.00977945,4.31317,
-0.0244707,0.457404,-0.0810327,0.0271348,0.00316615,-0.00983866,4.31989,
-0.0240872,0.461144,-0.0207451,1.60658,0.00306844,-0.0097164,4.32646,
-0.0240872,0.457404,0.0461306,-0.19921,0.00306844,-0.00990171,4.33303,
-0.0237037,0.457404,0.136169,0.839131,0.00301958,-0.00891443,4.33972,
-0.0240872,0.458076,0.0397496,0.269578,0.00306844,-0.0097164,4.34628,
-0.0237037,0.458076,0.215361,0.659462,0.00311729,-0.00903668,4.353,
-0.0240872,0.458076,0.0541857,0.0537024,0.00311729,-0.00996283,4.35962,
-0.0237037,0.458076,-0.00640857,0.225535,0.00297073,-0.00959415,4.36624,
-0.0233202,0.457404,0.307997,-0.276439,0.00306844,-0.0101398,4.37289,
-0.0248543,0.458076,-0.33446,0.119162,0.00306844,-0.00990171,4.37953,
-0.0237037,0.457404,0.108289,-0.484027,0.00301958,-0.0100787,4.38614,
-0.0240872,0.45472,-0.0332091,-0.0904692,0.00306844,-0.00863153,4.39279,
-0.0240872,0.458076,-0.120461,0.750748,0.00301958,-0.00891443,4.39943,
-0.0240872,0.457404,-0.190202,-0.0722394,0.00297073,-0.00977945,4.40605,
-0.0240872,0.458076,-0.0698223,-0.0203523,0.00301958,-0.00984058,4.41264,
-0.0244707,0.457404,-0.243541,-0.151534,0.00301958,-0.00984058,4.41934,
-0.0240872,0.45472,-0.0827496,-1.00458,0.00301958,-0.00965527,4.42594,
-0.0240872,0.457404,-0.0637141,0.0815356,0.00301958,-0.00984058,4.43264,
-0.0240872,0.457404,-0.0842098,0.116673,0.00306844,-0.00990171,4.43924,
-0.0240872,0.45472,-0.193809,-1.12406,0.00297073,-0.00977945,4.44589,
-0.0237037,0.457404,0.041495,-0.210739,0.00301958,-0.00984058,4.45251,
-0.0240872,0.458076,0.045694,0.202916,0.00311729,-0.0102009,4.45917,
-0.0233202,0.458076,0.370145,0.523717,0.00311729,-0.00903668,4.46577,
-0.0244707,0.457404,-0.0426909,0.280961,0.00311729,-0.00996283,4.47245,
-0.0240872,0.457404,0.0810494,-0.156795,0.00311729,-0.00996283,4.47905,
-0.0240872,0.458076,-0.0666184,0.0431112,0.00306844,-0.00990171,4.48575,
-0.0240872,0.45472,0.171205,-0.347091,0.00311729,-0.00903668,4.49232,
-0.0244707,0.457404,-0.0757795,-0.155499,0.00306844,-0.00990171,4.49896,
-0.0248543,0.45472,-0.385202,-1.28918,0.00301958,-0.00984058,4.50552,
-0.0233202,0.45472,0.242863,-1.16381,0.00306844,-0.00990171,4.51224,
-0.0240872,0.457404,-0.0732323,0.289293,0.00301958,-0.00984058,4.51884,
-0.0233202,0.458938,0.299836,0.459542,0.00306844,-0.00990171,4.52549,
-0.0244707,0.457404,-0.146592,-0.0365922,0.00306844,-0.0097164,4.53211,
-0.0244707,0.458076,-0.0736373,0.166588,0.00311729,-0.00977752,4.53871,
-0.0237037,0.45472,0.15424,-1.04349,0.00306844,-0.0097164,4.54549,
-0.0240872,0.458076,0.0141383,1.33132,0.00306844,-0.00863153,4.5521,
-0.0237037,0.458076,0.193753,0.186217,0.00306844,-0.00990171,4.5587,
-0.0244707,0.45472,-0.0720895,-1.12426,0.00311729,-0.00977752,4.56535,
-0.0237037,0.45472,0.262737,-0.927813,0.00316615,-0.010024,4.57198,
-0.0237037,0.457404,0.0681358,0.0189949,0.00301958,-0.00965527,4.57862,
-0.0233202,0.458076,0.255928,0.281558,0.00306844,-0.0097164,4.58525,
-0.0233202,0.453474,0.193858,-1.1111,0.00306844,-0.00897556,4.59191,
-0.0240872,0.45472,0.0609614,-1.01171,0.00311729,-0.00977752,4.59849,
-0.0237037,0.45472,0.180015,-1.06616,0.00311729,-0.00977752,4.6052,
-0.0244707,0.458076,-0.257817,0.820053,0.00297073,-0.00885331,4.61178,
-0.0240872,0.458076,-0.155147,0.530164,0.00297073,-0.00977945,4.61846,
-0.0240872,0.457404,-0.00274122,-0.283153,0.00306844,-0.00990171,4.62509,
-0.0233202,0.457404,0.300806,-0.446649,0.00306844,-0.0101398,4.63175,
-0.0240872,0.458076,0.0782029,0.598065,0.00311729,-0.00903668,4.63845,
-0.0237037,0.457404,0.128861,-0.172122,0.00306844,-0.00990171,4.64504,
-0.0244707,0.458076,-0.137926,0.652011,0.00306844,-0.00897556,4.65177,
-0.0240872,0.45472,0.0139864,-0.698567,0.00306844,-0.00990171,4.65833,
-0.0248543,0.45472,-0.211753,-0.743508,0.00311729,-0.00996283,4.66504,
-0.0240872,0.45472,0.111748,-1.0425,0.00311729,-0.00996283,4.67162,
-0.0237037,0.458076,0.225812,0.179008,0.00311729,-0.00996283,4.67831,
-0.0237037,0.458076,0.263466,0.278172,0.00311729,-0.00977752,4.68489,
-0.0244707,0.457404,-0.242802,-0.119337,0.00301958,-0.00965527,4.69159,
-0.0240872,0.457404,-0.0624773,-0.361278,0.00306844,-0.0101398,4.69811,
-0.0240872,0.458076,-0.0433547,-0.0571523,0.00301958,-0.0100787,4.70488,
-0.0237037,0.458076,0.117134,0.557614,0.00306844,-0.0097164,4.71147,
-0.0233202,0.457404,0.171112,0.126153,0.00301958,-0.00984058,4.71812,
-0.0240872,0.458076,-0.150034,0.0199094,0.00301958,-0.00984058,4.72472,
-0.0233202,0.458076,0.220601,0.189053,0.00306844,-0.0097164,4.7314,
-0.0240872,0.457404,-0.0479124,-0.010108,0.00306844,-0.0097164,4.73798,
-0.0240872,0.45472,0.0456925,-1.15916,0.00311729,-0.00996283,4.7446,
-0.0240872,0.457404,-0.0893734,-0.0354001,0.00301958,-0.00984058,4.75126,
-0.0240872,0.458076,0.0368571,-0.00324349,0.00306844,-0.00990171,4.75798,
-0.0240872,0.45472,-0.0074466,-1.28083,0.00311729,-0.00996283,4.76454,
-0.0237037,0.458076,0.10606,0.290608,0.00301958,-0.00965527,4.77125,
-0.0240872,0.458076,0.0400745,0.680256,0.00306844,-0.00897556,4.77775,
-0.0240872,0.458076,-0.0569365,0.137307,0.00301958,-0.00965527,4.7845,
-0.0240872,0.45472,-0.0843082,-0.849257,0.00306844,-0.0097164,4.79109,
-0.0244707,0.457404,-0.139413,-0.120608,0.00311729,-0.00996283,4.79778,
-0.0244707,0.458076,0.0597695,0.3795,0.00316615,-0.010024,4.80435,
-0.0237037,0.457404,0.0108906,0.135097,0.00301958,-0.00965527,4.81112,
-0.0240872,0.458938,0.0716174,0.416831,0.00311729,-0.00996283,4.81775,
-0.0240872,0.457404,-0.0994434,-0.205532,0.00301958,-0.00965527,4.82438,
-0.0237037,0.457404,0.181001,-0.0893923,0.00306844,-0.0097164,4.83101,
-0.0237037,0.458076,0.0787033,0.413617,0.00301958,-0.00984058,4.83768,
-0.0244707,0.457404,-0.135791,-0.00304161,0.00311729,-0.00977752,4.84423,
-0.0244707,0.458076,-0.160823,0.0959029,0.00301958,-0.00984058,4.85093,
-0.0240872,0.458938,-0.059999,0.43993,0.00301958,-0.00965527,4.85752,
-0.0240872,0.457404,0.0816677,0.0893669,0.00311729,-0.00977752,4.86421,
-0.0248543,0.45472,-0.388277,-0.258015,0.00306844,-0.00897556,4.87085,
-0.0240872,0.458076,0.0608729,0.230234,0.00306844,-0.0097164,4.87746,
-0.0240872,0.457404,-0.128739,-0.332591,0.00306844,-0.0101398,4.8841,
-0.0233202,0.457404,0.124598,0.117096,0.00306844,-0.00990171,4.89067,
-0.0237037,0.457404,0.153886,-0.792393,0.00306844,-0.0107485,4.89732,
-0.0233202,0.45472,0.270855,-1.3958,0.00301958,-0.00965527,4.90399,
-0.0244707,0.457404,-0.27583,0.00447972,0.00301958,-0.00965527,4.91065,
-0.0240872,0.458076,0.00970216,0.384482,0.00311729,-0.00996283,4.91729,
-0.0244707,0.45472,-0.245856,-1.21699,0.00297073,-0.00959415,4.92392,
-0.0237037,0.45472,0.0105999,-1.13324,0.00301958,-0.00965527,4.93056,
-0.0240872,0.458076,0.000345204,0.24537,0.00306844,-0.0101398,4.93715,
-0.0237037,0.458076,-0.00254753,-0.0770686,0.00297073,-0.0100175,4.94378,
-0.0248543,0.458076,-0.28402,0.0267007,0.00306844,-0.00990171,4.95049,
-0.0240872,0.45472,-0.051625,-0.576177,0.00301958,-0.00965527,4.95715,
-0.0240872,0.45472,-0.0871763,-1.11102,0.00301958,-0.00965527,4.9638,
-0.0237037,0.458076,0.199276,0.147556,0.00306844,-0.00990171,4.97036,
-0.0237037,0.458076,0.0881382,0.208675,0.00306844,-0.0097164,4.9771,
-0.0225533,0.457404,0.516177,-0.171477,0.00306844,-0.00990171,4.98373,
-0.0240872,0.458076,-0.166138,0.010645,0.00297073,-0.00977945,4.99036,
-0.0240872,0.458076,-0.078239,0.690146,0.00306844,-0.00897556,4.99694,
-0.0240872,0.458076,-0.0115863,0.24711,0.00306844,-0.00990171,5.00365,
-0.0237037,0.458076,0.126124,0.444158,0.00311729,-0.00996283,5.01027,
-0.0240872,0.457404,-0.022386,0.0542844,0.00306844,-0.00990171,5.01688,
-0.0244707,0.457404,-0.075196,-0.347545,0.00306844,-0.00990171,5.02351,
-0.0240872,0.457404,-0.0313019,-0.0108608,0.00306844,-0.0097164,5.03012,
-0.0248543,0.458076,-0.41325,0.61084,0.00301958,-0.00891443,5.03678,
-0.0240872,0.457404,-0.0681788,-0.397016,0.00301958,-0.00965527,5.04341,
-0.0237037,0.458076,0.108758,0.620871,0.00306844,-0.00897556,5.05002,
-0.0237037,0.458076,0.167845,0.0479108,0.00311729,-0.00996283,5.05671,
-0.0240872,0.457404,-0.0130098,0.348616,0.00306844,-0.00897556,5.06334,
-0.0244707,0.457404,-0.240656,0.434655,0.00301958,-0.00891443,5.06997,
-0.0240872,0.45472,-0.117524,-1.20523,0.00301958,-0.00984058,5.07666,
-0.0237037,0.458938,0.232344,0.318247,0.00311729,-0.0102009,5.08334,
-0.0248543,0.457404,-0.229721,-0.184336,0.00311729,-0.00996283,5.08991,
-0.0237037,0.458076,0.319344,0.796677,0.00316615,-0.00909782,5.09653,
-0.0240872,0.457404,0.0108039,0.190499,0.00306844,-0.0097164,5.10321,
-0.0237037,0.458076,0.0511344,0.291794,0.00301958,-0.00965527,5.10987,
-0.0237037,0.458076,0.112147,0.0257346,0.00301958,-0.00984058,5.11646,
-0.0244707,0.457404,-0.133378,-0.0803394,0.00311729,-0.00977752,5.12312,
-0.0233202,0.458076,0.451277,0.0992252,0.00316615,-0.00983866,5.12968,
-0.0248543,0.458938,-0.378293,1.01308,0.00301958,-0.00891443,5.13639,
-0.0240872,0.45472,0.015163,-1.18218,0.00306844,-0.0097164,5.14302,
-0.0244707,0.458938,-0.0972348,0.524502,0.00311729,-0.00996283,5.14975,
-0.0237037,0.457404,0.228564,0.148327,0.00311729,-0.00996283,5.15644,
-0.0240872,0.458076,-0.0662669,0.229385,0.00301958,-0.00965527,5.16308,
-0.0237037,0.457404,0.0483536,0.223431,0.00301958,-0.00965527,5.16971,
-0.0240872,0.45472,-0.144945,-1.24602,0.00301958,-0.0100787,5.17634,
-0.0233202,0.458076,0.141871,0.0366635,0.00301958,-0.00984058,5.18294,
-0.0237037,0.458076,0.167864,0.0332997,0.00311729,-0.00996283,5.1896,
-0.0248543,0.458076,-0.253799,1.13449,0.00306844,-0.00863153,5.19617,
-0.0237037,0.45472,0.193444,-1.15804,0.00311729,-0.00977752,5.20292,
-0.0233202,0.458076,0.270709,0.128889,0.00306844,-0.00990171,5.20947,
-0.0244707,0.457404,-0.201812,0.755778,0.00306844,-0.00897556,5.21616,
-0.0244707,0.458076,-0.192948,0.683622,0.00301958,-0.00891443,5.22278,
-0.0237037,0.45472,0.10293,-0.6404,0.00306844,-0.00897556,5.22942,
-0.0240872,0.457404,-0.0236229,-0.090398,0.00306844,-0.0097164,5.23604,
-0.0237037,0.458076,0.0178234,0.218987,0.00301958,-0.00984058,5.24264,
-0.0240872,0.457404,-0.135546,-0.190276,0.00301958,-0.00984058,5.24933,
-0.0240872,0.458076,-0.0953842,0.241255,0.00301958,-0.00965527,5.25596,
-0.0240872,0.457404,-0.188844,-0.41985,0.00297073,-0.0100175,5.26253,
-0.0240872,0.457404,-0.0609027,-0.188053,0.00306844,-0.00990171,5.26919,
-0.0237037,0.45472,0.126117,-1.17783,0.00306844,-0.0097164,5.27586,
-0.0240872,0.458076,-0.0969975,0.203451,0.00301958,-0.00965527,5.28248,
-0.0240872,0.458076,-0.187219,0.040687,0.00297073,-0.00959415,5.28911,
-0.0233202,0.45472,0.259253,-0.926631,0.00301958,-0.00984058,5.29577,
-0.0237037,0.458076,0.129403,0.227801,0.00306844,-0.0097164,5.30243,
-0.0237037,0.458076,-0.159235,0.454259,0.00292188,-0.00953302,5.30911,
-0.0237037,0.458076,0.124426,0.223756,0.00306844,-0.0097164,5.31579,
-0.0244707,0.458076,-0.263183,0.0406222,0.00301958,-0.00984058,5.32239,
-0.0240872,0.457404,0.027005,-0.174951,0.00311729,-0.00996283,5.32906,
-0.0240872,0.457404,-0.274635,0.427082,0.00297073,-0.00885331,5.33572,
-0.0240872,0.458076,-0.135901,0.329525,0.00297073,-0.00977945,5.34228,
-0.0237037,0.458076,0.159559,0.0889362,0.00311729,-0.00996283,5.34894,
-0.0244707,0.458076,-0.108347,-0.0605845,0.00311729,-0.0102009,5.35559,
-0.0240872,0.457404,-0.0305801,-0.242083,0.00306844,-0.00990171,5.36218,
-0.0233202,0.458076,0.171542,0.300253,0.00301958,-0.00965527,5.36883,
-0.0240872,0.457404,0.00531886,0.105928,0.00306844,-0.00990171,5.37551,
-0.0240872,0.45472,-0.18002,-0.51432,0.00297073,-0.00885331,5.38212,
-0.0240872,0.457404,-0.00562564,0.741798,0.00306844,-0.00897556,5.38878,
-0.0244707,0.458076,-0.270473,0.380862,0.00301958,-0.00984058,5.39533,
-0.0237037,0.458938,0.0275559,0.502826,0.00301958,-0.00965527,5.40199,
-0.0240872,0.45472,0.0103755,-0.694225,0.00306844,-0.0097164,5.4087,
-0.0244707,0.45472,-0.0820034,-0.534111,0.00306844,-0.00897556,5.41534,
-0.0240872,0.458938,0.0156922,0.398993,0.00306844,-0.00990171,5.4219,
-0.0240872,0.457404,-0.290697,-0.056226,0.00292188,-0.00953302,5.4286,
-0.0237037,0.458076,0.144179,0.0499174,0.00311729,-0.00996283,5.43521,
-0.0240872,0.45472,-0.0776691,-0.636854,0.00306844,-0.00897556,5.44184,
-0.0240872,0.458076,-0.111567,0.205609,0.00301958,-0.00965527,5.44843,
-0.0240872,0.457404,0.0421646,0.726912,0.00311729,-0.00903668,5.45514,
-0.0240872,0.458076,-0.246216,0.144875,0.00297073,-0.00977945,5.46175,
-0.0240872,0.45472,0.00141922,-1.0305,0.00306844,-0.0097164,5.46839,
-0.0244707,0.458076,-0.128115,0.0601729,0.00306844,-0.00990171,5.47501,
-0.0237037,0.45472,0.0325341,-1.30495,0.00301958,-0.00984058,5.48165,
-0.0237037,0.458938,0.0776588,0.309411,0.00301958,-0.00965527,5.48826,
-0.0244707,0.457404,-0.162117,-0.24395,0.00306844,-0.00990171,5.49491,
-0.0244707,0.458938,-0.210626,0.627563,0.00301958,-0.00984058,5.50154,
-0.0237037,0.457404,0.202417,-0.240081,0.00311729,-0.00996283,5.50821,
-0.0237037,0.458076,0.340674,0.120727,0.00316615,-0.00983866,5.51483,
-0.0240872,0.457404,-0.0256684,0.659364,0.00306844,-0.00863153,5.52142,
-0.0240872,0.457404,0.0325627,-0.357691,0.00306844,-0.0101398,5.52811,
-0.0240872,0.458076,0.0194114,0.148874,0.00306844,-0.00990171,5.53474,
-0.0237037,0.458938,-0.0300956,0.337996,0.00297073,-0.0100175,5.54134,
-0.0244707,0.458076,-0.0283297,0.801975,0.00311729,-0.00903668,5.54807,
-0.0237037,0.45472,0.21272,-1.25566,0.00311729,-0.00996283,5.55467,
-0.0240872,0.458076,0.0160258,0.200933,0.00306844,-0.0097164,5.56131,
-0.0244707,0.458076,-0.121533,0.670107,0.00306844,-0.00897556,5.56794,
-0.0240872,0.45472,0.0144847,-0.378934,0.00306844,-0.00897556,5.57461,
-0.0237037,0.458076,0.0794512,0.443982,0.00301958,-0.00984058,5.5812,
-0.0233202,0.458076,0.166568,0.077987,0.00301958,-0.00984058,5.58784,
-0.0240872,0.457404,-0.00585751,-0.0615289,0.00311729,-0.00977752,5.59446,
-0.0240872,0.458076,0.0649181,0.142574,0.00316615,-0.00983866,5.60112,
-0.0240872,0.457404,-0.0258991,0.423635,0.00306844,-0.00897556,5.60774,
-0.0240872,0.45472,-0.0922645,-0.843789,0.00301958,-0.00965527,5.61435,
-0.0237037,0.458076,0.152027,0.124217,0.00306844,-0.00990171,5.62099,
-0.0240872,0.458076,-0.01349,0.308115,0.00306844,-0.0097164,5.62767,
-0.0237037,0.458076,0.0790057,-0.225626,0.00301958,-0.0106874,5.63426,
-0.0240872,0.458076,0.00244097,0.297415,0.00306844,-0.0097164,5.64094,
-0.0240872,0.45472,-0.0994786,-1.02561,0.00301958,-0.00965527,5.64757,
-0.0244707,0.458076,-0.149481,0.52836,0.00306844,-0.0097164,5.65423,
-0.0244707,0.458938,-0.132747,0.529278,0.00306844,-0.0097164,5.66082,
-0.0248543,0.458076,-0.296387,0.0721075,0.00306844,-0.0101398,5.6675,
-0.0244707,0.458076,-0.194222,0.00225336,0.00306844,-0.00990171,5.67413,
-0.0244707,0.457404,-0.271425,0.751651,0.00301958,-0.00891443,5.68077,
-0.0237037,0.457404,0.0602359,-0.157617,0.00301958,-0.00965527,5.6874,
-0.0237037,0.458076,0.0659204,0.2511,0.00301958,-0.00965527,5.694,
-0.0240872,0.458076,-0.0205988,0.316668,0.00306844,-0.0097164,5.70068,
-0.0237037,0.457404,0.26371,-0.311698,0.00311729,-0.00996283,5.7073,
-0.0240872,0.458076,-0.00574739,0.00538622,0.00306844,-0.00990171,5.7139,
-0.0237037,0.457404,-0.000625193,-0.112209,0.00297073,-0.00977945,5.72053,
-0.0244707,0.458076,-0.246221,0.851599,0.00301958,-0.00891443,5.72719,
-0.0240872,0.458076,0.0016268,0.106814,0.00301958,-0.00984058,5.73382,
-0.0240872,0.457404,0.0772621,0.345141,0.00311729,-0.00977752,5.74046,
-0.0237037,0.458076,0.124364,0.625708,0.00306844,-0.0097164,5.74718,
-0.0240872,0.458076,-0.108922,0.0195534,0.00301958,-0.00984058,5.75383,
-0.0240872,0.45472,-0.0768684,-0.557394,0.00301958,-0.00891443,5.76046,
-0.0244707,0.458076,-0.20153,0.325561,0.00306844,-0.0097164,5.76712,
-0.0244707,0.458076,-0.161079,0.94337,0.00306844,-0.00897556,5.77377,
-0.0240872,0.458076,-0.0915457,0.0219193,0.00301958,-0.0100787,5.7804,
-0.0240872,0.458938,-0.0926944,0.500215,0.00301958,-0.00965527,5.78704,
-0.0237037,0.458076,-0.00166987,0.177697,0.00297073,-0.00959415,5.79367,
-0.0237037,0.45472,0.181754,-1.32185,0.00306844,-0.00990171,5.80031,
-0.0237037,0.45472,0.140485,-1.09125,0.00301958,-0.00965527,5.80692,
-0.0237037,0.458938,0.19713,0.525004,0.00311729,-0.00977752,5.81353,
-0.0237037,0.458938,0.143127,0.32461,0.00306844,-0.00990171,5.82021,
-0.0237037,0.457404,0.205654,-0.0834971,0.00311729,-0.00996283,5.82674,
-0.0240872,0.458938,0.0471884,0.207853,0.00311729,-0.00996283,5.83342,
-0.0237037,0.458076,0.0744382,0.192687,0.00301958,-0.00965527,5.84006,
-0.0237037,0.45472,0.197207,-0.530775,0.00311729,-0.00903668,5.84665,
-0.0244707,0.457404,-0.294905,0.462016,0.00301958,-0.00891443,5.85329,
-0.0237037,0.458076,0.0506192,0.34701,0.00301958,-0.00984058,5.85998,
-0.0237037,0.45472,0.145019,-1.1644,0.00311729,-0.00996283,5.86661,
-0.0240872,0.458076,-0.0608954,0.117019,0.00306844,-0.00990171,5.87324,
-0.0240872,0.457404,-0.0752559,0.879241,0.00301958,-0.00891443,5.87993,
-0.0244707,0.457404,-0.149299,-0.0612175,0.00311729,-0.00977752,5.88652,
-0.0244707,0.458076,-0.189062,0.25928,0.00301958,-0.00984058,5.8932,
-0.0233202,0.457404,0.268401,-0.247957,0.00306844,-0.00990171,5.89988,
-0.0240872,0.45472,-0.0907786,-1.25318,0.00301958,-0.00984058,5.90651,
-0.0237037,0.458076,0.0619778,0.145496,0.00301958,-0.00984058,5.91317,
-0.0237037,0.45472,0.139084,-1.36159,0.00306844,-0.0101398,5.91981,
-0.0237037,0.458076,0.159484,0.432268,0.00306844,-0.0097164,5.92639,
-0.0233202,0.458076,0.315901,0.239267,0.00306844,-0.0097164,5.93306,
-0.0240872,0.45472,-0.195737,-1.24175,0.00297073,-0.00977945,5.93971,
-0.0237037,0.45472,0.0754946,-0.948777,0.00306844,-0.0097164,5.9463,
-0.0237037,0.458076,0.214527,0.221432,0.00311729,-0.00977752,5.95294,
-0.0237037,0.458938,0.0891146,0.234586,0.00306844,-0.0101398,5.95959,
-0.0244707,0.457404,-0.0520353,0.187203,0.00311729,-0.00996283,5.96615,
-0.0237037,0.458076,0.244722,0.659249,0.00311729,-0.00903668,5.97288,
-0.0240872,0.458076,0.0561143,0.198565,0.00311729,-0.00977752,5.97949,
-0.0240872,0.458076,-0.0431463,0.374102,0.00301958,-0.00965527,5.98613,
-0.0240872,0.457404,-0.0497248,-0.153844,0.00301958,-0.00965527,5.99271,
-0.0237037,0.457404,0.0896786,0.714928,0.00301958,-0.0085704,5.99936,
-0.0240872,0.453474,-0.00584419,-0.940323,0.00306844,-0.00897556,6.00598,
-0.0233202,0.457404,0.118752,0.191976,0.00297073,-0.00959415,6.01263,
-0.0244707,0.457404,-0.108828,-0.248753,0.00306844,-0.0101398,6.01926,
-0.0237037,0.45472,0.106016,-0.966004,0.00306844,-0.0097164,6.02591,
-0.0237037,0.457404,0.0877713,-0.152425,0.00301958,-0.00984058,6.03253,
-0.0240872,0.457404,0.0119468,-0.084862,0.00306844,-0.00990171,6.03916,
-0.0240872,0.45472,-0.236688,-1.23219,0.00297073,-0.00977945,6.04574,
-0.0240872,0.45472,0.0116789,-0.944947,0.00306844,-0.0097164,6.05245,
-0.0240872,0.457404,-0.186645,-0.125498,0.00297073,-0.00977945,6.0591,
-0.0244707,0.458076,-0.14305,-0.15126,0.00311729,-0.0102009,6.06574,
-0.0244707,0.457404,-0.144245,0.51326,0.00311729,-0.00903668,6.07239,
-0.0237037,0.457404,0.0780076,-0.127376,0.00306844,-0.00990171,6.079,
-0.0237037,0.458076,0.148309,-0.0332173,0.00306844,-0.0097164,6.08562,
-0.0237037,0.457404,0.123715,-0.0502187,0.00306844,-0.0097164,6.09228,
-0.0244707,0.458938,-0.353499,0.287024,0.00301958,-0.00984058,6.09886,
-0.0233202,0.458076,0.272569,0.163759,0.00306844,-0.0097164,6.10548,
-0.0240872,0.458076,-0.0420947,0.10734,0.00306844,-0.00990171,6.11215,
-0.0233202,0.458076,0.329114,0.243483,0.00306844,-0.0097164,6.11879,
-0.0240872,0.457404,-0.126459,-0.17481,0.00301958,-0.00984058,6.12541,
-0.0248543,0.458938,-0.397704,0.339275,0.00301958,-0.00984058,6.13209,
-0.0237037,0.457404,0.175391,-0.234199,0.00306844,-0.00990171,6.1387,
-0.0237037,0.458076,0.0585344,0.120711,0.00301958,-0.00984058,6.14534,
-0.0237037,0.457404,0.135154,-0.204263,0.00306844,-0.00990171,6.15201,
-0.0240872,0.458076,-0.0783476,0.328038,0.00301958,-0.00984058,6.15862,
-0.0237037,0.458076,0.157756,0.144537,0.00306844,-0.0097164,6.16525,
-0.0244707,0.45472,-0.251027,-1.19536,0.00306844,-0.00990171,6.1719,
-0.0240872,0.457404,-0.0399006,0.082292,0.00306844,-0.0097164,6.17851,
-0.0240872,0.458076,-0.140433,0.179242,0.00301958,-0.00965527,6.18515,
-0.0244707,0.458076,-0.287769,0.364059,0.00301958,-0.00965527,6.19178,
-0.0244707,0.458076,-0.165347,0.900285,0.00306844,-0.00897556,6.19847,
-0.0240872,0.453474,-0.0193212,-1.50593,0.00306844,-0.00990171,6.20505,
-0.0240872,0.458076,-0.101326,0.199606,0.00306844,-0.00990171,6.21168,
-0.0237037,0.458076,0.181981,0.745018,0.00306844,-0.00897556,6.21839,
-0.0240872,0.45472,0.0805954,-1.23915,0.00306844,-0.00990171,6.22501,
-0.0240872,0.45472,0.130274,-0.992015,0.00311729,-0.00977752,6.23165,
-0.0237037,0.457404,0.135086,-0.0603846,0.00306844,-0.0097164,6.23838,
-0.0240872,0.458076,-0.0867455,0.462635,0.00301958,-0.00965527,6.24495,
-0.0237037,0.45472,0.0430584,-0.256848,0.00301958,-0.00891443,6.25169,
-0.0233202,0.458076,0.284754,0.16742,0.00306844,-0.00990171,6.25823,
-0.0240872,0.457404,-0.0185463,0.211312,0.00306844,-0.0097164,6.26494,
-0.0237037,0.45472,0.118439,-1.17791,0.00306844,-0.00990171,6.27151,
-0.0237037,0.457404,0.0123873,-0.00842775,0.00301958,-0.00965527,6.27813,
-0.0244707,0.45472,-0.11286,-0.814664,0.00306844,-0.00990171,6.28473,
-0.0237037,0.457404,0.297347,0.548271,0.00316615,-0.00909782,6.29136,
-0.0237037,0.458076,0.0505671,0.105373,0.00301958,-0.00984058,6.29801,
-0.0237037,0.45472,0.00992021,-1.16056,0.00301958,-0.00984058,6.30463,
-0.0240872,0.457404,-0.13681,-0.0613566,0.00301958,-0.00965527,6.31131,
-0.0248543,0.458076,-0.27909,0.157257,0.00311729,-0.00977752,6.31793,
-0.0240872,0.458076,-0.000944629,0.0207962,0.00311729,-0.00996283,6.32454,
-0.0237037,0.45472,0.0821934,-1.16699,0.00306844,-0.00990171,6.33118,
-0.0244707,0.458076,-0.111885,0.779377,0.00311729,-0.00903668,6.33779,
-0.0237037,0.457404,0.0623377,-0.0252095,0.00301958,-0.00965527,6.34445,
-0.0237037,0.458076,0.189088,0.0723737,0.00311729,-0.00996283,6.35115,
-0.0237037,0.457404,0.0695859,-0.252516,0.00301958,-0.00984058,6.35774,
-0.0240872,0.457404,-0.249433,-0.241342,0.00297073,-0.00977945,6.36438,
-0.0237037,0.458076,-0.000359014,0.597634,0.00297073,-0.00885331,6.37115,
-0.0244707,0.457404,-0.191756,-0.0704093,0.00306844,-0.0097164,6.37767,
-0.0240872,0.458076,0.00509514,0.12931,0.00311729,-0.00977752,6.3844,
-0.0244707,0.458076,-0.219344,-0.000606209,0.00301958,-0.0100787,6.39099,
-0.0237037,0.458076,0.210007,0.142168,0.00311729,-0.00977752,6.39765,
-0.0240872,0.457404,-0.139559,-0.154984,0.00301958,-0.00984058,6.40422,
-0.0233202,0.457404,0.26534,0.0136326,0.00311729,-0.00996283,6.41093,
-0.0248543,0.45472,-0.366747,-1.42846,0.00301958,-0.0100787,6.4175,
-0.0237037,0.457404,0.100528,0.545308,0.00301958,-0.00891443,6.42424,
-0.0244707,0.457404,-0.188819,-0.367364,0.00301958,-0.00984058,6.43073,
-0.0240872,0.458938,0.000544459,0.395075,0.00301958,-0.00984058,6.43746,
-0.0240872,0.457404,-0.00919396,-0.024275,0.00306844,-0.0097164,6.44401,
-0.0244707,0.458076,-0.0734736,0.635016,0.00311729,-0.00977752,6.45074,
-0.0240872,0.457404,-0.0114722,0.340597,0.00306844,-0.00897556,6.45728,
-0.0244707,0.457404,-0.134202,0.266634,0.00301958,-0.00891443,6.46398,
-0.0237037,0.457404,0.187854,-0.200216,0.00306844,-0.00990171,6.47055,
-0.0240872,0.453474,0.0247986,-1.69461,0.00306844,-0.00990171,6.47734,
-0.0244707,0.457404,-0.141591,0.0894898,0.00306844,-0.0097164,6.48397,
-0.0237037,0.457404,0.0964507,0.371361,0.00301958,-0.00965527,6.49059,
-0.0240872,0.45472,-0.0511974,-0.812466,0.00301958,-0.00984058,6.49724,
-0.0237037,0.457404,0.145568,-0.114724,0.00306844,-0.0097164,6.50385,
-0.0233202,0.457404,0.150922,-0.214569,0.00301958,-0.00984058,6.51048,
-0.0240872,0.45472,-0.0970882,-0.580472,0.00301958,-0.00891443,6.51711,
-0.0248543,0.45472,-0.351024,-1.05866,0.00301958,-0.00965527,6.52375,
-0.0237037,0.457404,0.015879,0.0779372,0.00297073,-0.00959415,6.5304,
-0.0244707,0.458076,-0.161709,0.212486,0.00306844,-0.0097164,6.53702,
-0.0233202,0.457404,0.169687,0.114039,0.00301958,-0.00965527,6.54373,
-0.0240872,0.458076,-0.0130218,0.166935,0.00306844,-0.00990171,6.55029,
-0.0240872,0.457404,-0.0368194,0.515981,0.00306844,-0.00863153,6.55706,
-0.0237037,0.458938,0.054297,0.428298,0.00297073,-0.00977945,6.56363,
-0.0240872,0.457404,-0.0350633,-0.262475,0.00306844,-0.00990171,6.57029,
-0.0240872,0.458076,-0.0756637,0.452088,0.00306844,-0.00990171,6.57697,
-0.0240872,0.458076,0.0525251,0.382843,0.00306844,-0.00990171,6.58361,
-0.0240872,0.458076,-0.0143306,0.108206,0.00306844,-0.00990171,6.59025,
-0.0240872,0.453474,-0.0546003,-1.66931,0.00306844,-0.00990171,6.59683,
-0.0244707,0.453474,-0.233635,-1.56616,0.00301958,-0.00965527,6.60352,
-0.0237037,0.458076,0.174877,0.299171,0.00306844,-0.0097164,6.61015,
-0.0237037,0.458076,0.104551,0.0922064,0.00306844,-0.00990171,6.61678,
-0.0240872,0.45472,-0.104835,-1.11452,0.00297073,-0.00959415,6.62343,
-0.0237037,0.457404,0.263851,0.171737,0.00311729,-0.00996283,6.63006,
